scope,field,locale,source,owner,approval,version_sha256,reviewed_source_sha,notes
"CMS Home","metaTitle","en","messages/en.json:Home.metaTitle","WTIA content owner","EXISTING_SHIPPED_COPY_OWNER_RECONFIRMATION_PENDING","e805240c99b65951a779876ad921086b6b6a1bd49df5cd71b84bb30c5b270247","73272cc69ebc72bc8c552bb940b4a3eb6590c783","Existing fallback retained; engineering/browser acceptance does not approve this copy; database override version is separately audited by publication CAS/history"
"CMS Home","metaTitle","zh-HK","messages/zh-HK.json:Home.metaTitle","WTIA content owner","EXISTING_SHIPPED_COPY_OWNER_RECONFIRMATION_PENDING","e805240c99b65951a779876ad921086b6b6a1bd49df5cd71b84bb30c5b270247","73272cc69ebc72bc8c552bb940b4a3eb6590c783","Existing fallback retained; engineering/browser acceptance does not approve this copy; database override version is separately audited by publication CAS/history"
"CMS Home","metaDescription","en","messages/en.json:Home.metaDescription","WTIA content owner","EXISTING_SHIPPED_COPY_OWNER_RECONFIRMATION_PENDING","e13b94dadc9f2bcd7448bdffa1e9496fbd4a08536ba981a81ff9094b46770dfc","73272cc69ebc72bc8c552bb940b4a3eb6590c783","Existing fallback retained; engineering/browser acceptance does not approve this copy; database override version is separately audited by publication CAS/history"
"CMS Home","metaDescription","zh-HK","messages/zh-HK.json:Home.metaDescription","WTIA content owner","EXISTING_SHIPPED_COPY_OWNER_RECONFIRMATION_PENDING","b2977ce1e91e2a05989fca6da616921340f05f5f4eb4f3d79e37f95bd950bd22","73272cc69ebc72bc8c552bb940b4a3eb6590c783","Existing fallback retained; engineering/browser acceptance does not approve this copy; database override version is separately audited by publication CAS/history"
"CMS Home","hero.eyebrow","en","messages/en.json:Home.hero.eyebrow","WTIA content owner","EXISTING_SHIPPED_COPY_OWNER_RECONFIRMATION_PENDING","e805240c99b65951a779876ad921086b6b6a1bd49df5cd71b84bb30c5b270247","73272cc69ebc72bc8c552bb940b4a3eb6590c783","Existing fallback retained; engineering/browser acceptance does not approve this copy; database override version is separately audited by publication CAS/history"
"CMS Home","hero.eyebrow","zh-HK","messages/zh-HK.json:Home.hero.eyebrow","WTIA content owner","EXISTING_SHIPPED_COPY_OWNER_RECONFIRMATION_PENDING","e805240c99b65951a779876ad921086b6b6a1bd49df5cd71b84bb30c5b270247","73272cc69ebc72bc8c552bb940b4a3eb6590c783","Existing fallback retained; engineering/browser acceptance does not approve this copy; database override version is separately audited by publication CAS/history"
"CMS Home","hero.title","en","messages/en.json:Home.hero.title","WTIA content owner","EXISTING_SHIPPED_COPY_OWNER_RECONFIRMATION_PENDING","979188fa7415f6b297ff04603494ea3a9b8625858a83d70d7c6bc95fc90a5888","73272cc69ebc72bc8c552bb940b4a3eb6590c783","Existing fallback retained; engineering/browser acceptance does not approve this copy; database override version is separately audited by publication CAS/history"
"CMS Home","hero.title","zh-HK","messages/zh-HK.json:Home.hero.title","WTIA content owner","EXISTING_SHIPPED_COPY_OWNER_RECONFIRMATION_PENDING","6a5cd23b0ad89ed0e5366bd97dc877e3defaf8d368aa16c188ce30ee6ba1de28","73272cc69ebc72bc8c552bb940b4a3eb6590c783","Existing fallback retained; engineering/browser acceptance does not approve this copy; database override version is separately audited by publication CAS/history"
"CMS Home","hero.lead","en","messages/en.json:Home.hero.lead","WTIA content owner","EXISTING_SHIPPED_COPY_OWNER_RECONFIRMATION_PENDING","791e9954a57f48f6806a786880dc0778f3f2559e2b19d1c30449eaf48a3e6696","73272cc69ebc72bc8c552bb940b4a3eb6590c783","Existing fallback retained; engineering/browser acceptance does not approve this copy; database override version is separately audited by publication CAS/history"
"CMS Home","hero.lead","zh-HK","messages/zh-HK.json:Home.hero.lead","WTIA content owner","EXISTING_SHIPPED_COPY_OWNER_RECONFIRMATION_PENDING","5cdf403baef4b69f190a85797d6d955febdf69bd137bc9cf22104f60b7d548b6","73272cc69ebc72bc8c552bb940b4a3eb6590c783","Existing fallback retained; engineering/browser acceptance does not approve this copy; database override version is separately audited by publication CAS/history"
"CMS Home","hero.imageAlt","en","messages/en.json:Home.hero.imageAlt","WTIA content owner","EXISTING_SHIPPED_COPY_OWNER_RECONFIRMATION_PENDING","32bac1e19443c95587141daf87ce4252e51f40d0cd78950d2d982f15c2fc6476","73272cc69ebc72bc8c552bb940b4a3eb6590c783","Existing fallback retained; engineering/browser acceptance does not approve this copy; database override version is separately audited by publication CAS/history"
"CMS Home","hero.imageAlt","zh-HK","messages/zh-HK.json:Home.hero.imageAlt","WTIA content owner","EXISTING_SHIPPED_COPY_OWNER_RECONFIRMATION_PENDING","42bb342dccf0b51e84edf79aa9f06dd5a9df3114eab673b35695d65be075e97e","73272cc69ebc72bc8c552bb940b4a3eb6590c783","Existing fallback retained; engineering/browser acceptance does not approve this copy; database override version is separately audited by publication CAS/history"
"CMS Home","hero.actions.findEvent","en","messages/en.json:Home.hero.actions.findEvent","WTIA content owner","EXISTING_SHIPPED_COPY_OWNER_RECONFIRMATION_PENDING","45c08251c3b6d88a5bd1e99a1a1b88385aa86158c6700f2a9644f90f6e36cc33","73272cc69ebc72bc8c552bb940b4a3eb6590c783","Existing fallback retained; engineering/browser acceptance does not approve this copy; database override version is separately audited by publication CAS/history"
"CMS Home","hero.actions.findEvent","zh-HK","messages/zh-HK.json:Home.hero.actions.findEvent","WTIA content owner","EXISTING_SHIPPED_COPY_OWNER_RECONFIRMATION_PENDING","8911ed75abc8a93e416ae78a72667f669839588a822434bf7729cd562b6c6783","73272cc69ebc72bc8c552bb940b4a3eb6590c783","Existing fallback retained; engineering/browser acceptance does not approve this copy; database override version is separately audited by publication CAS/history"
"CMS Home","hero.actions.join","en","messages/en.json:Home.hero.actions.join","WTIA content owner","EXISTING_SHIPPED_COPY_OWNER_RECONFIRMATION_PENDING","138acec532437a6c365aa8086c46867d887cc47937789285b755eb72fe2ea2d7","73272cc69ebc72bc8c552bb940b4a3eb6590c783","Existing fallback retained; engineering/browser acceptance does not approve this copy; database override version is separately audited by publication CAS/history"
"CMS Home","hero.actions.join","zh-HK","messages/zh-HK.json:Home.hero.actions.join","WTIA content owner","EXISTING_SHIPPED_COPY_OWNER_RECONFIRMATION_PENDING","0629390bf204ef432c3d85074bbfe5530422a0474e3f2ec94a3fc1b018fdcd2a","73272cc69ebc72bc8c552bb940b4a3eb6590c783","Existing fallback retained; engineering/browser acceptance does not approve this copy; database override version is separately audited by publication CAS/history"
"CMS Home","hero.actions.members","en","messages/en.json:Home.hero.actions.members","WTIA content owner","EXISTING_SHIPPED_COPY_OWNER_RECONFIRMATION_PENDING","4f13a28fda7aeecbee8b5c172db51b8e6faef1e9e770b880ffdc1ad82d66ecdc","73272cc69ebc72bc8c552bb940b4a3eb6590c783","Existing fallback retained; engineering/browser acceptance does not approve this copy; database override version is separately audited by publication CAS/history"
"CMS Home","hero.actions.members","zh-HK","messages/zh-HK.json:Home.hero.actions.members","WTIA content owner","EXISTING_SHIPPED_COPY_OWNER_RECONFIRMATION_PENDING","db4d42aad69e1cd07011b0e156e61cc3fb127eeb892ccb27957b610504c37fe9","73272cc69ebc72bc8c552bb940b4a3eb6590c783","Existing fallback retained; engineering/browser acceptance does not approve this copy; database override version is separately audited by publication CAS/history"
"CMS Home","hero.note","en","messages/en.json:Home.hero.note","WTIA content owner","EXISTING_SHIPPED_COPY_OWNER_RECONFIRMATION_PENDING","78b23abae4032cbf83d084a3be37807b05ed564e409ad948c256f0b4937df8d7","73272cc69ebc72bc8c552bb940b4a3eb6590c783","Existing fallback retained; engineering/browser acceptance does not approve this copy; database override version is separately audited by publication CAS/history"
"CMS Home","hero.note","zh-HK","messages/zh-HK.json:Home.hero.note","WTIA content owner","EXISTING_SHIPPED_COPY_OWNER_RECONFIRMATION_PENDING","56db8a7be1f9cda877c2d60892362737eeb3ccb8d200ca39d8d2fb4928efde4c","73272cc69ebc72bc8c552bb940b4a3eb6590c783","Existing fallback retained; engineering/browser acceptance does not approve this copy; database override version is separately audited by publication CAS/history"
"CMS Home","hero.discover","en","messages/en.json:Home.hero.discover","WTIA content owner","EXISTING_SHIPPED_COPY_OWNER_RECONFIRMATION_PENDING","19d2c108e3abb665023b50a237a892d7bc627ddda0bc2227952a6462880b4ec7","73272cc69ebc72bc8c552bb940b4a3eb6590c783","Existing fallback retained; engineering/browser acceptance does not approve this copy; database override version is separately audited by publication CAS/history"
"CMS Home","hero.discover","zh-HK","messages/zh-HK.json:Home.hero.discover","WTIA content owner","EXISTING_SHIPPED_COPY_OWNER_RECONFIRMATION_PENDING","c053f1044235dcd84b80088a98fcb4506ac116662e75de6f31074e8e5c9fb0eb","73272cc69ebc72bc8c552bb940b4a3eb6590c783","Existing fallback retained; engineering/browser acceptance does not approve this copy; database override version is separately audited by publication CAS/history"
"CMS Home","openNow.eyebrow","en","messages/en.json:Home.openNow.eyebrow","WTIA content owner","EXISTING_SHIPPED_COPY_OWNER_RECONFIRMATION_PENDING","26d13bf3e090583abac075f7150a97acbb7caf4acb734216054d9006e29989d5","73272cc69ebc72bc8c552bb940b4a3eb6590c783","Existing fallback retained; engineering/browser acceptance does not approve this copy; database override version is separately audited by publication CAS/history"
"CMS Home","openNow.eyebrow","zh-HK","messages/zh-HK.json:Home.openNow.eyebrow","WTIA content owner","EXISTING_SHIPPED_COPY_OWNER_RECONFIRMATION_PENDING","2edd90a43d800823858a37ad25966dc287c4c5a92fb3a6cc60568634d2601528","73272cc69ebc72bc8c552bb940b4a3eb6590c783","Existing fallback retained; engineering/browser acceptance does not approve this copy; database override version is separately audited by publication CAS/history"
"CMS Home","openNow.title","en","messages/en.json:Home.openNow.title","WTIA content owner","EXISTING_SHIPPED_COPY_OWNER_RECONFIRMATION_PENDING","ae0cfee8cc10e0560b8102c2db4f2db7f05fc06b7494117d07f96dd8e441b979","73272cc69ebc72bc8c552bb940b4a3eb6590c783","Existing fallback retained; engineering/browser acceptance does not approve this copy; database override version is separately audited by publication CAS/history"
"CMS Home","openNow.title","zh-HK","messages/zh-HK.json:Home.openNow.title","WTIA content owner","EXISTING_SHIPPED_COPY_OWNER_RECONFIRMATION_PENDING","967f6289a6a76041e058edf9ffc50baaf634a52af260a4caed227cd7542997ca","73272cc69ebc72bc8c552bb940b4a3eb6590c783","Existing fallback retained; engineering/browser acceptance does not approve this copy; database override version is separately audited by publication CAS/history"
"CMS Home","openNow.intro","en","messages/en.json:Home.openNow.intro","WTIA content owner","EXISTING_SHIPPED_COPY_OWNER_RECONFIRMATION_PENDING","d32c27346045b6c2ccc456011f50f37eacef0937481d7586a56d52439e6186fb","73272cc69ebc72bc8c552bb940b4a3eb6590c783","Existing fallback retained; engineering/browser acceptance does not approve this copy; database override version is separately audited by publication CAS/history"
"CMS Home","openNow.intro","zh-HK","messages/zh-HK.json:Home.openNow.intro","WTIA content owner","EXISTING_SHIPPED_COPY_OWNER_RECONFIRMATION_PENDING","2e440aaec6d6c9f3494e8f0c180a46b038d538412cdd2e62e8ed39bc00587805","73272cc69ebc72bc8c552bb940b4a3eb6590c783","Existing fallback retained; engineering/browser acceptance does not approve this copy; database override version is separately audited by publication CAS/history"
"CMS Home","openNow.statusLabel","en","messages/en.json:Home.openNow.statusLabel","WTIA content owner","EXISTING_SHIPPED_COPY_OWNER_RECONFIRMATION_PENDING","d424478381e1937df00e22f238a497b411ef8a4d27b6a7071009fd3d65acf9cd","73272cc69ebc72bc8c552bb940b4a3eb6590c783","Existing fallback retained; engineering/browser acceptance does not approve this copy; database override version is separately audited by publication CAS/history"
"CMS Home","openNow.statusLabel","zh-HK","messages/zh-HK.json:Home.openNow.statusLabel","WTIA content owner","EXISTING_SHIPPED_COPY_OWNER_RECONFIRMATION_PENDING","f29c6af964b28af518a4e6ffca83bcf7a3b4ed1e46301f2c2cb61973217ac1c3","73272cc69ebc72bc8c552bb940b4a3eb6590c783","Existing fallback retained; engineering/browser acceptance does not approve this copy; database override version is separately audited by publication CAS/history"
"CMS Home","openNow.empty.title","en","messages/en.json:Home.openNow.empty.title","WTIA content owner","EXISTING_SHIPPED_COPY_OWNER_RECONFIRMATION_PENDING","299ae0903f0b6a9e8ab5bec44bb9ebaeaefdc4c334cb1a29e1a503c667f36bd4","73272cc69ebc72bc8c552bb940b4a3eb6590c783","Existing fallback retained; engineering/browser acceptance does not approve this copy; database override version is separately audited by publication CAS/history"
"CMS Home","openNow.empty.title","zh-HK","messages/zh-HK.json:Home.openNow.empty.title","WTIA content owner","EXISTING_SHIPPED_COPY_OWNER_RECONFIRMATION_PENDING","7cf51b9917625af6990cd3e957377204ebfe55207110fdcbe427c0bfdb8636b6","73272cc69ebc72bc8c552bb940b4a3eb6590c783","Existing fallback retained; engineering/browser acceptance does not approve this copy; database override version is separately audited by publication CAS/history"
"CMS Home","openNow.empty.copy","en","messages/en.json:Home.openNow.empty.copy","WTIA content owner","EXISTING_SHIPPED_COPY_OWNER_RECONFIRMATION_PENDING","9f895ee2d57174b3e2171a21d86c9a6d2922bf981ec8be389ffd6c1e5ca9b224","73272cc69ebc72bc8c552bb940b4a3eb6590c783","Existing fallback retained; engineering/browser acceptance does not approve this copy; database override version is separately audited by publication CAS/history"
"CMS Home","openNow.empty.copy","zh-HK","messages/zh-HK.json:Home.openNow.empty.copy","WTIA content owner","EXISTING_SHIPPED_COPY_OWNER_RECONFIRMATION_PENDING","6a37ec4f6bc504165c9b1595e255e10bc3844af0e8b8a76e4cb350efe5cbde6f","73272cc69ebc72bc8c552bb940b4a3eb6590c783","Existing fallback retained; engineering/browser acceptance does not approve this copy; database override version is separately audited by publication CAS/history"
"CMS Home","openNow.updatesAction","en","messages/en.json:Home.openNow.updatesAction","WTIA content owner","EXISTING_SHIPPED_COPY_OWNER_RECONFIRMATION_PENDING","f9457debede5dbd6a98e05466e70b3c7bad2777c289bb132cec20a099f715df1","73272cc69ebc72bc8c552bb940b4a3eb6590c783","Existing fallback retained; engineering/browser acceptance does not approve this copy; database override version is separately audited by publication CAS/history"
"CMS Home","openNow.updatesAction","zh-HK","messages/zh-HK.json:Home.openNow.updatesAction","WTIA content owner","EXISTING_SHIPPED_COPY_OWNER_RECONFIRMATION_PENDING","bf7d5e054d4c7c040a4b693d3438be5015d0b1b7ac000221507a60717a90c988","73272cc69ebc72bc8c552bb940b4a3eb6590c783","Existing fallback retained; engineering/browser acceptance does not approve this copy; database override version is separately audited by publication CAS/history"
"CMS Home","openNow.challengeAction","en","messages/en.json:Home.openNow.challengeAction","WTIA content owner","EXISTING_SHIPPED_COPY_OWNER_RECONFIRMATION_PENDING","88c057b8a50f5ec6d33f34249a1a0e88ce2c63f2dfa1d586a3dc2dbebe48f901","73272cc69ebc72bc8c552bb940b4a3eb6590c783","Existing fallback retained; engineering/browser acceptance does not approve this copy; database override version is separately audited by publication CAS/history"
"CMS Home","openNow.challengeAction","zh-HK","messages/zh-HK.json:Home.openNow.challengeAction","WTIA content owner","EXISTING_SHIPPED_COPY_OWNER_RECONFIRMATION_PENDING","7394303335af849e31c38c4385993ab7bfcbb6a82a15f2b3cf5975c03d5e4b51","73272cc69ebc72bc8c552bb940b4a3eb6590c783","Existing fallback retained; engineering/browser acceptance does not approve this copy; database override version is separately audited by publication CAS/history"
"CMS Home","pathways.eyebrow","en","messages/en.json:Home.pathways.eyebrow","WTIA content owner","EXISTING_SHIPPED_COPY_OWNER_RECONFIRMATION_PENDING","ffc273df4658d05e8df3a56feda0a022438d279e04b21d1250f10b933e382913","73272cc69ebc72bc8c552bb940b4a3eb6590c783","Existing fallback retained; engineering/browser acceptance does not approve this copy; database override version is separately audited by publication CAS/history"
"CMS Home","pathways.eyebrow","zh-HK","messages/zh-HK.json:Home.pathways.eyebrow","WTIA content owner","EXISTING_SHIPPED_COPY_OWNER_RECONFIRMATION_PENDING","e930169ee169ad618b66fef2d0d0c102ee4c1b3fe3f639000676ae214fb3b6ac","73272cc69ebc72bc8c552bb940b4a3eb6590c783","Existing fallback retained; engineering/browser acceptance does not approve this copy; database override version is separately audited by publication CAS/history"
"CMS Home","pathways.title","en","messages/en.json:Home.pathways.title","WTIA content owner","EXISTING_SHIPPED_COPY_OWNER_RECONFIRMATION_PENDING","b8ed7aa8b2c9ca2f90638905993462650822ac14d183c1f9f915a6c170fb3715","73272cc69ebc72bc8c552bb940b4a3eb6590c783","Existing fallback retained; engineering/browser acceptance does not approve this copy; database override version is separately audited by publication CAS/history"
"CMS Home","pathways.title","zh-HK","messages/zh-HK.json:Home.pathways.title","WTIA content owner","EXISTING_SHIPPED_COPY_OWNER_RECONFIRMATION_PENDING","078649c7cee2ea040fe0cd14d3d290a29f841815736ad45cde1846893dc34672","73272cc69ebc72bc8c552bb940b4a3eb6590c783","Existing fallback retained; engineering/browser acceptance does not approve this copy; database override version is separately audited by publication CAS/history"
"CMS Home","pathways.intro","en","messages/en.json:Home.pathways.intro","WTIA content owner","EXISTING_SHIPPED_COPY_OWNER_RECONFIRMATION_PENDING","6aad508b59bc449c3ac011fe7ce868a9a963637fcf6fe3babc0fe9e0ab063c52","73272cc69ebc72bc8c552bb940b4a3eb6590c783","Existing fallback retained; engineering/browser acceptance does not approve this copy; database override version is separately audited by publication CAS/history"
"CMS Home","pathways.intro","zh-HK","messages/zh-HK.json:Home.pathways.intro","WTIA content owner","EXISTING_SHIPPED_COPY_OWNER_RECONFIRMATION_PENDING","56070343ea27c9970e25b9a6353f7f2d6f2e3b778ad13f695c3bc09671c78506","73272cc69ebc72bc8c552bb940b4a3eb6590c783","Existing fallback retained; engineering/browser acceptance does not approve this copy; database override version is separately audited by publication CAS/history"
"CMS Home","pathways.items.corporates.title","en","messages/en.json:Home.pathways.items.corporates.title","WTIA content owner","EXISTING_SHIPPED_COPY_OWNER_RECONFIRMATION_PENDING","ee20b6ecd4099e8a253d551b4973815194821874f65882959c43a516b8c3cba5","73272cc69ebc72bc8c552bb940b4a3eb6590c783","Existing fallback retained; engineering/browser acceptance does not approve this copy; database override version is separately audited by publication CAS/history"
"CMS Home","pathways.items.corporates.title","zh-HK","messages/zh-HK.json:Home.pathways.items.corporates.title","WTIA content owner","EXISTING_SHIPPED_COPY_OWNER_RECONFIRMATION_PENDING","8e5d51237d4216f63f049a8a323d81da898999b40bbad428e369edf36f471412","73272cc69ebc72bc8c552bb940b4a3eb6590c783","Existing fallback retained; engineering/browser acceptance does not approve this copy; database override version is separately audited by publication CAS/history"
"CMS Home","pathways.items.corporates.copy","en","messages/en.json:Home.pathways.items.corporates.copy","WTIA content owner","EXISTING_SHIPPED_COPY_OWNER_RECONFIRMATION_PENDING","b2b2fb0ddfc074832aeeb97f5360a8f3a3e5b8adcb00744866c4cf0140311206","73272cc69ebc72bc8c552bb940b4a3eb6590c783","Existing fallback retained; engineering/browser acceptance does not approve this copy; database override version is separately audited by publication CAS/history"
"CMS Home","pathways.items.corporates.copy","zh-HK","messages/zh-HK.json:Home.pathways.items.corporates.copy","WTIA content owner","EXISTING_SHIPPED_COPY_OWNER_RECONFIRMATION_PENDING","7abc128d6d3b36fbfeb423ede250cb09347601be79525d02233fcf3b6ffa6868","73272cc69ebc72bc8c552bb940b4a3eb6590c783","Existing fallback retained; engineering/browser acceptance does not approve this copy; database override version is separately audited by publication CAS/history"
"CMS Home","pathways.items.corporates.benefits","en","messages/en.json:Home.pathways.items.corporates.benefits","WTIA content owner","EXISTING_SHIPPED_COPY_OWNER_RECONFIRMATION_PENDING","965e59e1897a6d47412d909e55e2d9c57f94130582303bc75f880471a4969f40","73272cc69ebc72bc8c552bb940b4a3eb6590c783","Existing fallback retained; engineering/browser acceptance does not approve this copy; database override version is separately audited by publication CAS/history"
"CMS Home","pathways.items.corporates.benefits","zh-HK","messages/zh-HK.json:Home.pathways.items.corporates.benefits","WTIA content owner","EXISTING_SHIPPED_COPY_OWNER_RECONFIRMATION_PENDING","48a789aa6f595474e7013a2c064ecca632babe4eeab4533a4951cc5406d14b8b","73272cc69ebc72bc8c552bb940b4a3eb6590c783","Existing fallback retained; engineering/browser acceptance does not approve this copy; database override version is separately audited by publication CAS/history"
"CMS Home","pathways.items.corporates.cta","en","messages/en.json:Home.pathways.items.corporates.cta","WTIA content owner","EXISTING_SHIPPED_COPY_OWNER_RECONFIRMATION_PENDING","58b13d18aec0a7c7d287608463c811f21db9eb8e8fd182db4e6abfd2405359f8","73272cc69ebc72bc8c552bb940b4a3eb6590c783","Existing fallback retained; engineering/browser acceptance does not approve this copy; database override version is separately audited by publication CAS/history"
"CMS Home","pathways.items.corporates.cta","zh-HK","messages/zh-HK.json:Home.pathways.items.corporates.cta","WTIA content owner","EXISTING_SHIPPED_COPY_OWNER_RECONFIRMATION_PENDING","b0cd1a694bfae4c5732c800a928bc78f7b679dff96b85e7e2c9f7aea7e96265f","73272cc69ebc72bc8c552bb940b4a3eb6590c783","Existing fallback retained; engineering/browser acceptance does not approve this copy; database override version is separately audited by publication CAS/history"
"CMS Home","pathways.items.smes.title","en","messages/en.json:Home.pathways.items.smes.title","WTIA content owner","EXISTING_SHIPPED_COPY_OWNER_RECONFIRMATION_PENDING","308015f5348206a83943a4589e4e89c27d19da720e51f732836d65d364461a7d","73272cc69ebc72bc8c552bb940b4a3eb6590c783","Existing fallback retained; engineering/browser acceptance does not approve this copy; database override version is separately audited by publication CAS/history"
"CMS Home","pathways.items.smes.title","zh-HK","messages/zh-HK.json:Home.pathways.items.smes.title","WTIA content owner","EXISTING_SHIPPED_COPY_OWNER_RECONFIRMATION_PENDING","e2ae1e50673c66511b4bf17ad2bb82127e669283b20e15fe19c1b3df0e45f717","73272cc69ebc72bc8c552bb940b4a3eb6590c783","Existing fallback retained; engineering/browser acceptance does not approve this copy; database override version is separately audited by publication CAS/history"
"CMS Home","pathways.items.smes.copy","en","messages/en.json:Home.pathways.items.smes.copy","WTIA content owner","EXISTING_SHIPPED_COPY_OWNER_RECONFIRMATION_PENDING","bc37d4148174482ed56bb2f91364aca121588f91082dc2bed449c7ff89c06fce","73272cc69ebc72bc8c552bb940b4a3eb6590c783","Existing fallback retained; engineering/browser acceptance does not approve this copy; database override version is separately audited by publication CAS/history"
"CMS Home","pathways.items.smes.copy","zh-HK","messages/zh-HK.json:Home.pathways.items.smes.copy","WTIA content owner","EXISTING_SHIPPED_COPY_OWNER_RECONFIRMATION_PENDING","0dc875e9e86134114bb4ca68913bd19c2385562bcd1680fd08020a9477ff606a","73272cc69ebc72bc8c552bb940b4a3eb6590c783","Existing fallback retained; engineering/browser acceptance does not approve this copy; database override version is separately audited by publication CAS/history"
"CMS Home","pathways.items.smes.benefits","en","messages/en.json:Home.pathways.items.smes.benefits","WTIA content owner","EXISTING_SHIPPED_COPY_OWNER_RECONFIRMATION_PENDING","6d9c1dfe5acb0f490e882d4283eeb878bb2af7b9da4b6e05d4987746977ec6b9","73272cc69ebc72bc8c552bb940b4a3eb6590c783","Existing fallback retained; engineering/browser acceptance does not approve this copy; database override version is separately audited by publication CAS/history"
"CMS Home","pathways.items.smes.benefits","zh-HK","messages/zh-HK.json:Home.pathways.items.smes.benefits","WTIA content owner","EXISTING_SHIPPED_COPY_OWNER_RECONFIRMATION_PENDING","32aa2a7ecc47a0d82b412f93ed6222cd09d1f7588b9b9104ebab31fffe71f259","73272cc69ebc72bc8c552bb940b4a3eb6590c783","Existing fallback retained; engineering/browser acceptance does not approve this copy; database override version is separately audited by publication CAS/history"
"CMS Home","pathways.items.smes.cta","en","messages/en.json:Home.pathways.items.smes.cta","WTIA content owner","EXISTING_SHIPPED_COPY_OWNER_RECONFIRMATION_PENDING","bf081001358ddc3c2b6fdf204f3c4f3a4ed86a08979c96fcd4e054253690ed4a","73272cc69ebc72bc8c552bb940b4a3eb6590c783","Existing fallback retained; engineering/browser acceptance does not approve this copy; database override version is separately audited by publication CAS/history"
"CMS Home","pathways.items.smes.cta","zh-HK","messages/zh-HK.json:Home.pathways.items.smes.cta","WTIA content owner","EXISTING_SHIPPED_COPY_OWNER_RECONFIRMATION_PENDING","a94187c0c3f3a8b6dba27c2c2ba6c022bd5e34f6803fde857af9d5b6fb01e0b1","73272cc69ebc72bc8c552bb940b4a3eb6590c783","Existing fallback retained; engineering/browser acceptance does not approve this copy; database override version is separately audited by publication CAS/history"
"CMS Home","pathways.items.startups.title","en","messages/en.json:Home.pathways.items.startups.title","WTIA content owner","EXISTING_SHIPPED_COPY_OWNER_RECONFIRMATION_PENDING","7e7a6c45f0c14d65062fdcf233a6d2a860a178e941c89cf1534f867ad4755237","73272cc69ebc72bc8c552bb940b4a3eb6590c783","Existing fallback retained; engineering/browser acceptance does not approve this copy; database override version is separately audited by publication CAS/history"
"CMS Home","pathways.items.startups.title","zh-HK","messages/zh-HK.json:Home.pathways.items.startups.title","WTIA content owner","EXISTING_SHIPPED_COPY_OWNER_RECONFIRMATION_PENDING","46b1e6c05be0f9a6f04886d40dd3440abd59ac567eefc47f68abb7cec8292c5a","73272cc69ebc72bc8c552bb940b4a3eb6590c783","Existing fallback retained; engineering/browser acceptance does not approve this copy; database override version is separately audited by publication CAS/history"
"CMS Home","pathways.items.startups.copy","en","messages/en.json:Home.pathways.items.startups.copy","WTIA content owner","EXISTING_SHIPPED_COPY_OWNER_RECONFIRMATION_PENDING","89f0028560d624d96e9921eb5b72b9e7006f7c6c8cd0b7685ea29d052fd012ae","73272cc69ebc72bc8c552bb940b4a3eb6590c783","Existing fallback retained; engineering/browser acceptance does not approve this copy; database override version is separately audited by publication CAS/history"
"CMS Home","pathways.items.startups.copy","zh-HK","messages/zh-HK.json:Home.pathways.items.startups.copy","WTIA content owner","EXISTING_SHIPPED_COPY_OWNER_RECONFIRMATION_PENDING","49c53a515e11406d20783c7305d6d3d932fd45298813ead28b4dd28b2606ce6f","73272cc69ebc72bc8c552bb940b4a3eb6590c783","Existing fallback retained; engineering/browser acceptance does not approve this copy; database override version is separately audited by publication CAS/history"
"CMS Home","pathways.items.startups.benefits","en","messages/en.json:Home.pathways.items.startups.benefits","WTIA content owner","EXISTING_SHIPPED_COPY_OWNER_RECONFIRMATION_PENDING","c2bd3a7d46dfd55fad28fe6979a292bd275595cdc8694809ac4793435fc25f67","73272cc69ebc72bc8c552bb940b4a3eb6590c783","Existing fallback retained; engineering/browser acceptance does not approve this copy; database override version is separately audited by publication CAS/history"
"CMS Home","pathways.items.startups.benefits","zh-HK","messages/zh-HK.json:Home.pathways.items.startups.benefits","WTIA content owner","EXISTING_SHIPPED_COPY_OWNER_RECONFIRMATION_PENDING","8a95de4963226b6593c4696db0217cbfdafdd82504df03a27b376965ee3e3f17","73272cc69ebc72bc8c552bb940b4a3eb6590c783","Existing fallback retained; engineering/browser acceptance does not approve this copy; database override version is separately audited by publication CAS/history"
"CMS Home","pathways.items.startups.cta","en","messages/en.json:Home.pathways.items.startups.cta","WTIA content owner","EXISTING_SHIPPED_COPY_OWNER_RECONFIRMATION_PENDING","6ef25fece82be38551367c974b32bf553686783bab6b42ff5ebeee9b009aeacc","73272cc69ebc72bc8c552bb940b4a3eb6590c783","Existing fallback retained; engineering/browser acceptance does not approve this copy; database override version is separately audited by publication CAS/history"
"CMS Home","pathways.items.startups.cta","zh-HK","messages/zh-HK.json:Home.pathways.items.startups.cta","WTIA content owner","EXISTING_SHIPPED_COPY_OWNER_RECONFIRMATION_PENDING","f3a5aa2a403d9dccd37fb04381de056ef75257a99d62669e1efccb1eda68f5be","73272cc69ebc72bc8c552bb940b4a3eb6590c783","Existing fallback retained; engineering/browser acceptance does not approve this copy; database override version is separately audited by publication CAS/history"
"CMS Home","pathways.items.professionals.title","en","messages/en.json:Home.pathways.items.professionals.title","WTIA content owner","EXISTING_SHIPPED_COPY_OWNER_RECONFIRMATION_PENDING","c830ae0a1cd131bf2c902921de7a716126129eaf1de945ece1641af65fc07fcf","73272cc69ebc72bc8c552bb940b4a3eb6590c783","Existing fallback retained; engineering/browser acceptance does not approve this copy; database override version is separately audited by publication CAS/history"
"CMS Home","pathways.items.professionals.title","zh-HK","messages/zh-HK.json:Home.pathways.items.professionals.title","WTIA content owner","EXISTING_SHIPPED_COPY_OWNER_RECONFIRMATION_PENDING","82f9e1092f1a66aa49ae3c6806ddbb4b3531b00a0cf27d07fadedb25960378c7","73272cc69ebc72bc8c552bb940b4a3eb6590c783","Existing fallback retained; engineering/browser acceptance does not approve this copy; database override version is separately audited by publication CAS/history"
"CMS Home","pathways.items.professionals.copy","en","messages/en.json:Home.pathways.items.professionals.copy","WTIA content owner","EXISTING_SHIPPED_COPY_OWNER_RECONFIRMATION_PENDING","6cf20b6dd8e5c3284752b902790fa4f7141e31ad4f511c145985474a09952575","73272cc69ebc72bc8c552bb940b4a3eb6590c783","Existing fallback retained; engineering/browser acceptance does not approve this copy; database override version is separately audited by publication CAS/history"
"CMS Home","pathways.items.professionals.copy","zh-HK","messages/zh-HK.json:Home.pathways.items.professionals.copy","WTIA content owner","EXISTING_SHIPPED_COPY_OWNER_RECONFIRMATION_PENDING","416fe5b4da8247686fcb4de50bbe1cdea71412891dbc72bcf5b84c220bc81f9c","73272cc69ebc72bc8c552bb940b4a3eb6590c783","Existing fallback retained; engineering/browser acceptance does not approve this copy; database override version is separately audited by publication CAS/history"
"CMS Home","pathways.items.professionals.benefits","en","messages/en.json:Home.pathways.items.professionals.benefits","WTIA content owner","EXISTING_SHIPPED_COPY_OWNER_RECONFIRMATION_PENDING","7ed3de89dbbce29f89d9d12d14aa867b4ce8ddc8dacb6100bbb4faea175bfd90","73272cc69ebc72bc8c552bb940b4a3eb6590c783","Existing fallback retained; engineering/browser acceptance does not approve this copy; database override version is separately audited by publication CAS/history"
"CMS Home","pathways.items.professionals.benefits","zh-HK","messages/zh-HK.json:Home.pathways.items.professionals.benefits","WTIA content owner","EXISTING_SHIPPED_COPY_OWNER_RECONFIRMATION_PENDING","64d73be62d4e184d2bc7327b2647ad9091733aebeef14bfb8558503833a728e9","73272cc69ebc72bc8c552bb940b4a3eb6590c783","Existing fallback retained; engineering/browser acceptance does not approve this copy; database override version is separately audited by publication CAS/history"
"CMS Home","pathways.items.professionals.cta","en","messages/en.json:Home.pathways.items.professionals.cta","WTIA content owner","EXISTING_SHIPPED_COPY_OWNER_RECONFIRMATION_PENDING","58b13d18aec0a7c7d287608463c811f21db9eb8e8fd182db4e6abfd2405359f8","73272cc69ebc72bc8c552bb940b4a3eb6590c783","Existing fallback retained; engineering/browser acceptance does not approve this copy; database override version is separately audited by publication CAS/history"
"CMS Home","pathways.items.professionals.cta","zh-HK","messages/zh-HK.json:Home.pathways.items.professionals.cta","WTIA content owner","EXISTING_SHIPPED_COPY_OWNER_RECONFIRMATION_PENDING","b0cd1a694bfae4c5732c800a928bc78f7b679dff96b85e7e2c9f7aea7e96265f","73272cc69ebc72bc8c552bb940b4a3eb6590c783","Existing fallback retained; engineering/browser acceptance does not approve this copy; database override version is separately audited by publication CAS/history"
"CMS Home","pathways.items.gba.title","en","messages/en.json:Home.pathways.items.gba.title","WTIA content owner","EXISTING_SHIPPED_COPY_OWNER_RECONFIRMATION_PENDING","60646d3afa71c2f899c00e5d6f47a8b4f10fcb5e241b33e19684e279be061b08","73272cc69ebc72bc8c552bb940b4a3eb6590c783","Existing fallback retained; engineering/browser acceptance does not approve this copy; database override version is separately audited by publication CAS/history"
"CMS Home","pathways.items.gba.title","zh-HK","messages/zh-HK.json:Home.pathways.items.gba.title","WTIA content owner","EXISTING_SHIPPED_COPY_OWNER_RECONFIRMATION_PENDING","a0fbd8b59cee0744464d798cd323b4cf0adb3a62a44faa6d2839958a9226eba5","73272cc69ebc72bc8c552bb940b4a3eb6590c783","Existing fallback retained; engineering/browser acceptance does not approve this copy; database override version is separately audited by publication CAS/history"
"CMS Home","pathways.items.gba.copy","en","messages/en.json:Home.pathways.items.gba.copy","WTIA content owner","EXISTING_SHIPPED_COPY_OWNER_RECONFIRMATION_PENDING","0a06bc2dc4ed26bb51642022a83b58d10ca90076df2764a6490b8c2c4dbc922c","73272cc69ebc72bc8c552bb940b4a3eb6590c783","Existing fallback retained; engineering/browser acceptance does not approve this copy; database override version is separately audited by publication CAS/history"
"CMS Home","pathways.items.gba.copy","zh-HK","messages/zh-HK.json:Home.pathways.items.gba.copy","WTIA content owner","EXISTING_SHIPPED_COPY_OWNER_RECONFIRMATION_PENDING","c94bf5692a2aab140ad1d2bdde42446ec99d9eb03ebe8758a8180c308ba33fdf","73272cc69ebc72bc8c552bb940b4a3eb6590c783","Existing fallback retained; engineering/browser acceptance does not approve this copy; database override version is separately audited by publication CAS/history"
"CMS Home","pathways.items.gba.benefits","en","messages/en.json:Home.pathways.items.gba.benefits","WTIA content owner","EXISTING_SHIPPED_COPY_OWNER_RECONFIRMATION_PENDING","a22447cf8b46c33920f6257366f91fd3b0f25cb172cb6d906bcc64c7a650a07d","73272cc69ebc72bc8c552bb940b4a3eb6590c783","Existing fallback retained; engineering/browser acceptance does not approve this copy; database override version is separately audited by publication CAS/history"
"CMS Home","pathways.items.gba.benefits","zh-HK","messages/zh-HK.json:Home.pathways.items.gba.benefits","WTIA content owner","EXISTING_SHIPPED_COPY_OWNER_RECONFIRMATION_PENDING","461c5334ed948be7e9d0a0838392c120e041fd367c7724bc712806428cbde01d","73272cc69ebc72bc8c552bb940b4a3eb6590c783","Existing fallback retained; engineering/browser acceptance does not approve this copy; database override version is separately audited by publication CAS/history"
"CMS Home","pathways.items.gba.cta","en","messages/en.json:Home.pathways.items.gba.cta","WTIA content owner","EXISTING_SHIPPED_COPY_OWNER_RECONFIRMATION_PENDING","478c23700cd02a87d8b751ab1a81d390c3ddc97c2209564532004145ea6c6e61","73272cc69ebc72bc8c552bb940b4a3eb6590c783","Existing fallback retained; engineering/browser acceptance does not approve this copy; database override version is separately audited by publication CAS/history"
"CMS Home","pathways.items.gba.cta","zh-HK","messages/zh-HK.json:Home.pathways.items.gba.cta","WTIA content owner","EXISTING_SHIPPED_COPY_OWNER_RECONFIRMATION_PENDING","3c38e55296b89c112190bff1e11582e5a4b26d689dcf254b90adb58e27709e1c","73272cc69ebc72bc8c552bb940b4a3eb6590c783","Existing fallback retained; engineering/browser acceptance does not approve this copy; database override version is separately audited by publication CAS/history"
"CMS Home","eventsJourney.eyebrow","en","messages/en.json:Home.eventsJourney.eyebrow","WTIA content owner","EXISTING_SHIPPED_COPY_OWNER_RECONFIRMATION_PENDING","e9325817f088fc1d00b7dbaf5ea0851d80220f1f8a41c5b82e3b615e67f8cc47","73272cc69ebc72bc8c552bb940b4a3eb6590c783","Existing fallback retained; engineering/browser acceptance does not approve this copy; database override version is separately audited by publication CAS/history"
"CMS Home","eventsJourney.eyebrow","zh-HK","messages/zh-HK.json:Home.eventsJourney.eyebrow","WTIA content owner","EXISTING_SHIPPED_COPY_OWNER_RECONFIRMATION_PENDING","b0e244e833dfb25d0bf9bc3dce9b4663d6c35785e9f10876adc483e887b45f36","73272cc69ebc72bc8c552bb940b4a3eb6590c783","Existing fallback retained; engineering/browser acceptance does not approve this copy; database override version is separately audited by publication CAS/history"
"CMS Home","eventsJourney.title","en","messages/en.json:Home.eventsJourney.title","WTIA content owner","EXISTING_SHIPPED_COPY_OWNER_RECONFIRMATION_PENDING","3f60f6db2228dfcd6a50228347d775d32c973b878dff8cef1b9e1f254cb696ce","73272cc69ebc72bc8c552bb940b4a3eb6590c783","Existing fallback retained; engineering/browser acceptance does not approve this copy; database override version is separately audited by publication CAS/history"
"CMS Home","eventsJourney.title","zh-HK","messages/zh-HK.json:Home.eventsJourney.title","WTIA content owner","EXISTING_SHIPPED_COPY_OWNER_RECONFIRMATION_PENDING","1fd8f9e5492e07a5cd5017261bccb12815e5a7cb453f0cf395bd18d05689fc35","73272cc69ebc72bc8c552bb940b4a3eb6590c783","Existing fallback retained; engineering/browser acceptance does not approve this copy; database override version is separately audited by publication CAS/history"
"CMS Home","eventsJourney.intro","en","messages/en.json:Home.eventsJourney.intro","WTIA content owner","EXISTING_SHIPPED_COPY_OWNER_RECONFIRMATION_PENDING","573cd8ed087e7800dbe0bd2af693bcd2a9d676292f208330b8a0477d9145e1d1","73272cc69ebc72bc8c552bb940b4a3eb6590c783","Existing fallback retained; engineering/browser acceptance does not approve this copy; database override version is separately audited by publication CAS/history"
"CMS Home","eventsJourney.intro","zh-HK","messages/zh-HK.json:Home.eventsJourney.intro","WTIA content owner","EXISTING_SHIPPED_COPY_OWNER_RECONFIRMATION_PENDING","8069b66db792adeabdb728076ceb19e0cfd100fb700455f362125781fe752174","73272cc69ebc72bc8c552bb940b4a3eb6590c783","Existing fallback retained; engineering/browser acceptance does not approve this copy; database override version is separately audited by publication CAS/history"
"CMS Home","eventsJourney.stages.before.title","en","messages/en.json:Home.eventsJourney.stages.before.title","WTIA content owner","EXISTING_SHIPPED_COPY_OWNER_RECONFIRMATION_PENDING","e024857dfc737812011c645c3bc1e810283a413dce4b93fcd20d9fb5f869db37","73272cc69ebc72bc8c552bb940b4a3eb6590c783","Existing fallback retained; engineering/browser acceptance does not approve this copy; database override version is separately audited by publication CAS/history"
"CMS Home","eventsJourney.stages.before.title","zh-HK","messages/zh-HK.json:Home.eventsJourney.stages.before.title","WTIA content owner","EXISTING_SHIPPED_COPY_OWNER_RECONFIRMATION_PENDING","b890a2f4f6869dfacc3ee5aba7ba4299b258420ffa2c29b30ac68624f282237f","73272cc69ebc72bc8c552bb940b4a3eb6590c783","Existing fallback retained; engineering/browser acceptance does not approve this copy; database override version is separately audited by publication CAS/history"
"CMS Home","eventsJourney.stages.before.copy","en","messages/en.json:Home.eventsJourney.stages.before.copy","WTIA content owner","EXISTING_SHIPPED_COPY_OWNER_RECONFIRMATION_PENDING","050ebeda8df0f3dc4a701a6425c331a59ffb9b4a33097c05e0f58277b2394aba","73272cc69ebc72bc8c552bb940b4a3eb6590c783","Existing fallback retained; engineering/browser acceptance does not approve this copy; database override version is separately audited by publication CAS/history"
"CMS Home","eventsJourney.stages.before.copy","zh-HK","messages/zh-HK.json:Home.eventsJourney.stages.before.copy","WTIA content owner","EXISTING_SHIPPED_COPY_OWNER_RECONFIRMATION_PENDING","f7a4c91ada8581e8cafcf1a2391967fc23afbc4d93cffb204ddc9f45ad02d2e9","73272cc69ebc72bc8c552bb940b4a3eb6590c783","Existing fallback retained; engineering/browser acceptance does not approve this copy; database override version is separately audited by publication CAS/history"
"CMS Home","eventsJourney.stages.during.title","en","messages/en.json:Home.eventsJourney.stages.during.title","WTIA content owner","EXISTING_SHIPPED_COPY_OWNER_RECONFIRMATION_PENDING","71c6d587a523d7c58a2a3c680605daf9961b81d4b6ea80576e57f6e76424caa4","73272cc69ebc72bc8c552bb940b4a3eb6590c783","Existing fallback retained; engineering/browser acceptance does not approve this copy; database override version is separately audited by publication CAS/history"
"CMS Home","eventsJourney.stages.during.title","zh-HK","messages/zh-HK.json:Home.eventsJourney.stages.during.title","WTIA content owner","EXISTING_SHIPPED_COPY_OWNER_RECONFIRMATION_PENDING","58615e3a9f020a5c1f54e32a9ea4c4ad40acc7b1622df03b6d8aa5e06d1f2797","73272cc69ebc72bc8c552bb940b4a3eb6590c783","Existing fallback retained; engineering/browser acceptance does not approve this copy; database override version is separately audited by publication CAS/history"
"CMS Home","eventsJourney.stages.during.copy","en","messages/en.json:Home.eventsJourney.stages.during.copy","WTIA content owner","EXISTING_SHIPPED_COPY_OWNER_RECONFIRMATION_PENDING","fdbdd91f10466df008f297862ad643f552a75fb0f8f02b17863c58fc2c38149c","73272cc69ebc72bc8c552bb940b4a3eb6590c783","Existing fallback retained; engineering/browser acceptance does not approve this copy; database override version is separately audited by publication CAS/history"
"CMS Home","eventsJourney.stages.during.copy","zh-HK","messages/zh-HK.json:Home.eventsJourney.stages.during.copy","WTIA content owner","EXISTING_SHIPPED_COPY_OWNER_RECONFIRMATION_PENDING","101d4177a35e436383e20ad5d87572b47dddc1a131b3b298b255ec8549bc0d73","73272cc69ebc72bc8c552bb940b4a3eb6590c783","Existing fallback retained; engineering/browser acceptance does not approve this copy; database override version is separately audited by publication CAS/history"
"CMS Home","eventsJourney.stages.after.title","en","messages/en.json:Home.eventsJourney.stages.after.title","WTIA content owner","EXISTING_SHIPPED_COPY_OWNER_RECONFIRMATION_PENDING","06fa39cf6f25a44477f85715ad7ee9331f9960077f44bf2b09fc8189b983c074","73272cc69ebc72bc8c552bb940b4a3eb6590c783","Existing fallback retained; engineering/browser acceptance does not approve this copy; database override version is separately audited by publication CAS/history"
"CMS Home","eventsJourney.stages.after.title","zh-HK","messages/zh-HK.json:Home.eventsJourney.stages.after.title","WTIA content owner","EXISTING_SHIPPED_COPY_OWNER_RECONFIRMATION_PENDING","b0c0e5d5321b384b6df1c41e6dc54bab7fb7710f415950cb6d14b7da967eab2c","73272cc69ebc72bc8c552bb940b4a3eb6590c783","Existing fallback retained; engineering/browser acceptance does not approve this copy; database override version is separately audited by publication CAS/history"
"CMS Home","eventsJourney.stages.after.copy","en","messages/en.json:Home.eventsJourney.stages.after.copy","WTIA content owner","EXISTING_SHIPPED_COPY_OWNER_RECONFIRMATION_PENDING","99bcf78a601bc7e44724673318c21a448f9ef8cddd9abf9781426c6c34a2a905","73272cc69ebc72bc8c552bb940b4a3eb6590c783","Existing fallback retained; engineering/browser acceptance does not approve this copy; database override version is separately audited by publication CAS/history"
"CMS Home","eventsJourney.stages.after.copy","zh-HK","messages/zh-HK.json:Home.eventsJourney.stages.after.copy","WTIA content owner","EXISTING_SHIPPED_COPY_OWNER_RECONFIRMATION_PENDING","714312cfa2cd06fe5d79b42819b3dec9a9f2e20398762ebbce20b0e7dac98a0d","73272cc69ebc72bc8c552bb940b4a3eb6590c783","Existing fallback retained; engineering/browser acceptance does not approve this copy; database override version is separately audited by publication CAS/history"
"CMS Home","eventsJourney.statusLabel","en","messages/en.json:Home.eventsJourney.statusLabel","WTIA content owner","EXISTING_SHIPPED_COPY_OWNER_RECONFIRMATION_PENDING","d424478381e1937df00e22f238a497b411ef8a4d27b6a7071009fd3d65acf9cd","73272cc69ebc72bc8c552bb940b4a3eb6590c783","Existing fallback retained; engineering/browser acceptance does not approve this copy; database override version is separately audited by publication CAS/history"
"CMS Home","eventsJourney.statusLabel","zh-HK","messages/zh-HK.json:Home.eventsJourney.statusLabel","WTIA content owner","EXISTING_SHIPPED_COPY_OWNER_RECONFIRMATION_PENDING","f29c6af964b28af518a4e6ffca83bcf7a3b4ed1e46301f2c2cb61973217ac1c3","73272cc69ebc72bc8c552bb940b4a3eb6590c783","Existing fallback retained; engineering/browser acceptance does not approve this copy; database override version is separately audited by publication CAS/history"
"CMS Home","eventsJourney.emptyTitle","en","messages/en.json:Home.eventsJourney.emptyTitle","WTIA content owner","EXISTING_SHIPPED_COPY_OWNER_RECONFIRMATION_PENDING","299ae0903f0b6a9e8ab5bec44bb9ebaeaefdc4c334cb1a29e1a503c667f36bd4","73272cc69ebc72bc8c552bb940b4a3eb6590c783","Existing fallback retained; engineering/browser acceptance does not approve this copy; database override version is separately audited by publication CAS/history"
"CMS Home","eventsJourney.emptyTitle","zh-HK","messages/zh-HK.json:Home.eventsJourney.emptyTitle","WTIA content owner","EXISTING_SHIPPED_COPY_OWNER_RECONFIRMATION_PENDING","7cf51b9917625af6990cd3e957377204ebfe55207110fdcbe427c0bfdb8636b6","73272cc69ebc72bc8c552bb940b4a3eb6590c783","Existing fallback retained; engineering/browser acceptance does not approve this copy; database override version is separately audited by publication CAS/history"
"CMS Home","eventsJourney.viewAllAction","en","messages/en.json:Home.eventsJourney.viewAllAction","WTIA content owner","EXISTING_SHIPPED_COPY_OWNER_RECONFIRMATION_PENDING","5818b06f5dba1c433e97c5284f07c9c3fe9cae323a0e26699bb27a2e059a0b9e","73272cc69ebc72bc8c552bb940b4a3eb6590c783","Existing fallback retained; engineering/browser acceptance does not approve this copy; database override version is separately audited by publication CAS/history"
"CMS Home","eventsJourney.viewAllAction","zh-HK","messages/zh-HK.json:Home.eventsJourney.viewAllAction","WTIA content owner","EXISTING_SHIPPED_COPY_OWNER_RECONFIRMATION_PENDING","72de274d19cc08330fef9b8c20136c157a3b561972e35b88ab4fea02bc2a8154","73272cc69ebc72bc8c552bb940b4a3eb6590c783","Existing fallback retained; engineering/browser acceptance does not approve this copy; database override version is separately audited by publication CAS/history"
"CMS Home","marketProducts.eyebrow","en","messages/en.json:Home.marketProducts.eyebrow","WTIA content owner","EXISTING_SHIPPED_COPY_OWNER_RECONFIRMATION_PENDING","4103974b5e1426dfcaceb4800732e7830728a40e053fa55b77c7dd7bde03c913","73272cc69ebc72bc8c552bb940b4a3eb6590c783","Existing fallback retained; engineering/browser acceptance does not approve this copy; database override version is separately audited by publication CAS/history"
"CMS Home","marketProducts.eyebrow","zh-HK","messages/zh-HK.json:Home.marketProducts.eyebrow","WTIA content owner","EXISTING_SHIPPED_COPY_OWNER_RECONFIRMATION_PENDING","da2fc20a6077736af7aa4b26e6fc4be64a2978df6e1017436b721cb5a8e4ee7b","73272cc69ebc72bc8c552bb940b4a3eb6590c783","Existing fallback retained; engineering/browser acceptance does not approve this copy; database override version is separately audited by publication CAS/history"
"CMS Home","marketProducts.title","en","messages/en.json:Home.marketProducts.title","WTIA content owner","EXISTING_SHIPPED_COPY_OWNER_RECONFIRMATION_PENDING","30dce674be84e8f20d3a804651055d59a949950c747da7e2159a5e607d1f3d2b","73272cc69ebc72bc8c552bb940b4a3eb6590c783","Existing fallback retained; engineering/browser acceptance does not approve this copy; database override version is separately audited by publication CAS/history"
"CMS Home","marketProducts.title","zh-HK","messages/zh-HK.json:Home.marketProducts.title","WTIA content owner","EXISTING_SHIPPED_COPY_OWNER_RECONFIRMATION_PENDING","6f2fd7ec6750d2856d21283ecc919c094388e94b22a3bf36c07818dbe15cc284","73272cc69ebc72bc8c552bb940b4a3eb6590c783","Existing fallback retained; engineering/browser acceptance does not approve this copy; database override version is separately audited by publication CAS/history"
"CMS Home","marketProducts.directory.label","en","messages/en.json:Home.marketProducts.directory.label","WTIA content owner","EXISTING_SHIPPED_COPY_OWNER_RECONFIRMATION_PENDING","4badb9cc834f90b8e2f8f4fbc4be7198a001398078bcbf99232e17c3512c76df","73272cc69ebc72bc8c552bb940b4a3eb6590c783","Existing fallback retained; engineering/browser acceptance does not approve this copy; database override version is separately audited by publication CAS/history"
"CMS Home","marketProducts.directory.label","zh-HK","messages/zh-HK.json:Home.marketProducts.directory.label","WTIA content owner","EXISTING_SHIPPED_COPY_OWNER_RECONFIRMATION_PENDING","b3e44e7625c659625f2329022e37f3916c327b07d766b99bafd5e10e404c2cfc","73272cc69ebc72bc8c552bb940b4a3eb6590c783","Existing fallback retained; engineering/browser acceptance does not approve this copy; database override version is separately audited by publication CAS/history"
"CMS Home","marketProducts.directory.title","en","messages/en.json:Home.marketProducts.directory.title","WTIA content owner","EXISTING_SHIPPED_COPY_OWNER_RECONFIRMATION_PENDING","92b2a819551699d33fac9b1d92af50770f75acc55c36b34a4cac8e36931cff86","73272cc69ebc72bc8c552bb940b4a3eb6590c783","Existing fallback retained; engineering/browser acceptance does not approve this copy; database override version is separately audited by publication CAS/history"
"CMS Home","marketProducts.directory.title","zh-HK","messages/zh-HK.json:Home.marketProducts.directory.title","WTIA content owner","EXISTING_SHIPPED_COPY_OWNER_RECONFIRMATION_PENDING","e693b237ffb2ecf5263263d6596379e485a2db5564fdbe3baa4b7c978490ffd7","73272cc69ebc72bc8c552bb940b4a3eb6590c783","Existing fallback retained; engineering/browser acceptance does not approve this copy; database override version is separately audited by publication CAS/history"
"CMS Home","marketProducts.directory.copyEmpty","en","messages/en.json:Home.marketProducts.directory.copyEmpty","WTIA content owner","EXISTING_SHIPPED_COPY_OWNER_RECONFIRMATION_PENDING","c815696c8b12e6e5c8de417e07bb73156e28924a2c8952073818f97f2f5719c6","73272cc69ebc72bc8c552bb940b4a3eb6590c783","Existing fallback retained; engineering/browser acceptance does not approve this copy; database override version is separately audited by publication CAS/history"
"CMS Home","marketProducts.directory.copyEmpty","zh-HK","messages/zh-HK.json:Home.marketProducts.directory.copyEmpty","WTIA content owner","EXISTING_SHIPPED_COPY_OWNER_RECONFIRMATION_PENDING","aec6699baf03a752c8e879177a12f625d4728e6f4835074df9a629c797a80e79","73272cc69ebc72bc8c552bb940b4a3eb6590c783","Existing fallback retained; engineering/browser acceptance does not approve this copy; database override version is separately audited by publication CAS/history"
"CMS Home","marketProducts.directory.copyUnavailable","en","messages/en.json:Home.marketProducts.directory.copyUnavailable","WTIA content owner","EXISTING_SHIPPED_COPY_OWNER_RECONFIRMATION_PENDING","34b79fd1df382793487af40a92e8ebba07b17507cad321d0a6a3f8b1df5cd33d","73272cc69ebc72bc8c552bb940b4a3eb6590c783","Existing fallback retained; engineering/browser acceptance does not approve this copy; database override version is separately audited by publication CAS/history"
"CMS Home","marketProducts.directory.copyUnavailable","zh-HK","messages/zh-HK.json:Home.marketProducts.directory.copyUnavailable","WTIA content owner","EXISTING_SHIPPED_COPY_OWNER_RECONFIRMATION_PENDING","2006791a0c835753fa3eed00a28a104a6712ba7e5e053e68bf25c07ea6fb5993","73272cc69ebc72bc8c552bb940b4a3eb6590c783","Existing fallback retained; engineering/browser acceptance does not approve this copy; database override version is separately audited by publication CAS/history"
"CMS Home","marketProducts.directory.copyAvailable","en","messages/en.json:Home.marketProducts.directory.copyAvailable","WTIA content owner","EXISTING_SHIPPED_COPY_OWNER_RECONFIRMATION_PENDING","abd8d10211db4d8540229f95de2505383149c7122d84a4045fe8f2a100d50719","73272cc69ebc72bc8c552bb940b4a3eb6590c783","Existing fallback retained; engineering/browser acceptance does not approve this copy; database override version is separately audited by publication CAS/history"
"CMS Home","marketProducts.directory.copyAvailable","zh-HK","messages/zh-HK.json:Home.marketProducts.directory.copyAvailable","WTIA content owner","EXISTING_SHIPPED_COPY_OWNER_RECONFIRMATION_PENDING","7a94a9a94bf9ce669b0485937997e6ba2dd2e12b1a6fd29a18a68602de418920","73272cc69ebc72bc8c552bb940b4a3eb6590c783","Existing fallback retained; engineering/browser acceptance does not approve this copy; database override version is separately audited by publication CAS/history"
"CMS Home","marketProducts.directory.action","en","messages/en.json:Home.marketProducts.directory.action","WTIA content owner","EXISTING_SHIPPED_COPY_OWNER_RECONFIRMATION_PENDING","d9be23a9f22b7962f0cd406b42fbb2a65752eb7c52d87674b6aa7fcee03375c2","73272cc69ebc72bc8c552bb940b4a3eb6590c783","Existing fallback retained; engineering/browser acceptance does not approve this copy; database override version is separately audited by publication CAS/history"
"CMS Home","marketProducts.directory.action","zh-HK","messages/zh-HK.json:Home.marketProducts.directory.action","WTIA content owner","EXISTING_SHIPPED_COPY_OWNER_RECONFIRMATION_PENDING","b0cd1a694bfae4c5732c800a928bc78f7b679dff96b85e7e2c9f7aea7e96265f","73272cc69ebc72bc8c552bb940b4a3eb6590c783","Existing fallback retained; engineering/browser acceptance does not approve this copy; database override version is separately audited by publication CAS/history"
"CMS Home","marketProducts.marketplace.label","en","messages/en.json:Home.marketProducts.marketplace.label","WTIA content owner","EXISTING_SHIPPED_COPY_OWNER_RECONFIRMATION_PENDING","126438f64b6c86d1cb650c9226b58f97bb1f6e491113317679aa617ead55b1f0","73272cc69ebc72bc8c552bb940b4a3eb6590c783","Existing fallback retained; engineering/browser acceptance does not approve this copy; database override version is separately audited by publication CAS/history"
"CMS Home","marketProducts.marketplace.label","zh-HK","messages/zh-HK.json:Home.marketProducts.marketplace.label","WTIA content owner","EXISTING_SHIPPED_COPY_OWNER_RECONFIRMATION_PENDING","125944bb903eaf7f76cf6f08680e729c2460957a77d25865d2928d7008d42793","73272cc69ebc72bc8c552bb940b4a3eb6590c783","Existing fallback retained; engineering/browser acceptance does not approve this copy; database override version is separately audited by publication CAS/history"
"CMS Home","marketProducts.marketplace.title","en","messages/en.json:Home.marketProducts.marketplace.title","WTIA content owner","EXISTING_SHIPPED_COPY_OWNER_RECONFIRMATION_PENDING","20a4de2e4afbba72852583cb78374da9fc6363c9a38756847145e82c359e25f0","73272cc69ebc72bc8c552bb940b4a3eb6590c783","Existing fallback retained; engineering/browser acceptance does not approve this copy; database override version is separately audited by publication CAS/history"
"CMS Home","marketProducts.marketplace.title","zh-HK","messages/zh-HK.json:Home.marketProducts.marketplace.title","WTIA content owner","EXISTING_SHIPPED_COPY_OWNER_RECONFIRMATION_PENDING","d84456b0673f0e5e0d38242530e588c7b74adeb6c3e48f0a86bdddbeef03b02c","73272cc69ebc72bc8c552bb940b4a3eb6590c783","Existing fallback retained; engineering/browser acceptance does not approve this copy; database override version is separately audited by publication CAS/history"
"CMS Home","marketProducts.marketplace.copyEmpty","en","messages/en.json:Home.marketProducts.marketplace.copyEmpty","WTIA content owner","EXISTING_SHIPPED_COPY_OWNER_RECONFIRMATION_PENDING","209df8de43c5d98f8bcc8d9553c1d860aeea9f61797df4fb39fbf77f20c6ae72","73272cc69ebc72bc8c552bb940b4a3eb6590c783","Existing fallback retained; engineering/browser acceptance does not approve this copy; database override version is separately audited by publication CAS/history"
"CMS Home","marketProducts.marketplace.copyEmpty","zh-HK","messages/zh-HK.json:Home.marketProducts.marketplace.copyEmpty","WTIA content owner","EXISTING_SHIPPED_COPY_OWNER_RECONFIRMATION_PENDING","77f22ef44b4e4bccf810e1962c071154a244df831584e3764f4555edfb680573","73272cc69ebc72bc8c552bb940b4a3eb6590c783","Existing fallback retained; engineering/browser acceptance does not approve this copy; database override version is separately audited by publication CAS/history"
"CMS Home","marketProducts.marketplace.copyUnavailable","en","messages/en.json:Home.marketProducts.marketplace.copyUnavailable","WTIA content owner","EXISTING_SHIPPED_COPY_OWNER_RECONFIRMATION_PENDING","ae954972f573bca49874de9e64fb36677d9842eae466b62c90dcb2eb704e5b52","73272cc69ebc72bc8c552bb940b4a3eb6590c783","Existing fallback retained; engineering/browser acceptance does not approve this copy; database override version is separately audited by publication CAS/history"
"CMS Home","marketProducts.marketplace.copyUnavailable","zh-HK","messages/zh-HK.json:Home.marketProducts.marketplace.copyUnavailable","WTIA content owner","EXISTING_SHIPPED_COPY_OWNER_RECONFIRMATION_PENDING","06d7596e0cc55da47623ad8fe858f8ca4303847cec9294c0a4c17cc5fde97c94","73272cc69ebc72bc8c552bb940b4a3eb6590c783","Existing fallback retained; engineering/browser acceptance does not approve this copy; database override version is separately audited by publication CAS/history"
"CMS Home","marketProducts.marketplace.copyAvailable","en","messages/en.json:Home.marketProducts.marketplace.copyAvailable","WTIA content owner","EXISTING_SHIPPED_COPY_OWNER_RECONFIRMATION_PENDING","6dc20419068c93f3f51a36cd325d7dd31fdf7a3641d61c26ae0c6616b4af4f93","73272cc69ebc72bc8c552bb940b4a3eb6590c783","Existing fallback retained; engineering/browser acceptance does not approve this copy; database override version is separately audited by publication CAS/history"
"CMS Home","marketProducts.marketplace.copyAvailable","zh-HK","messages/zh-HK.json:Home.marketProducts.marketplace.copyAvailable","WTIA content owner","EXISTING_SHIPPED_COPY_OWNER_RECONFIRMATION_PENDING","aece8f29c9223aaef42bce2182200b2a069964ed9b200dd61bf93a71ad6bba43","73272cc69ebc72bc8c552bb940b4a3eb6590c783","Existing fallback retained; engineering/browser acceptance does not approve this copy; database override version is separately audited by publication CAS/history"
"CMS Home","marketProducts.marketplace.action","en","messages/en.json:Home.marketProducts.marketplace.action","WTIA content owner","EXISTING_SHIPPED_COPY_OWNER_RECONFIRMATION_PENDING","54b4879376aa188a82ef13bb99a6c1b0867d5ab87272dc7c26ce65a82b36cfb5","73272cc69ebc72bc8c552bb940b4a3eb6590c783","Existing fallback retained; engineering/browser acceptance does not approve this copy; database override version is separately audited by publication CAS/history"
"CMS Home","marketProducts.marketplace.action","zh-HK","messages/zh-HK.json:Home.marketProducts.marketplace.action","WTIA content owner","EXISTING_SHIPPED_COPY_OWNER_RECONFIRMATION_PENDING","c525aad647ae155f006c969f50500cefd2811bfb47b48751191b3a1b1820a1be","73272cc69ebc72bc8c552bb940b4a3eb6590c783","Existing fallback retained; engineering/browser acceptance does not approve this copy; database override version is separately audited by publication CAS/history"
"CMS Home","outcomes.eyebrow","en","messages/en.json:Home.outcomes.eyebrow","WTIA content owner","EXISTING_SHIPPED_COPY_OWNER_RECONFIRMATION_PENDING","eb9c3c2c86da25973153a8344adf00aa3c4ad90135ae28befc178e67ec727d28","73272cc69ebc72bc8c552bb940b4a3eb6590c783","Existing fallback retained; engineering/browser acceptance does not approve this copy; database override version is separately audited by publication CAS/history"
"CMS Home","outcomes.eyebrow","zh-HK","messages/zh-HK.json:Home.outcomes.eyebrow","WTIA content owner","EXISTING_SHIPPED_COPY_OWNER_RECONFIRMATION_PENDING","dcfa92375da05234dc206f946a7f4e94fb6c0662b8f86fbded1d65e79b193efb","73272cc69ebc72bc8c552bb940b4a3eb6590c783","Existing fallback retained; engineering/browser acceptance does not approve this copy; database override version is separately audited by publication CAS/history"
"CMS Home","outcomes.title","en","messages/en.json:Home.outcomes.title","WTIA content owner","EXISTING_SHIPPED_COPY_OWNER_RECONFIRMATION_PENDING","b2f56dbe01437e16ec2727187907ee4555203599701dc461720eb01294809a6c","73272cc69ebc72bc8c552bb940b4a3eb6590c783","Existing fallback retained; engineering/browser acceptance does not approve this copy; database override version is separately audited by publication CAS/history"
"CMS Home","outcomes.title","zh-HK","messages/zh-HK.json:Home.outcomes.title","WTIA content owner","EXISTING_SHIPPED_COPY_OWNER_RECONFIRMATION_PENDING","fde592e8692d21138dd3dd7f9e333bc101159687cf7c9d4d7fe318931e9ca75a","73272cc69ebc72bc8c552bb940b4a3eb6590c783","Existing fallback retained; engineering/browser acceptance does not approve this copy; database override version is separately audited by publication CAS/history"
"CMS Home","outcomes.intro","en","messages/en.json:Home.outcomes.intro","WTIA content owner","EXISTING_SHIPPED_COPY_OWNER_RECONFIRMATION_PENDING","fb8f5d47aadfd8170e1ec7abb35e4b264dcfb1f845e848925e4ffe8ebefb2835","73272cc69ebc72bc8c552bb940b4a3eb6590c783","Existing fallback retained; engineering/browser acceptance does not approve this copy; database override version is separately audited by publication CAS/history"
"CMS Home","outcomes.intro","zh-HK","messages/zh-HK.json:Home.outcomes.intro","WTIA content owner","EXISTING_SHIPPED_COPY_OWNER_RECONFIRMATION_PENDING","a1a34ec2451d268c68dda340fd2c02ac5f95a87e9f63edec1527ec7805021d87","73272cc69ebc72bc8c552bb940b4a3eb6590c783","Existing fallback retained; engineering/browser acceptance does not approve this copy; database override version is separately audited by publication CAS/history"
"CMS Home","outcomes.frameworkLabel","en","messages/en.json:Home.outcomes.frameworkLabel","WTIA content owner","EXISTING_SHIPPED_COPY_OWNER_RECONFIRMATION_PENDING","a5b8bee93077779fb6d0796a8d7332ea0d751b082da707c32c4cfc525d9157f4","73272cc69ebc72bc8c552bb940b4a3eb6590c783","Existing fallback retained; engineering/browser acceptance does not approve this copy; database override version is separately audited by publication CAS/history"
"CMS Home","outcomes.frameworkLabel","zh-HK","messages/zh-HK.json:Home.outcomes.frameworkLabel","WTIA content owner","EXISTING_SHIPPED_COPY_OWNER_RECONFIRMATION_PENDING","a450d3e653df3fbdd2bd317882280ed468d217fa94dd76ef3dadd305edf25b0d","73272cc69ebc72bc8c552bb940b4a3eb6590c783","Existing fallback retained; engineering/browser acceptance does not approve this copy; database override version is separately audited by publication CAS/history"
"CMS Home","outcomes.frameworkSteps","en","messages/en.json:Home.outcomes.frameworkSteps","WTIA content owner","EXISTING_SHIPPED_COPY_OWNER_RECONFIRMATION_PENDING","f29016e2ff19c8ceca0270e991d2e4faab12cd8b88527ed42e0c89f4059f3eee","73272cc69ebc72bc8c552bb940b4a3eb6590c783","Existing fallback retained; engineering/browser acceptance does not approve this copy; database override version is separately audited by publication CAS/history"
"CMS Home","outcomes.frameworkSteps","zh-HK","messages/zh-HK.json:Home.outcomes.frameworkSteps","WTIA content owner","EXISTING_SHIPPED_COPY_OWNER_RECONFIRMATION_PENDING","eb40eb7e091319f7e8a3f3291fa9e736271c0301aa46c9b5577541d1bf6a7c69","73272cc69ebc72bc8c552bb940b4a3eb6590c783","Existing fallback retained; engineering/browser acceptance does not approve this copy; database override version is separately audited by publication CAS/history"
"CMS Home","outcomes.statusLabel","en","messages/en.json:Home.outcomes.statusLabel","WTIA content owner","EXISTING_SHIPPED_COPY_OWNER_RECONFIRMATION_PENDING","d424478381e1937df00e22f238a497b411ef8a4d27b6a7071009fd3d65acf9cd","73272cc69ebc72bc8c552bb940b4a3eb6590c783","Existing fallback retained; engineering/browser acceptance does not approve this copy; database override version is separately audited by publication CAS/history"
"CMS Home","outcomes.statusLabel","zh-HK","messages/zh-HK.json:Home.outcomes.statusLabel","WTIA content owner","EXISTING_SHIPPED_COPY_OWNER_RECONFIRMATION_PENDING","f29c6af964b28af518a4e6ffca83bcf7a3b4ed1e46301f2c2cb61973217ac1c3","73272cc69ebc72bc8c552bb940b4a3eb6590c783","Existing fallback retained; engineering/browser acceptance does not approve this copy; database override version is separately audited by publication CAS/history"
"CMS Home","outcomes.emptyTitle","en","messages/en.json:Home.outcomes.emptyTitle","WTIA content owner","EXISTING_SHIPPED_COPY_OWNER_RECONFIRMATION_PENDING","1f97d8aa70e10adc28e0950102a370f14729069bfe3dce3dd92e8dacabafb66d","73272cc69ebc72bc8c552bb940b4a3eb6590c783","Existing fallback retained; engineering/browser acceptance does not approve this copy; database override version is separately audited by publication CAS/history"
"CMS Home","outcomes.emptyTitle","zh-HK","messages/zh-HK.json:Home.outcomes.emptyTitle","WTIA content owner","EXISTING_SHIPPED_COPY_OWNER_RECONFIRMATION_PENDING","3c4f1e372f93dcbaca777623bf24dbf1ada4854afcd5d06853f4ec2ad26c4535","73272cc69ebc72bc8c552bb940b4a3eb6590c783","Existing fallback retained; engineering/browser acceptance does not approve this copy; database override version is separately audited by publication CAS/history"
"CMS Home","outcomes.emptyCopy","en","messages/en.json:Home.outcomes.emptyCopy","WTIA content owner","EXISTING_SHIPPED_COPY_OWNER_RECONFIRMATION_PENDING","b70baa90417a27a5c9d5f1750f365b97479bca3947e652d342140892e8191096","73272cc69ebc72bc8c552bb940b4a3eb6590c783","Existing fallback retained; engineering/browser acceptance does not approve this copy; database override version is separately audited by publication CAS/history"
"CMS Home","outcomes.emptyCopy","zh-HK","messages/zh-HK.json:Home.outcomes.emptyCopy","WTIA content owner","EXISTING_SHIPPED_COPY_OWNER_RECONFIRMATION_PENDING","ef283b9abb722753ffdfe666e07b6fcea2cf64c5627980ea0465f002437d63f8","73272cc69ebc72bc8c552bb940b4a3eb6590c783","Existing fallback retained; engineering/browser acceptance does not approve this copy; database override version is separately audited by publication CAS/history"
"CMS Home","outcomes.action","en","messages/en.json:Home.outcomes.action","WTIA content owner","EXISTING_SHIPPED_COPY_OWNER_RECONFIRMATION_PENDING","72a0aa789f1adac215bcd070d24a9f92afabaa6f72b56ad3f73ae39f4b20ee6e","73272cc69ebc72bc8c552bb940b4a3eb6590c783","Existing fallback retained; engineering/browser acceptance does not approve this copy; database override version is separately audited by publication CAS/history"
"CMS Home","outcomes.action","zh-HK","messages/zh-HK.json:Home.outcomes.action","WTIA content owner","EXISTING_SHIPPED_COPY_OWNER_RECONFIRMATION_PENDING","72aaa0f016bf3a8fd023222fb4ddb2fc707e6eca608af96f4f80efdd96031bae","73272cc69ebc72bc8c552bb940b4a3eb6590c783","Existing fallback retained; engineering/browser acceptance does not approve this copy; database override version is separately audited by publication CAS/history"
"CMS Home","ecosystem.eyebrow","en","messages/en.json:Home.ecosystem.eyebrow","WTIA content owner","EXISTING_SHIPPED_COPY_OWNER_RECONFIRMATION_PENDING","81c0e7f9723aacb916926d8a6f77a13ad6c81ddcb407a1f3e0ae3d860fcddd5b","73272cc69ebc72bc8c552bb940b4a3eb6590c783","Existing fallback retained; engineering/browser acceptance does not approve this copy; database override version is separately audited by publication CAS/history"
"CMS Home","ecosystem.eyebrow","zh-HK","messages/zh-HK.json:Home.ecosystem.eyebrow","WTIA content owner","EXISTING_SHIPPED_COPY_OWNER_RECONFIRMATION_PENDING","4cdb60eb012f080c5f60ffa39a75440104cc6b34cfac9d57a41fcccc5634d471","73272cc69ebc72bc8c552bb940b4a3eb6590c783","Existing fallback retained; engineering/browser acceptance does not approve this copy; database override version is separately audited by publication CAS/history"
"CMS Home","ecosystem.title","en","messages/en.json:Home.ecosystem.title","WTIA content owner","EXISTING_SHIPPED_COPY_OWNER_RECONFIRMATION_PENDING","0e4c9451e9afae263451f99ebea112a7e703ea16e18e783b4d2a3e9d5ae51e94","73272cc69ebc72bc8c552bb940b4a3eb6590c783","Existing fallback retained; engineering/browser acceptance does not approve this copy; database override version is separately audited by publication CAS/history"
"CMS Home","ecosystem.title","zh-HK","messages/zh-HK.json:Home.ecosystem.title","WTIA content owner","EXISTING_SHIPPED_COPY_OWNER_RECONFIRMATION_PENDING","a8a11eade1871847894ce4557289051c3f70472190d75245dccf27d983f7acf0","73272cc69ebc72bc8c552bb940b4a3eb6590c783","Existing fallback retained; engineering/browser acceptance does not approve this copy; database override version is separately audited by publication CAS/history"
"CMS Home","ecosystem.intro","en","messages/en.json:Home.ecosystem.intro","WTIA content owner","EXISTING_SHIPPED_COPY_OWNER_RECONFIRMATION_PENDING","4c70a3fc8ab4cfa473a210fe200720b62a1ac4da76dfdb88005ad8a9c192e5a3","73272cc69ebc72bc8c552bb940b4a3eb6590c783","Existing fallback retained; engineering/browser acceptance does not approve this copy; database override version is separately audited by publication CAS/history"
"CMS Home","ecosystem.intro","zh-HK","messages/zh-HK.json:Home.ecosystem.intro","WTIA content owner","EXISTING_SHIPPED_COPY_OWNER_RECONFIRMATION_PENDING","d33d1ec2031636767eb69e40dd395c0fd98aec64a802a04758e8b27633c4f623","73272cc69ebc72bc8c552bb940b4a3eb6590c783","Existing fallback retained; engineering/browser acceptance does not approve this copy; database override version is separately audited by publication CAS/history"
"CMS Home","ecosystem.selectedLabel","en","messages/en.json:Home.ecosystem.selectedLabel","WTIA content owner","EXISTING_SHIPPED_COPY_OWNER_RECONFIRMATION_PENDING","d8f4c94458bd396779d8f0e7f0af27d0812c2ced354a071b99afc282eb315f2f","73272cc69ebc72bc8c552bb940b4a3eb6590c783","Existing fallback retained; engineering/browser acceptance does not approve this copy; database override version is separately audited by publication CAS/history"
"CMS Home","ecosystem.selectedLabel","zh-HK","messages/zh-HK.json:Home.ecosystem.selectedLabel","WTIA content owner","EXISTING_SHIPPED_COPY_OWNER_RECONFIRMATION_PENDING","f8b7612a7c47a636cd84992760a09264f362f2ca2c8d420f18cd289ac51dc62f","73272cc69ebc72bc8c552bb940b4a3eb6590c783","Existing fallback retained; engineering/browser acceptance does not approve this copy; database override version is separately audited by publication CAS/history"
"CMS Home","ecosystem.enterAction","en","messages/en.json:Home.ecosystem.enterAction","WTIA content owner","EXISTING_SHIPPED_COPY_OWNER_RECONFIRMATION_PENDING","79e829d58a26525146905a702921f31c45b7e1c7a12d4ba841692aa0bef12069","73272cc69ebc72bc8c552bb940b4a3eb6590c783","Existing fallback retained; engineering/browser acceptance does not approve this copy; database override version is separately audited by publication CAS/history"
"CMS Home","ecosystem.enterAction","zh-HK","messages/zh-HK.json:Home.ecosystem.enterAction","WTIA content owner","EXISTING_SHIPPED_COPY_OWNER_RECONFIRMATION_PENDING","3724084919f7b539ac2fd08590cc2ac45a83bef8e13a3dbcfa2ef58650cd0a53","73272cc69ebc72bc8c552bb940b4a3eb6590c783","Existing fallback retained; engineering/browser acceptance does not approve this copy; database override version is separately audited by publication CAS/history"
"CMS Home","ecosystem.focusAreas.0","en","messages/en.json:Home.ecosystem.focusAreas.0","WTIA content owner","EXISTING_SHIPPED_COPY_OWNER_RECONFIRMATION_PENDING","cbdddb55b5b8b7886b093997c46c395a02148988ea8cd085482fa62a94476741","73272cc69ebc72bc8c552bb940b4a3eb6590c783","Existing fallback retained; engineering/browser acceptance does not approve this copy; database override version is separately audited by publication CAS/history"
"CMS Home","ecosystem.focusAreas.0","zh-HK","messages/zh-HK.json:Home.ecosystem.focusAreas.0","WTIA content owner","EXISTING_SHIPPED_COPY_OWNER_RECONFIRMATION_PENDING","c22f00c3dcfa9571044e84a5b5e5ac686405544f4f8a7206c9ab42be50621f2c","73272cc69ebc72bc8c552bb940b4a3eb6590c783","Existing fallback retained; engineering/browser acceptance does not approve this copy; database override version is separately audited by publication CAS/history"
"CMS Home","ecosystem.focusAreas.1","en","messages/en.json:Home.ecosystem.focusAreas.1","WTIA content owner","EXISTING_SHIPPED_COPY_OWNER_RECONFIRMATION_PENDING","64fdfe34e4724c61bff795aa8cbeb9aa6066fde98457f2be80eed7e8e114b413","73272cc69ebc72bc8c552bb940b4a3eb6590c783","Existing fallback retained; engineering/browser acceptance does not approve this copy; database override version is separately audited by publication CAS/history"
"CMS Home","ecosystem.focusAreas.1","zh-HK","messages/zh-HK.json:Home.ecosystem.focusAreas.1","WTIA content owner","EXISTING_SHIPPED_COPY_OWNER_RECONFIRMATION_PENDING","9de9a06db511dd0bd39360172143cfc58792569ec9b4c217edfb6492a0d3a35a","73272cc69ebc72bc8c552bb940b4a3eb6590c783","Existing fallback retained; engineering/browser acceptance does not approve this copy; database override version is separately audited by publication CAS/history"
"CMS Home","ecosystem.focusAreas.2","en","messages/en.json:Home.ecosystem.focusAreas.2","WTIA content owner","EXISTING_SHIPPED_COPY_OWNER_RECONFIRMATION_PENDING","f149e093cd3863e0a864f8ac91224713af6b4d85c317c019d56e5482b748a8f7","73272cc69ebc72bc8c552bb940b4a3eb6590c783","Existing fallback retained; engineering/browser acceptance does not approve this copy; database override version is separately audited by publication CAS/history"
"CMS Home","ecosystem.focusAreas.2","zh-HK","messages/zh-HK.json:Home.ecosystem.focusAreas.2","WTIA content owner","EXISTING_SHIPPED_COPY_OWNER_RECONFIRMATION_PENDING","a36a7d99016b6363de670a1449411229a85a0d332bd6330ac765ddd6c0e96c62","73272cc69ebc72bc8c552bb940b4a3eb6590c783","Existing fallback retained; engineering/browser acceptance does not approve this copy; database override version is separately audited by publication CAS/history"
"CMS Home","ecosystem.items.commerce.name","en","messages/en.json:Home.ecosystem.items.commerce.name","WTIA content owner","OWNER_POLICY_OR_BRANDING_SIGNOFF_REQUIRED","2564fbdc2ecd5a0ae9a9aa7cdfe9773dfb79b8dea9927d8b05e79a7e416e8535","73272cc69ebc72bc8c552bb940b4a3eb6590c783","Existing fallback retained; engineering/browser acceptance does not approve this copy; database override version is separately audited by publication CAS/history"
"CMS Home","ecosystem.items.commerce.name","zh-HK","messages/zh-HK.json:Home.ecosystem.items.commerce.name","WTIA content owner","OWNER_POLICY_OR_BRANDING_SIGNOFF_REQUIRED","4f386ede521e379375f4632db1caf454b2d440a243161cf841a7db395c85d84e","73272cc69ebc72bc8c552bb940b4a3eb6590c783","Existing fallback retained; engineering/browser acceptance does not approve this copy; database override version is separately audited by publication CAS/history"
"CMS Home","ecosystem.items.commerce.brief","en","messages/en.json:Home.ecosystem.items.commerce.brief","WTIA content owner","EXISTING_SHIPPED_COPY_OWNER_RECONFIRMATION_PENDING","df4fc92c91e923788a7932ae63c1c6bbdf4e7ada82ccb0a9fa6dd256e6f98d46","73272cc69ebc72bc8c552bb940b4a3eb6590c783","Existing fallback retained; engineering/browser acceptance does not approve this copy; database override version is separately audited by publication CAS/history"
"CMS Home","ecosystem.items.commerce.brief","zh-HK","messages/zh-HK.json:Home.ecosystem.items.commerce.brief","WTIA content owner","EXISTING_SHIPPED_COPY_OWNER_RECONFIRMATION_PENDING","1d7609590116c168af6b7081723382256a49a3b177529ce135193ef7fdb537b3","73272cc69ebc72bc8c552bb940b4a3eb6590c783","Existing fallback retained; engineering/browser acceptance does not approve this copy; database override version is separately audited by publication CAS/history"
"CMS Home","ecosystem.items.manufacturing.name","en","messages/en.json:Home.ecosystem.items.manufacturing.name","WTIA content owner","OWNER_POLICY_OR_BRANDING_SIGNOFF_REQUIRED","5bf3b31a3a4cc2f8db2284561713f8aafaf55a7cd5d156498d68b069df0fba99","73272cc69ebc72bc8c552bb940b4a3eb6590c783","Existing fallback retained; engineering/browser acceptance does not approve this copy; database override version is separately audited by publication CAS/history"
"CMS Home","ecosystem.items.manufacturing.name","zh-HK","messages/zh-HK.json:Home.ecosystem.items.manufacturing.name","WTIA content owner","OWNER_POLICY_OR_BRANDING_SIGNOFF_REQUIRED","d32668ec516f70ededf341abab3d3995561f791f7a249963b75ec491c4cf8aa4","73272cc69ebc72bc8c552bb940b4a3eb6590c783","Existing fallback retained; engineering/browser acceptance does not approve this copy; database override version is separately audited by publication CAS/history"
"CMS Home","ecosystem.items.manufacturing.brief","en","messages/en.json:Home.ecosystem.items.manufacturing.brief","WTIA content owner","EXISTING_SHIPPED_COPY_OWNER_RECONFIRMATION_PENDING","4f2efc4820ae9259c9556b3fec0e26a67b010edf448bb8d260101c19b55ef266","73272cc69ebc72bc8c552bb940b4a3eb6590c783","Existing fallback retained; engineering/browser acceptance does not approve this copy; database override version is separately audited by publication CAS/history"
"CMS Home","ecosystem.items.manufacturing.brief","zh-HK","messages/zh-HK.json:Home.ecosystem.items.manufacturing.brief","WTIA content owner","EXISTING_SHIPPED_COPY_OWNER_RECONFIRMATION_PENDING","624afbac27b8fb61b456ec3799f77671df62606a28000eee1fafe4872ebd80b3","73272cc69ebc72bc8c552bb940b4a3eb6590c783","Existing fallback retained; engineering/browser acceptance does not approve this copy; database override version is separately audited by publication CAS/history"
"CMS Home","ecosystem.items.health.name","en","messages/en.json:Home.ecosystem.items.health.name","WTIA content owner","OWNER_POLICY_OR_BRANDING_SIGNOFF_REQUIRED","f08725bff339ff36190868e2feb665f4089d1a35f5c63618b86f20cb310b362c","73272cc69ebc72bc8c552bb940b4a3eb6590c783","Existing fallback retained; engineering/browser acceptance does not approve this copy; database override version is separately audited by publication CAS/history"
"CMS Home","ecosystem.items.health.name","zh-HK","messages/zh-HK.json:Home.ecosystem.items.health.name","WTIA content owner","OWNER_POLICY_OR_BRANDING_SIGNOFF_REQUIRED","bd932f933b6dd513324ec0c3495351dad18d50b6c78707e1f58a73d4f354825b","73272cc69ebc72bc8c552bb940b4a3eb6590c783","Existing fallback retained; engineering/browser acceptance does not approve this copy; database override version is separately audited by publication CAS/history"
"CMS Home","ecosystem.items.health.brief","en","messages/en.json:Home.ecosystem.items.health.brief","WTIA content owner","EXISTING_SHIPPED_COPY_OWNER_RECONFIRMATION_PENDING","d0ae946d79477f95db826ffc24c85b4d8885980356ee99697bd5661538ea7090","73272cc69ebc72bc8c552bb940b4a3eb6590c783","Existing fallback retained; engineering/browser acceptance does not approve this copy; database override version is separately audited by publication CAS/history"
"CMS Home","ecosystem.items.health.brief","zh-HK","messages/zh-HK.json:Home.ecosystem.items.health.brief","WTIA content owner","EXISTING_SHIPPED_COPY_OWNER_RECONFIRMATION_PENDING","cd05c4dbad4575a4b86ad5a56e5c64e55b7f39983ecc11b1d939f119d703e2d6","73272cc69ebc72bc8c552bb940b4a3eb6590c783","Existing fallback retained; engineering/browser acceptance does not approve this copy; database override version is separately audited by publication CAS/history"
"CMS Home","ecosystem.items.responsibleAi.name","en","messages/en.json:Home.ecosystem.items.responsibleAi.name","WTIA content owner","OWNER_POLICY_OR_BRANDING_SIGNOFF_REQUIRED","fcf6463576f5de9f06df06774273f19e44bae5edaca43af2e798cf06cfde31eb","73272cc69ebc72bc8c552bb940b4a3eb6590c783","Existing fallback retained; engineering/browser acceptance does not approve this copy; database override version is separately audited by publication CAS/history"
"CMS Home","ecosystem.items.responsibleAi.name","zh-HK","messages/zh-HK.json:Home.ecosystem.items.responsibleAi.name","WTIA content owner","OWNER_POLICY_OR_BRANDING_SIGNOFF_REQUIRED","4bf67e7add0eb7bd729ec42105b11e4fdb9e41a1b267a5cbfc41fef367af020c","73272cc69ebc72bc8c552bb940b4a3eb6590c783","Existing fallback retained; engineering/browser acceptance does not approve this copy; database override version is separately audited by publication CAS/history"
"CMS Home","ecosystem.items.responsibleAi.brief","en","messages/en.json:Home.ecosystem.items.responsibleAi.brief","WTIA content owner","EXISTING_SHIPPED_COPY_OWNER_RECONFIRMATION_PENDING","6e0badc2af144b393c5253908d79fb17569d37dfb4f38e1bf5ffc6f2b5499cd4","73272cc69ebc72bc8c552bb940b4a3eb6590c783","Existing fallback retained; engineering/browser acceptance does not approve this copy; database override version is separately audited by publication CAS/history"
"CMS Home","ecosystem.items.responsibleAi.brief","zh-HK","messages/zh-HK.json:Home.ecosystem.items.responsibleAi.brief","WTIA content owner","EXISTING_SHIPPED_COPY_OWNER_RECONFIRMATION_PENDING","9fc261e9fc1e56a132f177fbde7bdd91930cf47d6c5f0cae9f06721b17039618","73272cc69ebc72bc8c552bb940b4a3eb6590c783","Existing fallback retained; engineering/browser acceptance does not approve this copy; database override version is separately audited by publication CAS/history"
"CMS Home","ecosystem.items.retail.name","en","messages/en.json:Home.ecosystem.items.retail.name","WTIA content owner","OWNER_POLICY_OR_BRANDING_SIGNOFF_REQUIRED","7bcc6cc436302a601c09685290ccb724b66a10c4db835ec5f459dde61dbf2246","73272cc69ebc72bc8c552bb940b4a3eb6590c783","Existing fallback retained; engineering/browser acceptance does not approve this copy; database override version is separately audited by publication CAS/history"
"CMS Home","ecosystem.items.retail.name","zh-HK","messages/zh-HK.json:Home.ecosystem.items.retail.name","WTIA content owner","OWNER_POLICY_OR_BRANDING_SIGNOFF_REQUIRED","c65d45b76e547b1dcf0cf07b6a727f4f38fe97631328d275c88cedf7959fc3c8","73272cc69ebc72bc8c552bb940b4a3eb6590c783","Existing fallback retained; engineering/browser acceptance does not approve this copy; database override version is separately audited by publication CAS/history"
"CMS Home","ecosystem.items.retail.brief","en","messages/en.json:Home.ecosystem.items.retail.brief","WTIA content owner","EXISTING_SHIPPED_COPY_OWNER_RECONFIRMATION_PENDING","b742ea7ad3d3d942f1197209c220217e1060f5ffd3a7ff21b9dc246d5746a699","73272cc69ebc72bc8c552bb940b4a3eb6590c783","Existing fallback retained; engineering/browser acceptance does not approve this copy; database override version is separately audited by publication CAS/history"
"CMS Home","ecosystem.items.retail.brief","zh-HK","messages/zh-HK.json:Home.ecosystem.items.retail.brief","WTIA content owner","EXISTING_SHIPPED_COPY_OWNER_RECONFIRMATION_PENDING","0d6728186d0b080c29ec4f4f27ef679cc79ce773aea69d812f743d48016d8038","73272cc69ebc72bc8c552bb940b4a3eb6590c783","Existing fallback retained; engineering/browser acceptance does not approve this copy; database override version is separately audited by publication CAS/history"
"CMS Home","ecosystem.items.education.name","en","messages/en.json:Home.ecosystem.items.education.name","WTIA content owner","OWNER_POLICY_OR_BRANDING_SIGNOFF_REQUIRED","e39481c1447d08f9875df35bd85add38681ca8f73867a4ec1edceca44d7cd2ef","73272cc69ebc72bc8c552bb940b4a3eb6590c783","Existing fallback retained; engineering/browser acceptance does not approve this copy; database override version is separately audited by publication CAS/history"
"CMS Home","ecosystem.items.education.name","zh-HK","messages/zh-HK.json:Home.ecosystem.items.education.name","WTIA content owner","OWNER_POLICY_OR_BRANDING_SIGNOFF_REQUIRED","f806fd82125d36e7c3de4a45e81efd9ff05d32c171c460d2c08db5aeac415812","73272cc69ebc72bc8c552bb940b4a3eb6590c783","Existing fallback retained; engineering/browser acceptance does not approve this copy; database override version is separately audited by publication CAS/history"
"CMS Home","ecosystem.items.education.brief","en","messages/en.json:Home.ecosystem.items.education.brief","WTIA content owner","EXISTING_SHIPPED_COPY_OWNER_RECONFIRMATION_PENDING","e02254c15aac2c4ad4623a1d3d9d0b690130e0c24bb4f3dcb9a901e014895bab","73272cc69ebc72bc8c552bb940b4a3eb6590c783","Existing fallback retained; engineering/browser acceptance does not approve this copy; database override version is separately audited by publication CAS/history"
"CMS Home","ecosystem.items.education.brief","zh-HK","messages/zh-HK.json:Home.ecosystem.items.education.brief","WTIA content owner","EXISTING_SHIPPED_COPY_OWNER_RECONFIRMATION_PENDING","3594744ae76e8242bfa47d5bf48f6bc20e99291c9c2500d154ea8782f3797790","73272cc69ebc72bc8c552bb940b4a3eb6590c783","Existing fallback retained; engineering/browser acceptance does not approve this copy; database override version is separately audited by publication CAS/history"
"CMS Home","programmeShowcase.eyebrow","en","messages/en.json:Home.programmeShowcase.eyebrow","WTIA content owner","EXISTING_SHIPPED_COPY_OWNER_RECONFIRMATION_PENDING","65e2ee4911b2f6332b49813cd39bdc6283950707e4ac9f5c2615f8e7df38182c","73272cc69ebc72bc8c552bb940b4a3eb6590c783","Existing fallback retained; engineering/browser acceptance does not approve this copy; database override version is separately audited by publication CAS/history"
"CMS Home","programmeShowcase.eyebrow","zh-HK","messages/zh-HK.json:Home.programmeShowcase.eyebrow","WTIA content owner","EXISTING_SHIPPED_COPY_OWNER_RECONFIRMATION_PENDING","dcbb63871422857fbf3f208785221adc109506c0925edfbc84cc6e339e61f40e","73272cc69ebc72bc8c552bb940b4a3eb6590c783","Existing fallback retained; engineering/browser acceptance does not approve this copy; database override version is separately audited by publication CAS/history"
"CMS Home","programmeShowcase.title","en","messages/en.json:Home.programmeShowcase.title","WTIA content owner","EXISTING_SHIPPED_COPY_OWNER_RECONFIRMATION_PENDING","9d96bfd40cc5770b151aafae43fbd6a8bc506fff0a7fabedd0c5653748d5be6e","73272cc69ebc72bc8c552bb940b4a3eb6590c783","Existing fallback retained; engineering/browser acceptance does not approve this copy; database override version is separately audited by publication CAS/history"
"CMS Home","programmeShowcase.title","zh-HK","messages/zh-HK.json:Home.programmeShowcase.title","WTIA content owner","EXISTING_SHIPPED_COPY_OWNER_RECONFIRMATION_PENDING","ea7e62463d1fb0eabf20146bed320591c122bd5428f29b09ea17dd39bd7f87aa","73272cc69ebc72bc8c552bb940b4a3eb6590c783","Existing fallback retained; engineering/browser acceptance does not approve this copy; database override version is separately audited by publication CAS/history"
"CMS Home","programmeShowcase.intro","en","messages/en.json:Home.programmeShowcase.intro","WTIA content owner","EXISTING_SHIPPED_COPY_OWNER_RECONFIRMATION_PENDING","850b867ed61bfcee4a1b454537707fc24971feab2b52b8b58bc1bb3d6bba3e20","73272cc69ebc72bc8c552bb940b4a3eb6590c783","Existing fallback retained; engineering/browser acceptance does not approve this copy; database override version is separately audited by publication CAS/history"
"CMS Home","programmeShowcase.intro","zh-HK","messages/zh-HK.json:Home.programmeShowcase.intro","WTIA content owner","EXISTING_SHIPPED_COPY_OWNER_RECONFIRMATION_PENDING","0fcf2791d3ed3bf1e21502e8a8d4a09884958a5db49d04fca9fbb965af41dad7","73272cc69ebc72bc8c552bb940b4a3eb6590c783","Existing fallback retained; engineering/browser acceptance does not approve this copy; database override version is separately audited by publication CAS/history"
"CMS Home","programmeShowcase.eventSeriesLabel","en","messages/en.json:Home.programmeShowcase.eventSeriesLabel","WTIA content owner","EXISTING_SHIPPED_COPY_OWNER_RECONFIRMATION_PENDING","4c41a6beeaf7768401ab874ea43a4b2bf740f7c7fb6d28a8864ba1bc4a044b88","73272cc69ebc72bc8c552bb940b4a3eb6590c783","Existing fallback retained; engineering/browser acceptance does not approve this copy; database override version is separately audited by publication CAS/history"
"CMS Home","programmeShowcase.eventSeriesLabel","zh-HK","messages/zh-HK.json:Home.programmeShowcase.eventSeriesLabel","WTIA content owner","EXISTING_SHIPPED_COPY_OWNER_RECONFIRMATION_PENDING","a1776387745f6598638f87d76e3d07f0e7ef2503c74d11784be1f5db68f1598c","73272cc69ebc72bc8c552bb940b4a3eb6590c783","Existing fallback retained; engineering/browser acceptance does not approve this copy; database override version is separately audited by publication CAS/history"
"CMS Home","programmeShowcase.credentialLabel","en","messages/en.json:Home.programmeShowcase.credentialLabel","WTIA content owner","EXISTING_SHIPPED_COPY_OWNER_RECONFIRMATION_PENDING","5ef4db4002da9f3195fcfdbcd9b749b16460f5f08d39d37e5af222b6df72dec1","73272cc69ebc72bc8c552bb940b4a3eb6590c783","Existing fallback retained; engineering/browser acceptance does not approve this copy; database override version is separately audited by publication CAS/history"
"CMS Home","programmeShowcase.credentialLabel","zh-HK","messages/zh-HK.json:Home.programmeShowcase.credentialLabel","WTIA content owner","EXISTING_SHIPPED_COPY_OWNER_RECONFIRMATION_PENDING","6ac62486cb33782a3d4bbbad49d8abe4f83e3f8c3bcd914e5f4eaeb9a3d7207f","73272cc69ebc72bc8c552bb940b4a3eb6590c783","Existing fallback retained; engineering/browser acceptance does not approve this copy; database override version is separately audited by publication CAS/history"
"CMS Home","programmeShowcase.editionsFact","en","messages/en.json:Home.programmeShowcase.editionsFact","WTIA content owner","EXISTING_SHIPPED_COPY_OWNER_RECONFIRMATION_PENDING","fa875dace8540867b06522c81d9ce124c36a7353a37e0da076e3a9def6e037db","73272cc69ebc72bc8c552bb940b4a3eb6590c783","Existing fallback retained; engineering/browser acceptance does not approve this copy; database override version is separately audited by publication CAS/history"
"CMS Home","programmeShowcase.editionsFact","zh-HK","messages/zh-HK.json:Home.programmeShowcase.editionsFact","WTIA content owner","EXISTING_SHIPPED_COPY_OWNER_RECONFIRMATION_PENDING","eddf8b2847120562d33281f1d99221ef168cfd09c1e53c2ab2481614478b9d1a","73272cc69ebc72bc8c552bb940b4a3eb6590c783","Existing fallback retained; engineering/browser acceptance does not approve this copy; database override version is separately audited by publication CAS/history"
"CMS Home","programmeShowcase.credentialFact","en","messages/en.json:Home.programmeShowcase.credentialFact","WTIA content owner","EXISTING_SHIPPED_COPY_OWNER_RECONFIRMATION_PENDING","5d580e1146d24b1e0f2a6ffe199ce8d9d5bfb71bc24142b14520e1e57d262e44","73272cc69ebc72bc8c552bb940b4a3eb6590c783","Existing fallback retained; engineering/browser acceptance does not approve this copy; database override version is separately audited by publication CAS/history"
"CMS Home","programmeShowcase.credentialFact","zh-HK","messages/zh-HK.json:Home.programmeShowcase.credentialFact","WTIA content owner","EXISTING_SHIPPED_COPY_OWNER_RECONFIRMATION_PENDING","09acdb54f45fd33a03a1b9ea39e96bccdc766b4dc4a96c2442daef369b2ff11f","73272cc69ebc72bc8c552bb940b4a3eb6590c783","Existing fallback retained; engineering/browser acceptance does not approve this copy; database override version is separately audited by publication CAS/history"
"CMS Home","programmeShowcase.action","en","messages/en.json:Home.programmeShowcase.action","WTIA content owner","EXISTING_SHIPPED_COPY_OWNER_RECONFIRMATION_PENDING","b81aecf8ee86ab808ecd287ba458baae98da569020f4309c527fc1afb9e5f54d","73272cc69ebc72bc8c552bb940b4a3eb6590c783","Existing fallback retained; engineering/browser acceptance does not approve this copy; database override version is separately audited by publication CAS/history"
"CMS Home","programmeShowcase.action","zh-HK","messages/zh-HK.json:Home.programmeShowcase.action","WTIA content owner","EXISTING_SHIPPED_COPY_OWNER_RECONFIRMATION_PENDING","8811685ad7d7745ee502cfe4534813b5c7f88ff405bf14d5c2f90082cc325824","73272cc69ebc72bc8c552bb940b4a3eb6590c783","Existing fallback retained; engineering/browser acceptance does not approve this copy; database override version is separately audited by publication CAS/history"
"CMS Home","programmeShowcase.items.cpai.name","en","messages/en.json:Home.programmeShowcase.items.cpai.name","WTIA content owner","OWNER_POLICY_OR_BRANDING_SIGNOFF_REQUIRED","36971efaa0a9d4bc210ff49b23c154f75e8c7d17e11049817e9ca2bbe1ca2ee6","73272cc69ebc72bc8c552bb940b4a3eb6590c783","Existing fallback retained; engineering/browser acceptance does not approve this copy; database override version is separately audited by publication CAS/history"
"CMS Home","programmeShowcase.items.cpai.name","zh-HK","messages/zh-HK.json:Home.programmeShowcase.items.cpai.name","WTIA content owner","OWNER_POLICY_OR_BRANDING_SIGNOFF_REQUIRED","36971efaa0a9d4bc210ff49b23c154f75e8c7d17e11049817e9ca2bbe1ca2ee6","73272cc69ebc72bc8c552bb940b4a3eb6590c783","Existing fallback retained; engineering/browser acceptance does not approve this copy; database override version is separately audited by publication CAS/history"
"CMS Home","programmeShowcase.items.cpai.description","en","messages/en.json:Home.programmeShowcase.items.cpai.description","WTIA content owner","EXISTING_SHIPPED_COPY_OWNER_RECONFIRMATION_PENDING","00c95bb0c0c10f30ea1cc51a20687c69e1473d20dfca26c602b6e7092b954128","73272cc69ebc72bc8c552bb940b4a3eb6590c783","Existing fallback retained; engineering/browser acceptance does not approve this copy; database override version is separately audited by publication CAS/history"
"CMS Home","programmeShowcase.items.cpai.description","zh-HK","messages/zh-HK.json:Home.programmeShowcase.items.cpai.description","WTIA content owner","EXISTING_SHIPPED_COPY_OWNER_RECONFIRMATION_PENDING","0e3a03e5f3a2813c757b95a1053142b3ccdc89e95bf708e80c63aeb0810a3a2a","73272cc69ebc72bc8c552bb940b4a3eb6590c783","Existing fallback retained; engineering/browser acceptance does not approve this copy; database override version is separately audited by publication CAS/history"
"CMS Home","programmeShowcase.items.hkict.name","en","messages/en.json:Home.programmeShowcase.items.hkict.name","WTIA content owner","OWNER_POLICY_OR_BRANDING_SIGNOFF_REQUIRED","40b5682a43b98e12fb7baf16047eda02bd1331bcaa1d337d045ce68ac7d6e236","73272cc69ebc72bc8c552bb940b4a3eb6590c783","Existing fallback retained; engineering/browser acceptance does not approve this copy; database override version is separately audited by publication CAS/history"
"CMS Home","programmeShowcase.items.hkict.name","zh-HK","messages/zh-HK.json:Home.programmeShowcase.items.hkict.name","WTIA content owner","OWNER_POLICY_OR_BRANDING_SIGNOFF_REQUIRED","b38da83649fca72ca68aeafa49eb2c0f25d2a0773ce1710ca64895649b2a22cf","73272cc69ebc72bc8c552bb940b4a3eb6590c783","Existing fallback retained; engineering/browser acceptance does not approve this copy; database override version is separately audited by publication CAS/history"
"CMS Home","programmeShowcase.items.hkict.description","en","messages/en.json:Home.programmeShowcase.items.hkict.description","WTIA content owner","EXISTING_SHIPPED_COPY_OWNER_RECONFIRMATION_PENDING","2f204669d363abab2a71ef418f7e36f6e545e918be90d1a1000579b2bfabb327","73272cc69ebc72bc8c552bb940b4a3eb6590c783","Existing fallback retained; engineering/browser acceptance does not approve this copy; database override version is separately audited by publication CAS/history"
"CMS Home","programmeShowcase.items.hkict.description","zh-HK","messages/zh-HK.json:Home.programmeShowcase.items.hkict.description","WTIA content owner","EXISTING_SHIPPED_COPY_OWNER_RECONFIRMATION_PENDING","933a4316d7e1ed3b58867b02c85164471b16f60c258f6c3e4180c00be780de9f","73272cc69ebc72bc8c552bb940b4a3eb6590c783","Existing fallback retained; engineering/browser acceptance does not approve this copy; database override version is separately audited by publication CAS/history"
"CMS Home","programmeShowcase.items.tct.name","en","messages/en.json:Home.programmeShowcase.items.tct.name","WTIA content owner","OWNER_POLICY_OR_BRANDING_SIGNOFF_REQUIRED","146c94b98950d88fc2a832809541d88add0b69e6fb96baf895211072ff64403f","73272cc69ebc72bc8c552bb940b4a3eb6590c783","Existing fallback retained; engineering/browser acceptance does not approve this copy; database override version is separately audited by publication CAS/history"
"CMS Home","programmeShowcase.items.tct.name","zh-HK","messages/zh-HK.json:Home.programmeShowcase.items.tct.name","WTIA content owner","OWNER_POLICY_OR_BRANDING_SIGNOFF_REQUIRED","146c94b98950d88fc2a832809541d88add0b69e6fb96baf895211072ff64403f","73272cc69ebc72bc8c552bb940b4a3eb6590c783","Existing fallback retained; engineering/browser acceptance does not approve this copy; database override version is separately audited by publication CAS/history"
"CMS Home","programmeShowcase.items.tct.description","en","messages/en.json:Home.programmeShowcase.items.tct.description","WTIA content owner","EXISTING_SHIPPED_COPY_OWNER_RECONFIRMATION_PENDING","1f5e3169daece7262a66483c949dd079eb8ba367aa3233ed59885193f1677bd0","73272cc69ebc72bc8c552bb940b4a3eb6590c783","Existing fallback retained; engineering/browser acceptance does not approve this copy; database override version is separately audited by publication CAS/history"
"CMS Home","programmeShowcase.items.tct.description","zh-HK","messages/zh-HK.json:Home.programmeShowcase.items.tct.description","WTIA content owner","EXISTING_SHIPPED_COPY_OWNER_RECONFIRMATION_PENDING","80033c762f387a516b9c4af1839dad3e4da47878eba6492f420b616cccbe2d61","73272cc69ebc72bc8c552bb940b4a3eb6590c783","Existing fallback retained; engineering/browser acceptance does not approve this copy; database override version is separately audited by publication CAS/history"
"CMS Home","programmeShowcase.items.asa.name","en","messages/en.json:Home.programmeShowcase.items.asa.name","WTIA content owner","OWNER_POLICY_OR_BRANDING_SIGNOFF_REQUIRED","e08217233d1cc23fa375dd9d62e9044f3aee6e22596b01921a3844ff8420eb10","73272cc69ebc72bc8c552bb940b4a3eb6590c783","Existing fallback retained; engineering/browser acceptance does not approve this copy; database override version is separately audited by publication CAS/history"
"CMS Home","programmeShowcase.items.asa.name","zh-HK","messages/zh-HK.json:Home.programmeShowcase.items.asa.name","WTIA content owner","OWNER_POLICY_OR_BRANDING_SIGNOFF_REQUIRED","94e3cb46fb52cf6f36e547247c70d21beb6ca394794c32d5ae29289cc87c127a","73272cc69ebc72bc8c552bb940b4a3eb6590c783","Existing fallback retained; engineering/browser acceptance does not approve this copy; database override version is separately audited by publication CAS/history"
"CMS Home","programmeShowcase.items.asa.description","en","messages/en.json:Home.programmeShowcase.items.asa.description","WTIA content owner","EXISTING_SHIPPED_COPY_OWNER_RECONFIRMATION_PENDING","22b335a6ebbf7416674ffa2aef630e7187cca36d81f53b7b0617b286cfc13ff8","73272cc69ebc72bc8c552bb940b4a3eb6590c783","Existing fallback retained; engineering/browser acceptance does not approve this copy; database override version is separately audited by publication CAS/history"
"CMS Home","programmeShowcase.items.asa.description","zh-HK","messages/zh-HK.json:Home.programmeShowcase.items.asa.description","WTIA content owner","EXISTING_SHIPPED_COPY_OWNER_RECONFIRMATION_PENDING","98850f3b1acdd6977132d1b43f08b79e734c23d8367cb2025f2bfede7980f7b8","73272cc69ebc72bc8c552bb940b4a3eb6590c783","Existing fallback retained; engineering/browser acceptance does not approve this copy; database override version is separately audited by publication CAS/history"
"CMS Home","gbaGateway.eyebrow","en","messages/en.json:Home.gbaGateway.eyebrow","WTIA content owner","EXISTING_SHIPPED_COPY_OWNER_RECONFIRMATION_PENDING","a828b1456ad369b6f096dff0d9afed18b6ca728333feadac9cdbc6e9e423f141","73272cc69ebc72bc8c552bb940b4a3eb6590c783","Existing fallback retained; engineering/browser acceptance does not approve this copy; database override version is separately audited by publication CAS/history"
"CMS Home","gbaGateway.eyebrow","zh-HK","messages/zh-HK.json:Home.gbaGateway.eyebrow","WTIA content owner","EXISTING_SHIPPED_COPY_OWNER_RECONFIRMATION_PENDING","2fcba500b107d3a3861a14cc52f240f609340724824fd673964ae888b6b675bf","73272cc69ebc72bc8c552bb940b4a3eb6590c783","Existing fallback retained; engineering/browser acceptance does not approve this copy; database override version is separately audited by publication CAS/history"
"CMS Home","gbaGateway.title","en","messages/en.json:Home.gbaGateway.title","WTIA content owner","EXISTING_SHIPPED_COPY_OWNER_RECONFIRMATION_PENDING","0cc2b89fba9251223b84adf2f2704b81d7989c93f0d37e3fb1d26a328c2ec55c","73272cc69ebc72bc8c552bb940b4a3eb6590c783","Existing fallback retained; engineering/browser acceptance does not approve this copy; database override version is separately audited by publication CAS/history"
"CMS Home","gbaGateway.title","zh-HK","messages/zh-HK.json:Home.gbaGateway.title","WTIA content owner","EXISTING_SHIPPED_COPY_OWNER_RECONFIRMATION_PENDING","4c81d5aca9d8282eb2b2a79caec30245a5865c19a450309b18c5fb646a9b602c","73272cc69ebc72bc8c552bb940b4a3eb6590c783","Existing fallback retained; engineering/browser acceptance does not approve this copy; database override version is separately audited by publication CAS/history"
"CMS Home","gbaGateway.copy","en","messages/en.json:Home.gbaGateway.copy","WTIA content owner","EXISTING_SHIPPED_COPY_OWNER_RECONFIRMATION_PENDING","dd8b6849b5095370544c5dc37a9f2870ca2912004288ec5e3b47873ae49dbd78","73272cc69ebc72bc8c552bb940b4a3eb6590c783","Existing fallback retained; engineering/browser acceptance does not approve this copy; database override version is separately audited by publication CAS/history"
"CMS Home","gbaGateway.copy","zh-HK","messages/zh-HK.json:Home.gbaGateway.copy","WTIA content owner","EXISTING_SHIPPED_COPY_OWNER_RECONFIRMATION_PENDING","d1f94c4ffc140edf50daffd66cb7b7b8ff500724d755920a44ad69de9c243b79","73272cc69ebc72bc8c552bb940b4a3eb6590c783","Existing fallback retained; engineering/browser acceptance does not approve this copy; database override version is separately audited by publication CAS/history"
"CMS Home","gbaGateway.openCohortAction","en","messages/en.json:Home.gbaGateway.openCohortAction","WTIA content owner","EXISTING_SHIPPED_COPY_OWNER_RECONFIRMATION_PENDING","0d5b408510af66af83906c8ed6f057dd8f0aa4ccaacf0965e28f8c14ad736bba","73272cc69ebc72bc8c552bb940b4a3eb6590c783","Existing fallback retained; engineering/browser acceptance does not approve this copy; database override version is separately audited by publication CAS/history"
"CMS Home","gbaGateway.openCohortAction","zh-HK","messages/zh-HK.json:Home.gbaGateway.openCohortAction","WTIA content owner","EXISTING_SHIPPED_COPY_OWNER_RECONFIRMATION_PENDING","d95049270d311e6827691be42da8ca203d8c472dbb48884d206c50d174daf2e8","73272cc69ebc72bc8c552bb940b4a3eb6590c783","Existing fallback retained; engineering/browser acceptance does not approve this copy; database override version is separately audited by publication CAS/history"
"CMS Home","gbaGateway.exploreAction","en","messages/en.json:Home.gbaGateway.exploreAction","WTIA content owner","EXISTING_SHIPPED_COPY_OWNER_RECONFIRMATION_PENDING","478c23700cd02a87d8b751ab1a81d390c3ddc97c2209564532004145ea6c6e61","73272cc69ebc72bc8c552bb940b4a3eb6590c783","Existing fallback retained; engineering/browser acceptance does not approve this copy; database override version is separately audited by publication CAS/history"
"CMS Home","gbaGateway.exploreAction","zh-HK","messages/zh-HK.json:Home.gbaGateway.exploreAction","WTIA content owner","EXISTING_SHIPPED_COPY_OWNER_RECONFIRMATION_PENDING","3c38e55296b89c112190bff1e11582e5a4b26d689dcf254b90adb58e27709e1c","73272cc69ebc72bc8c552bb940b4a3eb6590c783","Existing fallback retained; engineering/browser acceptance does not approve this copy; database override version is separately audited by publication CAS/history"
"CMS Home","impact.eyebrow","en","messages/en.json:Home.impact.eyebrow","WTIA content owner","EXISTING_SHIPPED_COPY_OWNER_RECONFIRMATION_PENDING","5b70f91152e0b1c8df1134084a178eb973d23623800cb9275f401048451fe8f0","73272cc69ebc72bc8c552bb940b4a3eb6590c783","Existing fallback retained; engineering/browser acceptance does not approve this copy; database override version is separately audited by publication CAS/history"
"CMS Home","impact.eyebrow","zh-HK","messages/zh-HK.json:Home.impact.eyebrow","WTIA content owner","EXISTING_SHIPPED_COPY_OWNER_RECONFIRMATION_PENDING","f53d6de3f7762f0dd508b3288fc387b4342f8187fd66f7eee2b5ef841edf7093","73272cc69ebc72bc8c552bb940b4a3eb6590c783","Existing fallback retained; engineering/browser acceptance does not approve this copy; database override version is separately audited by publication CAS/history"
"CMS Home","impact.title","en","messages/en.json:Home.impact.title","WTIA content owner","EXISTING_SHIPPED_COPY_OWNER_RECONFIRMATION_PENDING","a3dd8cec061fc7049b2344fd651399e33c9b8de674bf2fe104995e62ae27742c","73272cc69ebc72bc8c552bb940b4a3eb6590c783","Existing fallback retained; engineering/browser acceptance does not approve this copy; database override version is separately audited by publication CAS/history"
"CMS Home","impact.title","zh-HK","messages/zh-HK.json:Home.impact.title","WTIA content owner","EXISTING_SHIPPED_COPY_OWNER_RECONFIRMATION_PENDING","70506a57d0676e3262233ca3a606ab85785f1808d2a96d489f5b389fa03b21a7","73272cc69ebc72bc8c552bb940b4a3eb6590c783","Existing fallback retained; engineering/browser acceptance does not approve this copy; database override version is separately audited by publication CAS/history"
"CMS Home","impact.intro","en","messages/en.json:Home.impact.intro","WTIA content owner","EXISTING_SHIPPED_COPY_OWNER_RECONFIRMATION_PENDING","fb2dd2eb92366fcc6e8454e24cb8448406b9e8c79609999566e3bc72a773b319","73272cc69ebc72bc8c552bb940b4a3eb6590c783","Existing fallback retained; engineering/browser acceptance does not approve this copy; database override version is separately audited by publication CAS/history"
"CMS Home","impact.intro","zh-HK","messages/zh-HK.json:Home.impact.intro","WTIA content owner","EXISTING_SHIPPED_COPY_OWNER_RECONFIRMATION_PENDING","288393c67ff9ee709f5e232bf581145a5e634d5d8f6c6973eaff54ec3e7a10c1","73272cc69ebc72bc8c552bb940b4a3eb6590c783","Existing fallback retained; engineering/browser acceptance does not approve this copy; database override version is separately audited by publication CAS/history"
"CMS Home","impact.sourceLabel","en","messages/en.json:Home.impact.sourceLabel","WTIA content owner","EXISTING_SHIPPED_COPY_OWNER_RECONFIRMATION_PENDING","508c0832c22f389e7a0f980318c98f266996b46da7e057ec0a2a88f0e9eead13","73272cc69ebc72bc8c552bb940b4a3eb6590c783","Existing fallback retained; engineering/browser acceptance does not approve this copy; database override version is separately audited by publication CAS/history"
"CMS Home","impact.sourceLabel","zh-HK","messages/zh-HK.json:Home.impact.sourceLabel","WTIA content owner","EXISTING_SHIPPED_COPY_OWNER_RECONFIRMATION_PENDING","b8aabd16472c0e5999d87f90e0310d71f4572ed673b632cb5061ee01c559fa9f","73272cc69ebc72bc8c552bb940b4a3eb6590c783","Existing fallback retained; engineering/browser acceptance does not approve this copy; database override version is separately audited by publication CAS/history"
"CMS Home","impact.source","en","messages/en.json:Home.impact.source","WTIA content owner","EXISTING_SHIPPED_COPY_OWNER_RECONFIRMATION_PENDING","1cadaaaf095c9bbff5e829a3ad5b079d54d02c677775f2c19e8a08029c973153","73272cc69ebc72bc8c552bb940b4a3eb6590c783","Existing fallback retained; engineering/browser acceptance does not approve this copy; database override version is separately audited by publication CAS/history"
"CMS Home","impact.source","zh-HK","messages/zh-HK.json:Home.impact.source","WTIA content owner","EXISTING_SHIPPED_COPY_OWNER_RECONFIRMATION_PENDING","7ead38354d14fc37a61381df864976b815cc9b194190178124f59512b5e793ab","73272cc69ebc72bc8c552bb940b4a3eb6590c783","Existing fallback retained; engineering/browser acceptance does not approve this copy; database override version is separately audited by publication CAS/history"
"CMS Home","impact.sourceLink","en","messages/en.json:Home.impact.sourceLink","WTIA content owner","EXISTING_SHIPPED_COPY_OWNER_RECONFIRMATION_PENDING","d16deb6ed28069976f9908e5f0549f2086f63510274ce9d41733b75a6224b204","73272cc69ebc72bc8c552bb940b4a3eb6590c783","Existing fallback retained; engineering/browser acceptance does not approve this copy; database override version is separately audited by publication CAS/history"
"CMS Home","impact.sourceLink","zh-HK","messages/zh-HK.json:Home.impact.sourceLink","WTIA content owner","EXISTING_SHIPPED_COPY_OWNER_RECONFIRMATION_PENDING","b3645997a3ff3f1430d81b6e1c54ce0abc6427a7c403e2b5c301c0e66f0196c9","73272cc69ebc72bc8c552bb940b4a3eb6590c783","Existing fallback retained; engineering/browser acceptance does not approve this copy; database override version is separately audited by publication CAS/history"
"CMS Home","impact.pastEvents.label","en","messages/en.json:Home.impact.pastEvents.label","WTIA content owner","EXISTING_SHIPPED_COPY_OWNER_RECONFIRMATION_PENDING","17c8e4eb624ef00a486d537693997bda0b8cf75611981ce7875ef93c897139aa","73272cc69ebc72bc8c552bb940b4a3eb6590c783","Existing fallback retained; engineering/browser acceptance does not approve this copy; database override version is separately audited by publication CAS/history"
"CMS Home","impact.pastEvents.label","zh-HK","messages/zh-HK.json:Home.impact.pastEvents.label","WTIA content owner","EXISTING_SHIPPED_COPY_OWNER_RECONFIRMATION_PENDING","6458725ebbe6c0856075143440c0fd2916a148d11e914f8155f1c1416b5bf83f","73272cc69ebc72bc8c552bb940b4a3eb6590c783","Existing fallback retained; engineering/browser acceptance does not approve this copy; database override version is separately audited by publication CAS/history"
"CMS Home","impact.pastEvents.definition","en","messages/en.json:Home.impact.pastEvents.definition","WTIA content owner","EXISTING_SHIPPED_COPY_OWNER_RECONFIRMATION_PENDING","4dcad87508889e9e9fad3a740b0d67f3472c79271a07b10f10be3073c2cfede2","73272cc69ebc72bc8c552bb940b4a3eb6590c783","Existing fallback retained; engineering/browser acceptance does not approve this copy; database override version is separately audited by publication CAS/history"
"CMS Home","impact.pastEvents.definition","zh-HK","messages/zh-HK.json:Home.impact.pastEvents.definition","WTIA content owner","EXISTING_SHIPPED_COPY_OWNER_RECONFIRMATION_PENDING","93a73224c760c64a71e147e65a93d9c167849dcb85982a608fef74f63bfcca8e","73272cc69ebc72bc8c552bb940b4a3eb6590c783","Existing fallback retained; engineering/browser acceptance does not approve this copy; database override version is separately audited by publication CAS/history"
"CMS Home","impact.pastEvents.period","en","messages/en.json:Home.impact.pastEvents.period","WTIA content owner","EXISTING_SHIPPED_COPY_OWNER_RECONFIRMATION_PENDING","78cc5b9e5ea3cc406b4c7f012457ef8c3db0012b40f198e8cfca7d395a00b785","73272cc69ebc72bc8c552bb940b4a3eb6590c783","Existing fallback retained; engineering/browser acceptance does not approve this copy; database override version is separately audited by publication CAS/history"
"CMS Home","impact.pastEvents.period","zh-HK","messages/zh-HK.json:Home.impact.pastEvents.period","WTIA content owner","EXISTING_SHIPPED_COPY_OWNER_RECONFIRMATION_PENDING","41f8446c0a789cace8a18300dee8fcee88513c82a87b8914ec0330db8b5f295b","73272cc69ebc72bc8c552bb940b4a3eb6590c783","Existing fallback retained; engineering/browser acceptance does not approve this copy; database override version is separately audited by publication CAS/history"
"CMS Home","impact.publishedPartners.label","en","messages/en.json:Home.impact.publishedPartners.label","WTIA content owner","EXISTING_SHIPPED_COPY_OWNER_RECONFIRMATION_PENDING","505e9fb35d96db64220c6985515752d7bea99ed1d02264b31e262b141c98ee11","73272cc69ebc72bc8c552bb940b4a3eb6590c783","Existing fallback retained; engineering/browser acceptance does not approve this copy; database override version is separately audited by publication CAS/history"
"CMS Home","impact.publishedPartners.label","zh-HK","messages/zh-HK.json:Home.impact.publishedPartners.label","WTIA content owner","EXISTING_SHIPPED_COPY_OWNER_RECONFIRMATION_PENDING","70867bf457632e4c1ba1ac90db573fb473d18a1ebc0a8c91d70d7848044af408","73272cc69ebc72bc8c552bb940b4a3eb6590c783","Existing fallback retained; engineering/browser acceptance does not approve this copy; database override version is separately audited by publication CAS/history"
"CMS Home","impact.publishedPartners.definition","en","messages/en.json:Home.impact.publishedPartners.definition","WTIA content owner","EXISTING_SHIPPED_COPY_OWNER_RECONFIRMATION_PENDING","1aeab6b25d56e99d8f403bd5b609dce64ad9d0956b90411c98fc0d4fdc438262","73272cc69ebc72bc8c552bb940b4a3eb6590c783","Existing fallback retained; engineering/browser acceptance does not approve this copy; database override version is separately audited by publication CAS/history"
"CMS Home","impact.publishedPartners.definition","zh-HK","messages/zh-HK.json:Home.impact.publishedPartners.definition","WTIA content owner","EXISTING_SHIPPED_COPY_OWNER_RECONFIRMATION_PENDING","80d78087d61566f1288868992209722c4ce6f55351a561a883054c5c22bb3355","73272cc69ebc72bc8c552bb940b4a3eb6590c783","Existing fallback retained; engineering/browser acceptance does not approve this copy; database override version is separately audited by publication CAS/history"
"CMS Home","impact.publishedPartners.period","en","messages/en.json:Home.impact.publishedPartners.period","WTIA content owner","EXISTING_SHIPPED_COPY_OWNER_RECONFIRMATION_PENDING","78cc5b9e5ea3cc406b4c7f012457ef8c3db0012b40f198e8cfca7d395a00b785","73272cc69ebc72bc8c552bb940b4a3eb6590c783","Existing fallback retained; engineering/browser acceptance does not approve this copy; database override version is separately audited by publication CAS/history"
"CMS Home","impact.publishedPartners.period","zh-HK","messages/zh-HK.json:Home.impact.publishedPartners.period","WTIA content owner","EXISTING_SHIPPED_COPY_OWNER_RECONFIRMATION_PENDING","41f8446c0a789cace8a18300dee8fcee88513c82a87b8914ec0330db8b5f295b","73272cc69ebc72bc8c552bb940b4a3eb6590c783","Existing fallback retained; engineering/browser acceptance does not approve this copy; database override version is separately audited by publication CAS/history"
"CMS Home","impact.asaRegions.label","en","messages/en.json:Home.impact.asaRegions.label","WTIA content owner","EXISTING_SHIPPED_COPY_OWNER_RECONFIRMATION_PENDING","fdbcf51e675359d8a8ad8674677b6cc67ab0825095972b7861ef79129a764025","73272cc69ebc72bc8c552bb940b4a3eb6590c783","Existing fallback retained; engineering/browser acceptance does not approve this copy; database override version is separately audited by publication CAS/history"
"CMS Home","impact.asaRegions.label","zh-HK","messages/zh-HK.json:Home.impact.asaRegions.label","WTIA content owner","EXISTING_SHIPPED_COPY_OWNER_RECONFIRMATION_PENDING","f32f9282b602bc30613d5634b75d69ff4a84ddfc3373e179b6c085643814f663","73272cc69ebc72bc8c552bb940b4a3eb6590c783","Existing fallback retained; engineering/browser acceptance does not approve this copy; database override version is separately audited by publication CAS/history"
"CMS Home","impact.asaRegions.definition","en","messages/en.json:Home.impact.asaRegions.definition","WTIA content owner","EXISTING_SHIPPED_COPY_OWNER_RECONFIRMATION_PENDING","29be02859603bf713668d105d16d113c4c86d0264d1653cbd6cdcd50a690be48","73272cc69ebc72bc8c552bb940b4a3eb6590c783","Existing fallback retained; engineering/browser acceptance does not approve this copy; database override version is separately audited by publication CAS/history"
"CMS Home","impact.asaRegions.definition","zh-HK","messages/zh-HK.json:Home.impact.asaRegions.definition","WTIA content owner","EXISTING_SHIPPED_COPY_OWNER_RECONFIRMATION_PENDING","bec5d2f6eced0b98df11427ec2c3bdd9a185eb5963342c3a0b25d41a5c790d86","73272cc69ebc72bc8c552bb940b4a3eb6590c783","Existing fallback retained; engineering/browser acceptance does not approve this copy; database override version is separately audited by publication CAS/history"
"CMS Home","impact.asaRegions.period","en","messages/en.json:Home.impact.asaRegions.period","WTIA content owner","EXISTING_SHIPPED_COPY_OWNER_RECONFIRMATION_PENDING","c6efcfb9e23b939c8f6e658dbf7ddf4b8bf40403b63f4469724133f41349656f","73272cc69ebc72bc8c552bb940b4a3eb6590c783","Existing fallback retained; engineering/browser acceptance does not approve this copy; database override version is separately audited by publication CAS/history"
"CMS Home","impact.asaRegions.period","zh-HK","messages/zh-HK.json:Home.impact.asaRegions.period","WTIA content owner","EXISTING_SHIPPED_COPY_OWNER_RECONFIRMATION_PENDING","3a5690d8c965f3ebc0ed140c0dcd597862dfd5c88dcfb57aa203b358cbc7aaf5","73272cc69ebc72bc8c552bb940b4a3eb6590c783","Existing fallback retained; engineering/browser acceptance does not approve this copy; database override version is separately audited by publication CAS/history"
"CMS Home","archiveStories.eyebrow","en","messages/en.json:Home.archiveStories.eyebrow","WTIA content owner","EXISTING_SHIPPED_COPY_OWNER_RECONFIRMATION_PENDING","dd7320e3fc0b065eb58fe3c03f24487f996fc931ca0ba76e5e55eb178f621b80","73272cc69ebc72bc8c552bb940b4a3eb6590c783","Existing fallback retained; engineering/browser acceptance does not approve this copy; database override version is separately audited by publication CAS/history"
"CMS Home","archiveStories.eyebrow","zh-HK","messages/zh-HK.json:Home.archiveStories.eyebrow","WTIA content owner","EXISTING_SHIPPED_COPY_OWNER_RECONFIRMATION_PENDING","3c8926d437893363236ef239a1ddca104f90e071c0bfe59bf65c77ce8cc93f62","73272cc69ebc72bc8c552bb940b4a3eb6590c783","Existing fallback retained; engineering/browser acceptance does not approve this copy; database override version is separately audited by publication CAS/history"
"CMS Home","archiveStories.title","en","messages/en.json:Home.archiveStories.title","WTIA content owner","EXISTING_SHIPPED_COPY_OWNER_RECONFIRMATION_PENDING","98291db032891c4cbc8e8760995889f7fd7bf95867de1c39c07d6fbb64b1eb65","73272cc69ebc72bc8c552bb940b4a3eb6590c783","Existing fallback retained; engineering/browser acceptance does not approve this copy; database override version is separately audited by publication CAS/history"
"CMS Home","archiveStories.title","zh-HK","messages/zh-HK.json:Home.archiveStories.title","WTIA content owner","EXISTING_SHIPPED_COPY_OWNER_RECONFIRMATION_PENDING","a23c56b3785328511037863067c86123a6535e26318de68b93c2a77e980e1803","73272cc69ebc72bc8c552bb940b4a3eb6590c783","Existing fallback retained; engineering/browser acceptance does not approve this copy; database override version is separately audited by publication CAS/history"
"CMS Home","archiveStories.intro","en","messages/en.json:Home.archiveStories.intro","WTIA content owner","EXISTING_SHIPPED_COPY_OWNER_RECONFIRMATION_PENDING","ef7a2f960886dce15b47258b52bafa2e476baf1b05f67c83e1f882edf1712ae4","73272cc69ebc72bc8c552bb940b4a3eb6590c783","Existing fallback retained; engineering/browser acceptance does not approve this copy; database override version is separately audited by publication CAS/history"
"CMS Home","archiveStories.intro","zh-HK","messages/zh-HK.json:Home.archiveStories.intro","WTIA content owner","EXISTING_SHIPPED_COPY_OWNER_RECONFIRMATION_PENDING","d82638972e7436b98f6a1769fa5384adaba9248005077456ecb34f993bc50522","73272cc69ebc72bc8c552bb940b4a3eb6590c783","Existing fallback retained; engineering/browser acceptance does not approve this copy; database override version is separately audited by publication CAS/history"
"CMS Home","archiveStories.galleryAction","en","messages/en.json:Home.archiveStories.galleryAction","WTIA content owner","EXISTING_SHIPPED_COPY_OWNER_RECONFIRMATION_PENDING","231a7897941a6e72a469432c2661fb0c322f75eb95d0e91ae081178dbe89a9b6","73272cc69ebc72bc8c552bb940b4a3eb6590c783","Existing fallback retained; engineering/browser acceptance does not approve this copy; database override version is separately audited by publication CAS/history"
"CMS Home","archiveStories.galleryAction","zh-HK","messages/zh-HK.json:Home.archiveStories.galleryAction","WTIA content owner","EXISTING_SHIPPED_COPY_OWNER_RECONFIRMATION_PENDING","120483afcc07059f63d8010bda4d8812ff6b3298b01f95113e5fba926f2dac38","73272cc69ebc72bc8c552bb940b4a3eb6590c783","Existing fallback retained; engineering/browser acceptance does not approve this copy; database override version is separately audited by publication CAS/history"
"CMS Home","archiveStories.captionLabel","en","messages/en.json:Home.archiveStories.captionLabel","WTIA content owner","EXISTING_SHIPPED_COPY_OWNER_RECONFIRMATION_PENDING","6aea6d22148a9b7b038a342e0cfac867ac098c78589e1a161d3d30245ee5b578","73272cc69ebc72bc8c552bb940b4a3eb6590c783","Existing fallback retained; engineering/browser acceptance does not approve this copy; database override version is separately audited by publication CAS/history"
"CMS Home","archiveStories.captionLabel","zh-HK","messages/zh-HK.json:Home.archiveStories.captionLabel","WTIA content owner","EXISTING_SHIPPED_COPY_OWNER_RECONFIRMATION_PENDING","b68a82060ba290c028b57bb22418ccdd3d911d6aa00af067853d005417be6f01","73272cc69ebc72bc8c552bb940b4a3eb6590c783","Existing fallback retained; engineering/browser acceptance does not approve this copy; database override version is separately audited by publication CAS/history"
"CMS Home","legacyNetwork.eyebrow","en","messages/en.json:Home.legacyNetwork.eyebrow","WTIA content owner","EXISTING_SHIPPED_COPY_OWNER_RECONFIRMATION_PENDING","2f3ba4425cf423e2c0f73d2d399dd67cd4dfcbcf8558834c78b896c45b530023","73272cc69ebc72bc8c552bb940b4a3eb6590c783","Existing fallback retained; engineering/browser acceptance does not approve this copy; database override version is separately audited by publication CAS/history"
"CMS Home","legacyNetwork.eyebrow","zh-HK","messages/zh-HK.json:Home.legacyNetwork.eyebrow","WTIA content owner","EXISTING_SHIPPED_COPY_OWNER_RECONFIRMATION_PENDING","4b8b571066ebffbea702b05a265af6bd1ebe55d9753c13cadafce27c6ae39504","73272cc69ebc72bc8c552bb940b4a3eb6590c783","Existing fallback retained; engineering/browser acceptance does not approve this copy; database override version is separately audited by publication CAS/history"
"CMS Home","legacyNetwork.title","en","messages/en.json:Home.legacyNetwork.title","WTIA content owner","EXISTING_SHIPPED_COPY_OWNER_RECONFIRMATION_PENDING","46c2f370efc311496ce54f83ef7dfe8977ed70b8634a0f96bd8a614dbd6e9c6d","73272cc69ebc72bc8c552bb940b4a3eb6590c783","Existing fallback retained; engineering/browser acceptance does not approve this copy; database override version is separately audited by publication CAS/history"
"CMS Home","legacyNetwork.title","zh-HK","messages/zh-HK.json:Home.legacyNetwork.title","WTIA content owner","EXISTING_SHIPPED_COPY_OWNER_RECONFIRMATION_PENDING","30dfd8beda4cb4b64d11e3cdda774cd0e582ba0b5a3fc0fbac42d3ea79a612ee","73272cc69ebc72bc8c552bb940b4a3eb6590c783","Existing fallback retained; engineering/browser acceptance does not approve this copy; database override version is separately audited by publication CAS/history"
"CMS Home","legacyNetwork.note","en","messages/en.json:Home.legacyNetwork.note","WTIA content owner","EXISTING_SHIPPED_COPY_OWNER_RECONFIRMATION_PENDING","965185c73c1e6827f1bb9e0d1e81b3a2894e3ebfd0dc9b825f8aabd32c337102","73272cc69ebc72bc8c552bb940b4a3eb6590c783","Existing fallback retained; engineering/browser acceptance does not approve this copy; database override version is separately audited by publication CAS/history"
"CMS Home","legacyNetwork.note","zh-HK","messages/zh-HK.json:Home.legacyNetwork.note","WTIA content owner","EXISTING_SHIPPED_COPY_OWNER_RECONFIRMATION_PENDING","c6b0f2e75794532e298904e1776a48820c61852d3cbe933ee33fca221776a8a4","73272cc69ebc72bc8c552bb940b4a3eb6590c783","Existing fallback retained; engineering/browser acceptance does not approve this copy; database override version is separately audited by publication CAS/history"
"CMS Home","legacyNetwork.viewAllAction","en","messages/en.json:Home.legacyNetwork.viewAllAction","WTIA content owner","EXISTING_SHIPPED_COPY_OWNER_RECONFIRMATION_PENDING","07c45cda3249d892bd47e7c3456ac8d5aa0863c400d8be5a1f35872ff9f18bc2","73272cc69ebc72bc8c552bb940b4a3eb6590c783","Existing fallback retained; engineering/browser acceptance does not approve this copy; database override version is separately audited by publication CAS/history"
"CMS Home","legacyNetwork.viewAllAction","zh-HK","messages/zh-HK.json:Home.legacyNetwork.viewAllAction","WTIA content owner","EXISTING_SHIPPED_COPY_OWNER_RECONFIRMATION_PENDING","8da0ed124ffa7d90e29030f328287b02aa0d533a4c9138071debc12b50501f21","73272cc69ebc72bc8c552bb940b4a3eb6590c783","Existing fallback retained; engineering/browser acceptance does not approve this copy; database override version is separately audited by publication CAS/history"
"CMS Home","legacyNetwork.previewNote","en","messages/en.json:Home.legacyNetwork.previewNote","WTIA content owner","EXISTING_SHIPPED_COPY_OWNER_RECONFIRMATION_PENDING","3526157bf9bcf588e44879c2cff2a408d5c2c89e124492f2ce4e0cf6843eec44","73272cc69ebc72bc8c552bb940b4a3eb6590c783","Existing fallback retained; engineering/browser acceptance does not approve this copy; database override version is separately audited by publication CAS/history"
"CMS Home","legacyNetwork.previewNote","zh-HK","messages/zh-HK.json:Home.legacyNetwork.previewNote","WTIA content owner","EXISTING_SHIPPED_COPY_OWNER_RECONFIRMATION_PENDING","d3fba5914cde8a6b2e84980a16493bd7b6aeb016506b65082c453e170716e939","73272cc69ebc72bc8c552bb940b4a3eb6590c783","Existing fallback retained; engineering/browser acceptance does not approve this copy; database override version is separately audited by publication CAS/history"
"CMS Home","legacyNetwork.tabs.supporting","en","messages/en.json:Home.legacyNetwork.tabs.supporting","WTIA content owner","EXISTING_SHIPPED_COPY_OWNER_RECONFIRMATION_PENDING","3837a4d0f87fc6e242e93106ac16bb7c0694c0f8b2ff1549fcc2df23c6557f0c","73272cc69ebc72bc8c552bb940b4a3eb6590c783","Existing fallback retained; engineering/browser acceptance does not approve this copy; database override version is separately audited by publication CAS/history"
"CMS Home","legacyNetwork.tabs.supporting","zh-HK","messages/zh-HK.json:Home.legacyNetwork.tabs.supporting","WTIA content owner","EXISTING_SHIPPED_COPY_OWNER_RECONFIRMATION_PENDING","aafe20924cb7a08b3d9c83db9c327d5a22654f2ad6ebdcfc62390a5eec68a95c","73272cc69ebc72bc8c552bb940b4a3eb6590c783","Existing fallback retained; engineering/browser acceptance does not approve this copy; database override version is separately audited by publication CAS/history"
"CMS Home","legacyNetwork.tabs.regional","en","messages/en.json:Home.legacyNetwork.tabs.regional","WTIA content owner","EXISTING_SHIPPED_COPY_OWNER_RECONFIRMATION_PENDING","a89c8c81e20b5725d5b4e27d2689122e575e50ae26a6fa0a3d7f528c7393f4e2","73272cc69ebc72bc8c552bb940b4a3eb6590c783","Existing fallback retained; engineering/browser acceptance does not approve this copy; database override version is separately audited by publication CAS/history"
"CMS Home","legacyNetwork.tabs.regional","zh-HK","messages/zh-HK.json:Home.legacyNetwork.tabs.regional","WTIA content owner","EXISTING_SHIPPED_COPY_OWNER_RECONFIRMATION_PENDING","f1096029b2e2fcfa20ee5008e581c9e5209a252f0f8818c993a5d254ba89844c","73272cc69ebc72bc8c552bb940b4a3eb6590c783","Existing fallback retained; engineering/browser acceptance does not approve this copy; database override version is separately audited by publication CAS/history"
"CMS Home","legacyNetwork.tabs.media","en","messages/en.json:Home.legacyNetwork.tabs.media","WTIA content owner","EXISTING_SHIPPED_COPY_OWNER_RECONFIRMATION_PENDING","55bd4664a70293ed727abbd7ad7c1e7878294fe89c9c204c479aea7192b1e617","73272cc69ebc72bc8c552bb940b4a3eb6590c783","Existing fallback retained; engineering/browser acceptance does not approve this copy; database override version is separately audited by publication CAS/history"
"CMS Home","legacyNetwork.tabs.media","zh-HK","messages/zh-HK.json:Home.legacyNetwork.tabs.media","WTIA content owner","EXISTING_SHIPPED_COPY_OWNER_RECONFIRMATION_PENDING","c5050e21f7519ab54e67e1ff7d067bf5a8a5ba157b1321888258d84067b347ab","73272cc69ebc72bc8c552bb940b4a3eb6590c783","Existing fallback retained; engineering/browser acceptance does not approve this copy; database override version is separately audited by publication CAS/history"
"CMS Home","conversionPaths.eyebrow","en","messages/en.json:Home.conversionPaths.eyebrow","WTIA content owner","EXISTING_SHIPPED_COPY_OWNER_RECONFIRMATION_PENDING","56f64bfa07795da35a78763c6d940b036f2772b6eb26b7e91d9238a2352ba876","73272cc69ebc72bc8c552bb940b4a3eb6590c783","Existing fallback retained; engineering/browser acceptance does not approve this copy; database override version is separately audited by publication CAS/history"
"CMS Home","conversionPaths.eyebrow","zh-HK","messages/zh-HK.json:Home.conversionPaths.eyebrow","WTIA content owner","EXISTING_SHIPPED_COPY_OWNER_RECONFIRMATION_PENDING","d00884d3e27eb4ad0f1bcf3366d516795df38a930b22869f74c45b5c36306ff2","73272cc69ebc72bc8c552bb940b4a3eb6590c783","Existing fallback retained; engineering/browser acceptance does not approve this copy; database override version is separately audited by publication CAS/history"
"CMS Home","conversionPaths.title","en","messages/en.json:Home.conversionPaths.title","WTIA content owner","EXISTING_SHIPPED_COPY_OWNER_RECONFIRMATION_PENDING","f5f6100d13923f3ee4ee8eb702c1affff65b411395a8bbc33874f42b55f0ba2e","73272cc69ebc72bc8c552bb940b4a3eb6590c783","Existing fallback retained; engineering/browser acceptance does not approve this copy; database override version is separately audited by publication CAS/history"
"CMS Home","conversionPaths.title","zh-HK","messages/zh-HK.json:Home.conversionPaths.title","WTIA content owner","EXISTING_SHIPPED_COPY_OWNER_RECONFIRMATION_PENDING","c029eb8bad359af55f64b091295e5816537f84ec9df733ae34f757ab312fd468","73272cc69ebc72bc8c552bb940b4a3eb6590c783","Existing fallback retained; engineering/browser acceptance does not approve this copy; database override version is separately audited by publication CAS/history"
"CMS Home","conversionPaths.intro","en","messages/en.json:Home.conversionPaths.intro","WTIA content owner","EXISTING_SHIPPED_COPY_OWNER_RECONFIRMATION_PENDING","2461f002712abc5aa6ff7ab24d065f96d74d8d873aa24e80dd77e2568585a23c","73272cc69ebc72bc8c552bb940b4a3eb6590c783","Existing fallback retained; engineering/browser acceptance does not approve this copy; database override version is separately audited by publication CAS/history"
"CMS Home","conversionPaths.intro","zh-HK","messages/zh-HK.json:Home.conversionPaths.intro","WTIA content owner","EXISTING_SHIPPED_COPY_OWNER_RECONFIRMATION_PENDING","68cd2a5fe0911e918fcbd95ca54ca103b0f97b2116d103ce4fb76d708ef5de6b","73272cc69ebc72bc8c552bb940b4a3eb6590c783","Existing fallback retained; engineering/browser acceptance does not approve this copy; database override version is separately audited by publication CAS/history"
"CMS Home","conversionPaths.membership.catalogPricesLabel","en","messages/en.json:Home.conversionPaths.membership.catalogPricesLabel","WTIA content owner","EXISTING_SHIPPED_COPY_OWNER_RECONFIRMATION_PENDING","078c12f48bf05e865e1ae5cad7cbf1ddfc4e0b785542f783e13c7d943f93514f","73272cc69ebc72bc8c552bb940b4a3eb6590c783","Existing fallback retained; engineering/browser acceptance does not approve this copy; database override version is separately audited by publication CAS/history"
"CMS Home","conversionPaths.membership.catalogPricesLabel","zh-HK","messages/zh-HK.json:Home.conversionPaths.membership.catalogPricesLabel","WTIA content owner","EXISTING_SHIPPED_COPY_OWNER_RECONFIRMATION_PENDING","00a07ee31bc4e8bc7745cf488ab236407c76026517bf8948757500ca593d9d5e","73272cc69ebc72bc8c552bb940b4a3eb6590c783","Existing fallback retained; engineering/browser acceptance does not approve this copy; database override version is separately audited by publication CAS/history"
"CMS Home","conversionPaths.membership.label","en","messages/en.json:Home.conversionPaths.membership.label","WTIA content owner","EXISTING_SHIPPED_COPY_OWNER_RECONFIRMATION_PENDING","ffcca5839f28a1108177160451dd9a77a44698a5261abf192de343213181771a","73272cc69ebc72bc8c552bb940b4a3eb6590c783","Existing fallback retained; engineering/browser acceptance does not approve this copy; database override version is separately audited by publication CAS/history"
"CMS Home","conversionPaths.membership.label","zh-HK","messages/zh-HK.json:Home.conversionPaths.membership.label","WTIA content owner","EXISTING_SHIPPED_COPY_OWNER_RECONFIRMATION_PENDING","9900ed617ffa21b0e1c6948189715f7c7e62f02a03e5c9dcd8b95c8d5d5518df","73272cc69ebc72bc8c552bb940b4a3eb6590c783","Existing fallback retained; engineering/browser acceptance does not approve this copy; database override version is separately audited by publication CAS/history"
"CMS Home","conversionPaths.membership.title","en","messages/en.json:Home.conversionPaths.membership.title","WTIA content owner","EXISTING_SHIPPED_COPY_OWNER_RECONFIRMATION_PENDING","1c69f364a5237f550f83b76ed935c08abb7eb604f25d0246913b13081204c9da","73272cc69ebc72bc8c552bb940b4a3eb6590c783","Existing fallback retained; engineering/browser acceptance does not approve this copy; database override version is separately audited by publication CAS/history"
"CMS Home","conversionPaths.membership.title","zh-HK","messages/zh-HK.json:Home.conversionPaths.membership.title","WTIA content owner","EXISTING_SHIPPED_COPY_OWNER_RECONFIRMATION_PENDING","6d3fe84e06bddc75dd963ddf5f52a6cccd5907ce292239880337e77baa8782db","73272cc69ebc72bc8c552bb940b4a3eb6590c783","Existing fallback retained; engineering/browser acceptance does not approve this copy; database override version is separately audited by publication CAS/history"
"CMS Home","conversionPaths.membership.copy","en","messages/en.json:Home.conversionPaths.membership.copy","WTIA content owner","EXISTING_SHIPPED_COPY_OWNER_RECONFIRMATION_PENDING","67540ef6c3fddcb1b17a6c3bbaa65ebe7af59c61a168f21b754f5e4caae5788f","73272cc69ebc72bc8c552bb940b4a3eb6590c783","Existing fallback retained; engineering/browser acceptance does not approve this copy; database override version is separately audited by publication CAS/history"
"CMS Home","conversionPaths.membership.copy","zh-HK","messages/zh-HK.json:Home.conversionPaths.membership.copy","WTIA content owner","EXISTING_SHIPPED_COPY_OWNER_RECONFIRMATION_PENDING","50daf295ff9c984979d09dc29cbc25c5da313ac7ceb642b5af2904138b2f890c","73272cc69ebc72bc8c552bb940b4a3eb6590c783","Existing fallback retained; engineering/browser acceptance does not approve this copy; database override version is separately audited by publication CAS/history"
"CMS Home","conversionPaths.membership.points.0","en","messages/en.json:Home.conversionPaths.membership.points.0","WTIA content owner","EXISTING_SHIPPED_COPY_OWNER_RECONFIRMATION_PENDING","250d0f259150b8d8b99bb9124c369e14102c7fb75a924de36680e8ee7b65773b","73272cc69ebc72bc8c552bb940b4a3eb6590c783","Existing fallback retained; engineering/browser acceptance does not approve this copy; database override version is separately audited by publication CAS/history"
"CMS Home","conversionPaths.membership.points.0","zh-HK","messages/zh-HK.json:Home.conversionPaths.membership.points.0","WTIA content owner","EXISTING_SHIPPED_COPY_OWNER_RECONFIRMATION_PENDING","ddba203a5a3701c1066f2ac63d39f4fd2b1b6f03806774daef8c969c4f175083","73272cc69ebc72bc8c552bb940b4a3eb6590c783","Existing fallback retained; engineering/browser acceptance does not approve this copy; database override version is separately audited by publication CAS/history"
"CMS Home","conversionPaths.membership.points.1","en","messages/en.json:Home.conversionPaths.membership.points.1","WTIA content owner","EXISTING_SHIPPED_COPY_OWNER_RECONFIRMATION_PENDING","063f9ae893d199990df05e20792b4d1eab2cbb47337f2e0a7cde8bb045cfeb44","73272cc69ebc72bc8c552bb940b4a3eb6590c783","Existing fallback retained; engineering/browser acceptance does not approve this copy; database override version is separately audited by publication CAS/history"
"CMS Home","conversionPaths.membership.points.1","zh-HK","messages/zh-HK.json:Home.conversionPaths.membership.points.1","WTIA content owner","EXISTING_SHIPPED_COPY_OWNER_RECONFIRMATION_PENDING","8908e6d65d0d9924e7804ce0d8085205052ed31a6f8838e3ee1adaebd28615ba","73272cc69ebc72bc8c552bb940b4a3eb6590c783","Existing fallback retained; engineering/browser acceptance does not approve this copy; database override version is separately audited by publication CAS/history"
"CMS Home","conversionPaths.membership.points.2","en","messages/en.json:Home.conversionPaths.membership.points.2","WTIA content owner","EXISTING_SHIPPED_COPY_OWNER_RECONFIRMATION_PENDING","78f9ff986ed3d3cc7b145142919833d21c3a676cdbb7290d0e1095b4bc25e57b","73272cc69ebc72bc8c552bb940b4a3eb6590c783","Existing fallback retained; engineering/browser acceptance does not approve this copy; database override version is separately audited by publication CAS/history"
"CMS Home","conversionPaths.membership.points.2","zh-HK","messages/zh-HK.json:Home.conversionPaths.membership.points.2","WTIA content owner","EXISTING_SHIPPED_COPY_OWNER_RECONFIRMATION_PENDING","6cb05272b485495acfc056e74606d3ade7d8ded43684f18ae3b35fd3a281e88e","73272cc69ebc72bc8c552bb940b4a3eb6590c783","Existing fallback retained; engineering/browser acceptance does not approve this copy; database override version is separately audited by publication CAS/history"
"CMS Home","conversionPaths.membership.primaryAction","en","messages/en.json:Home.conversionPaths.membership.primaryAction","WTIA content owner","EXISTING_SHIPPED_COPY_OWNER_RECONFIRMATION_PENDING","1e2ca75e0d7c0386377e21e21633cfde0a304287eb4fa86903760243f889e13f","73272cc69ebc72bc8c552bb940b4a3eb6590c783","Existing fallback retained; engineering/browser acceptance does not approve this copy; database override version is separately audited by publication CAS/history"
"CMS Home","conversionPaths.membership.primaryAction","zh-HK","messages/zh-HK.json:Home.conversionPaths.membership.primaryAction","WTIA content owner","EXISTING_SHIPPED_COPY_OWNER_RECONFIRMATION_PENDING","3d94fcb90dda4326bf664e3bf64487c2063002943bb3510c95893334c76883ac","73272cc69ebc72bc8c552bb940b4a3eb6590c783","Existing fallback retained; engineering/browser acceptance does not approve this copy; database override version is separately audited by publication CAS/history"
"CMS Home","conversionPaths.membership.secondaryAction","en","messages/en.json:Home.conversionPaths.membership.secondaryAction","WTIA content owner","EXISTING_SHIPPED_COPY_OWNER_RECONFIRMATION_PENDING","11628363bb477bb3a9e351d886a087199475f72aec9b34b7c3f035839b215457","73272cc69ebc72bc8c552bb940b4a3eb6590c783","Existing fallback retained; engineering/browser acceptance does not approve this copy; database override version is separately audited by publication CAS/history"
"CMS Home","conversionPaths.membership.secondaryAction","zh-HK","messages/zh-HK.json:Home.conversionPaths.membership.secondaryAction","WTIA content owner","EXISTING_SHIPPED_COPY_OWNER_RECONFIRMATION_PENDING","9075d7e6612dd12d9bbf25d45df95ea7a5840f757820de25357a8a881c9230fd","73272cc69ebc72bc8c552bb940b4a3eb6590c783","Existing fallback retained; engineering/browser acceptance does not approve this copy; database override version is separately audited by publication CAS/history"
"CMS Home","conversionPaths.partnership.label","en","messages/en.json:Home.conversionPaths.partnership.label","WTIA content owner","EXISTING_SHIPPED_COPY_OWNER_RECONFIRMATION_PENDING","11eb5365d3423bbc2b6ce9437df4b4353b0ca2ffb8ed1050866e4d597c9e9667","73272cc69ebc72bc8c552bb940b4a3eb6590c783","Existing fallback retained; engineering/browser acceptance does not approve this copy; database override version is separately audited by publication CAS/history"
"CMS Home","conversionPaths.partnership.label","zh-HK","messages/zh-HK.json:Home.conversionPaths.partnership.label","WTIA content owner","EXISTING_SHIPPED_COPY_OWNER_RECONFIRMATION_PENDING","9710deb10f6afd472f2428f74eb964cd65cbe2b42df5f8d78b382df4c9dfc88c","73272cc69ebc72bc8c552bb940b4a3eb6590c783","Existing fallback retained; engineering/browser acceptance does not approve this copy; database override version is separately audited by publication CAS/history"
"CMS Home","conversionPaths.partnership.title","en","messages/en.json:Home.conversionPaths.partnership.title","WTIA content owner","EXISTING_SHIPPED_COPY_OWNER_RECONFIRMATION_PENDING","4591635c6a5b67d41c31d3c9869a7d6ac22338d394bcb2442bc029767f79c1d8","73272cc69ebc72bc8c552bb940b4a3eb6590c783","Existing fallback retained; engineering/browser acceptance does not approve this copy; database override version is separately audited by publication CAS/history"
"CMS Home","conversionPaths.partnership.title","zh-HK","messages/zh-HK.json:Home.conversionPaths.partnership.title","WTIA content owner","EXISTING_SHIPPED_COPY_OWNER_RECONFIRMATION_PENDING","f81f2f3a4032cf4d76baf617a081d0bea052c360463186601c8a764137f8e7e1","73272cc69ebc72bc8c552bb940b4a3eb6590c783","Existing fallback retained; engineering/browser acceptance does not approve this copy; database override version is separately audited by publication CAS/history"
"CMS Home","conversionPaths.partnership.copy","en","messages/en.json:Home.conversionPaths.partnership.copy","WTIA content owner","EXISTING_SHIPPED_COPY_OWNER_RECONFIRMATION_PENDING","eb91b845c7843856ed48ca9e36274c535761fe450d26495b57432646aa3ba0c1","73272cc69ebc72bc8c552bb940b4a3eb6590c783","Existing fallback retained; engineering/browser acceptance does not approve this copy; database override version is separately audited by publication CAS/history"
"CMS Home","conversionPaths.partnership.copy","zh-HK","messages/zh-HK.json:Home.conversionPaths.partnership.copy","WTIA content owner","EXISTING_SHIPPED_COPY_OWNER_RECONFIRMATION_PENDING","04119fdbff112bac5be478d7233c42a88691c823d1b6623ead6b3f9b6fea575a","73272cc69ebc72bc8c552bb940b4a3eb6590c783","Existing fallback retained; engineering/browser acceptance does not approve this copy; database override version is separately audited by publication CAS/history"
"CMS Home","conversionPaths.partnership.points.0","en","messages/en.json:Home.conversionPaths.partnership.points.0","WTIA content owner","EXISTING_SHIPPED_COPY_OWNER_RECONFIRMATION_PENDING","643c39e3ee6f2486a5e3673b61e7eb5bded0d70f733422dccb3370b0f6425486","73272cc69ebc72bc8c552bb940b4a3eb6590c783","Existing fallback retained; engineering/browser acceptance does not approve this copy; database override version is separately audited by publication CAS/history"
"CMS Home","conversionPaths.partnership.points.0","zh-HK","messages/zh-HK.json:Home.conversionPaths.partnership.points.0","WTIA content owner","EXISTING_SHIPPED_COPY_OWNER_RECONFIRMATION_PENDING","9620541b5209d5b11ea67bb526f535dd274d1e377115d99aa50c7430fe86e4d1","73272cc69ebc72bc8c552bb940b4a3eb6590c783","Existing fallback retained; engineering/browser acceptance does not approve this copy; database override version is separately audited by publication CAS/history"
"CMS Home","conversionPaths.partnership.points.1","en","messages/en.json:Home.conversionPaths.partnership.points.1","WTIA content owner","EXISTING_SHIPPED_COPY_OWNER_RECONFIRMATION_PENDING","e2b5dfb8ed3698d5cc2360c1ad86b6975c2395e44ac09b93860a9dbf0c116cd6","73272cc69ebc72bc8c552bb940b4a3eb6590c783","Existing fallback retained; engineering/browser acceptance does not approve this copy; database override version is separately audited by publication CAS/history"
"CMS Home","conversionPaths.partnership.points.1","zh-HK","messages/zh-HK.json:Home.conversionPaths.partnership.points.1","WTIA content owner","EXISTING_SHIPPED_COPY_OWNER_RECONFIRMATION_PENDING","49bdcd0d68816baa53096475e82e6c6af2f03a542d63287566e0bf5f36ffb308","73272cc69ebc72bc8c552bb940b4a3eb6590c783","Existing fallback retained; engineering/browser acceptance does not approve this copy; database override version is separately audited by publication CAS/history"
"CMS Home","conversionPaths.partnership.points.2","en","messages/en.json:Home.conversionPaths.partnership.points.2","WTIA content owner","EXISTING_SHIPPED_COPY_OWNER_RECONFIRMATION_PENDING","864461578428d91e93e5860997412922fd6914b0f596f2876d08afb1454787cf","73272cc69ebc72bc8c552bb940b4a3eb6590c783","Existing fallback retained; engineering/browser acceptance does not approve this copy; database override version is separately audited by publication CAS/history"
"CMS Home","conversionPaths.partnership.points.2","zh-HK","messages/zh-HK.json:Home.conversionPaths.partnership.points.2","WTIA content owner","EXISTING_SHIPPED_COPY_OWNER_RECONFIRMATION_PENDING","2e0442925b9cf16593b97df66bf861949ef249381e1b7e71977cd097dc812e62","73272cc69ebc72bc8c552bb940b4a3eb6590c783","Existing fallback retained; engineering/browser acceptance does not approve this copy; database override version is separately audited by publication CAS/history"
"CMS Home","conversionPaths.partnership.primaryAction","en","messages/en.json:Home.conversionPaths.partnership.primaryAction","WTIA content owner","EXISTING_SHIPPED_COPY_OWNER_RECONFIRMATION_PENDING","1df6d1934d11c5b2abeda6d94dbafbd4cc917c1150bc2caa6159d1a83a2867bf","73272cc69ebc72bc8c552bb940b4a3eb6590c783","Existing fallback retained; engineering/browser acceptance does not approve this copy; database override version is separately audited by publication CAS/history"
"CMS Home","conversionPaths.partnership.primaryAction","zh-HK","messages/zh-HK.json:Home.conversionPaths.partnership.primaryAction","WTIA content owner","EXISTING_SHIPPED_COPY_OWNER_RECONFIRMATION_PENDING","b837921f94c984d1b4f6339bd8d854e449bbd9827a0c7ea96efa43ce6bd0f239","73272cc69ebc72bc8c552bb940b4a3eb6590c783","Existing fallback retained; engineering/browser acceptance does not approve this copy; database override version is separately audited by publication CAS/history"
"CMS Home","conversionPaths.partnership.secondaryAction","en","messages/en.json:Home.conversionPaths.partnership.secondaryAction","WTIA content owner","EXISTING_SHIPPED_COPY_OWNER_RECONFIRMATION_PENDING","8eab8e05c1938dc0ba7a286873f29a44bb1732759357a166c5c65b95cb7ea7c3","73272cc69ebc72bc8c552bb940b4a3eb6590c783","Existing fallback retained; engineering/browser acceptance does not approve this copy; database override version is separately audited by publication CAS/history"
"CMS Home","conversionPaths.partnership.secondaryAction","zh-HK","messages/zh-HK.json:Home.conversionPaths.partnership.secondaryAction","WTIA content owner","EXISTING_SHIPPED_COPY_OWNER_RECONFIRMATION_PENDING","01cb8f08ed584b741b2c944cb27a5cf4b85dd20d54819902679eb134a5cd86a6","73272cc69ebc72bc8c552bb940b4a3eb6590c783","Existing fallback retained; engineering/browser acceptance does not approve this copy; database override version is separately audited by publication CAS/history"
"CMS About","metaTitle","en","messages/en.json:About.metaTitle","WTIA content owner","EXISTING_SHIPPED_COPY_OWNER_RECONFIRMATION_PENDING","524cb25f77708d8a23c20a3a04d03ba5b072b71fa65f07532078d3653575ab3e","73272cc69ebc72bc8c552bb940b4a3eb6590c783","Existing fallback retained; engineering/browser acceptance does not approve this copy; database override version is separately audited by publication CAS/history"
"CMS About","metaTitle","zh-HK","messages/zh-HK.json:About.metaTitle","WTIA content owner","EXISTING_SHIPPED_COPY_OWNER_RECONFIRMATION_PENDING","0752f95c13c2d3a7963fa9cc4e57fe01a59482760e22e51d6fe2ebee9c05a96f","73272cc69ebc72bc8c552bb940b4a3eb6590c783","Existing fallback retained; engineering/browser acceptance does not approve this copy; database override version is separately audited by publication CAS/history"
"CMS About","metaDescription","en","messages/en.json:About.metaDescription","WTIA content owner","EXISTING_SHIPPED_COPY_OWNER_RECONFIRMATION_PENDING","db98b0f547fc83993eb22d5c724927e54565241278c8ac1a52297d412b1b4855","73272cc69ebc72bc8c552bb940b4a3eb6590c783","Existing fallback retained; engineering/browser acceptance does not approve this copy; database override version is separately audited by publication CAS/history"
"CMS About","metaDescription","zh-HK","messages/zh-HK.json:About.metaDescription","WTIA content owner","EXISTING_SHIPPED_COPY_OWNER_RECONFIRMATION_PENDING","831173de0c5b1fcd293d8932753204315be655f66865786761486e133a076187","73272cc69ebc72bc8c552bb940b4a3eb6590c783","Existing fallback retained; engineering/browser acceptance does not approve this copy; database override version is separately audited by publication CAS/history"
"CMS About","eyebrow","en","messages/en.json:About.eyebrow","WTIA content owner","EXISTING_SHIPPED_COPY_OWNER_RECONFIRMATION_PENDING","42e64183cfc935bb3a48629cef12b7979ce1bd4004a1c46a6540ef5a249b1fd7","73272cc69ebc72bc8c552bb940b4a3eb6590c783","Existing fallback retained; engineering/browser acceptance does not approve this copy; database override version is separately audited by publication CAS/history"
"CMS About","eyebrow","zh-HK","messages/zh-HK.json:About.eyebrow","WTIA content owner","EXISTING_SHIPPED_COPY_OWNER_RECONFIRMATION_PENDING","9e31a32405e5cc9f905fbce849d0c325f88fcacb3f04441f93836057138d8296","73272cc69ebc72bc8c552bb940b4a3eb6590c783","Existing fallback retained; engineering/browser acceptance does not approve this copy; database override version is separately audited by publication CAS/history"
"CMS About","title","en","messages/en.json:About.title","WTIA content owner","EXISTING_SHIPPED_COPY_OWNER_RECONFIRMATION_PENDING","31b417fdf523fea0068c6ee5323650e819fdfe251d9fc31ce8913f1d3f51b4de","73272cc69ebc72bc8c552bb940b4a3eb6590c783","Existing fallback retained; engineering/browser acceptance does not approve this copy; database override version is separately audited by publication CAS/history"
"CMS About","title","zh-HK","messages/zh-HK.json:About.title","WTIA content owner","EXISTING_SHIPPED_COPY_OWNER_RECONFIRMATION_PENDING","4e22b14e2ea6954ea8528299a923d0a62d6e7cebba81900d72134c6318b5ed80","73272cc69ebc72bc8c552bb940b4a3eb6590c783","Existing fallback retained; engineering/browser acceptance does not approve this copy; database override version is separately audited by publication CAS/history"
"CMS About","summary","en","messages/en.json:About.summary","WTIA content owner","EXISTING_SHIPPED_COPY_OWNER_RECONFIRMATION_PENDING","6d4c9874e63ba67ea63f004ac508b757a97714a3435e2966e16dcc78b0fd0f10","73272cc69ebc72bc8c552bb940b4a3eb6590c783","Existing fallback retained; engineering/browser acceptance does not approve this copy; database override version is separately audited by publication CAS/history"
"CMS About","summary","zh-HK","messages/zh-HK.json:About.summary","WTIA content owner","EXISTING_SHIPPED_COPY_OWNER_RECONFIRMATION_PENDING","795a29fcc24ab4cdb50d438c93836a6092dd50f86bc4286bd3898a62afb288ac","73272cc69ebc72bc8c552bb940b4a3eb6590c783","Existing fallback retained; engineering/browser acceptance does not approve this copy; database override version is separately audited by publication CAS/history"
"CMS About","imageAlt","en","messages/en.json:About.imageAlt","WTIA content owner","EXISTING_SHIPPED_COPY_OWNER_RECONFIRMATION_PENDING","8ae7ff9e7a42020c28e95af3ab76795c74365e295f0acfdef9457d6ca6a0a61c","73272cc69ebc72bc8c552bb940b4a3eb6590c783","Existing fallback retained; engineering/browser acceptance does not approve this copy; database override version is separately audited by publication CAS/history"
"CMS About","imageAlt","zh-HK","messages/zh-HK.json:About.imageAlt","WTIA content owner","EXISTING_SHIPPED_COPY_OWNER_RECONFIRMATION_PENDING","c92ee57d82df22d0ddb2dad553a5761542054d407451fb6efee312b478e614e7","73272cc69ebc72bc8c552bb940b4a3eb6590c783","Existing fallback retained; engineering/browser acceptance does not approve this copy; database override version is separately audited by publication CAS/history"
"CMS About","historyTitle","en","messages/en.json:About.historyTitle","WTIA content owner","EXISTING_SHIPPED_COPY_OWNER_RECONFIRMATION_PENDING","2b6e22ecdbf1065895641b22e8ff4153374320e878764311a8d00e2905887936","73272cc69ebc72bc8c552bb940b4a3eb6590c783","Existing fallback retained; engineering/browser acceptance does not approve this copy; database override version is separately audited by publication CAS/history"
"CMS About","historyTitle","zh-HK","messages/zh-HK.json:About.historyTitle","WTIA content owner","EXISTING_SHIPPED_COPY_OWNER_RECONFIRMATION_PENDING","7298133daa477485d6857ec3dbb95483853eca26d719f66498920da2bf2c329d","73272cc69ebc72bc8c552bb940b4a3eb6590c783","Existing fallback retained; engineering/browser acceptance does not approve this copy; database override version is separately audited by publication CAS/history"
"CMS About","historyIntro","en","messages/en.json:About.historyIntro","WTIA content owner","EXISTING_SHIPPED_COPY_OWNER_RECONFIRMATION_PENDING","5ef8d837abb441322e02d9b708a04904bf43c1e44ff8c53ad97735c2d702543d","73272cc69ebc72bc8c552bb940b4a3eb6590c783","Existing fallback retained; engineering/browser acceptance does not approve this copy; database override version is separately audited by publication CAS/history"
"CMS About","historyIntro","zh-HK","messages/zh-HK.json:About.historyIntro","WTIA content owner","EXISTING_SHIPPED_COPY_OWNER_RECONFIRMATION_PENDING","a3c9f517e118693a1df8707c9498bceacf90305ad5e0bdcfb24f44afb022d3a1","73272cc69ebc72bc8c552bb940b4a3eb6590c783","Existing fallback retained; engineering/browser acceptance does not approve this copy; database override version is separately audited by publication CAS/history"
"CMS About","connect.title","en","messages/en.json:About.connect.title","WTIA content owner","EXISTING_SHIPPED_COPY_OWNER_RECONFIRMATION_PENDING","309951821eb10f7b136c832ba33bb0d1fe2342f7b3c98bee8956c45e7259ff05","73272cc69ebc72bc8c552bb940b4a3eb6590c783","Existing fallback retained; engineering/browser acceptance does not approve this copy; database override version is separately audited by publication CAS/history"
"CMS About","connect.title","zh-HK","messages/zh-HK.json:About.connect.title","WTIA content owner","EXISTING_SHIPPED_COPY_OWNER_RECONFIRMATION_PENDING","78b43dbb3f9f48b7cacc6533b5fcd684d2b2560ff83af1804dc178a9ba27c878","73272cc69ebc72bc8c552bb940b4a3eb6590c783","Existing fallback retained; engineering/browser acceptance does not approve this copy; database override version is separately audited by publication CAS/history"
"CMS About","connect.description","en","messages/en.json:About.connect.description","WTIA content owner","EXISTING_SHIPPED_COPY_OWNER_RECONFIRMATION_PENDING","73d4002386d24cf41d47cc1a80e713d66392639b189c330da10d57b63e137f59","73272cc69ebc72bc8c552bb940b4a3eb6590c783","Existing fallback retained; engineering/browser acceptance does not approve this copy; database override version is separately audited by publication CAS/history"
"CMS About","connect.description","zh-HK","messages/zh-HK.json:About.connect.description","WTIA content owner","EXISTING_SHIPPED_COPY_OWNER_RECONFIRMATION_PENDING","ad421f3698a7b3adc7ea53eece14ecef6f61cc0a58fc82f703b38bf994d94836","73272cc69ebc72bc8c552bb940b4a3eb6590c783","Existing fallback retained; engineering/browser acceptance does not approve this copy; database override version is separately audited by publication CAS/history"
"CMS About","advance.title","en","messages/en.json:About.advance.title","WTIA content owner","EXISTING_SHIPPED_COPY_OWNER_RECONFIRMATION_PENDING","3f9ae98938d7df2c28686e4c061be32d93f1ba17282c54015a09813f9eb15d2d","73272cc69ebc72bc8c552bb940b4a3eb6590c783","Existing fallback retained; engineering/browser acceptance does not approve this copy; database override version is separately audited by publication CAS/history"
"CMS About","advance.title","zh-HK","messages/zh-HK.json:About.advance.title","WTIA content owner","EXISTING_SHIPPED_COPY_OWNER_RECONFIRMATION_PENDING","4d1890fa3508bdeec5065862e9c4e9f5497931635f70d65e4a58465375fb6d13","73272cc69ebc72bc8c552bb940b4a3eb6590c783","Existing fallback retained; engineering/browser acceptance does not approve this copy; database override version is separately audited by publication CAS/history"
"CMS About","advance.description","en","messages/en.json:About.advance.description","WTIA content owner","EXISTING_SHIPPED_COPY_OWNER_RECONFIRMATION_PENDING","6eaf72c3bc088f14aca1b732b5a22370b1e60af7b1290c5f0b232cb41e030d1b","73272cc69ebc72bc8c552bb940b4a3eb6590c783","Existing fallback retained; engineering/browser acceptance does not approve this copy; database override version is separately audited by publication CAS/history"
"CMS About","advance.description","zh-HK","messages/zh-HK.json:About.advance.description","WTIA content owner","EXISTING_SHIPPED_COPY_OWNER_RECONFIRMATION_PENDING","1b8b937372562b1c773632c80307fe7ab88612e36f5024d7cda95a3802b6b67a","73272cc69ebc72bc8c552bb940b4a3eb6590c783","Existing fallback retained; engineering/browser acceptance does not approve this copy; database override version is separately audited by publication CAS/history"
"CMS About","represent.title","en","messages/en.json:About.represent.title","WTIA content owner","EXISTING_SHIPPED_COPY_OWNER_RECONFIRMATION_PENDING","41a2cd69e139011fb5524113d49872f7f7348652310353b0f6b1aca6946da03b","73272cc69ebc72bc8c552bb940b4a3eb6590c783","Existing fallback retained; engineering/browser acceptance does not approve this copy; database override version is separately audited by publication CAS/history"
"CMS About","represent.title","zh-HK","messages/zh-HK.json:About.represent.title","WTIA content owner","EXISTING_SHIPPED_COPY_OWNER_RECONFIRMATION_PENDING","0b3c17d6c687f34a88737a0095ffa5585798efb2a62c4a8f32dbf59f1756f0d9","73272cc69ebc72bc8c552bb940b4a3eb6590c783","Existing fallback retained; engineering/browser acceptance does not approve this copy; database override version is separately audited by publication CAS/history"
"CMS About","represent.description","en","messages/en.json:About.represent.description","WTIA content owner","EXISTING_SHIPPED_COPY_OWNER_RECONFIRMATION_PENDING","92d560b7ea2cf1fe5a2d96757f31ffd3b910bae2312e7e1bf38472094e3f036e","73272cc69ebc72bc8c552bb940b4a3eb6590c783","Existing fallback retained; engineering/browser acceptance does not approve this copy; database override version is separately audited by publication CAS/history"
"CMS About","represent.description","zh-HK","messages/zh-HK.json:About.represent.description","WTIA content owner","EXISTING_SHIPPED_COPY_OWNER_RECONFIRMATION_PENDING","86ce682c80e8abe4ff1345bf432e1bb30c0b476cbd5c7bd066b6575764bf3946","73272cc69ebc72bc8c552bb940b4a3eb6590c783","Existing fallback retained; engineering/browser acceptance does not approve this copy; database override version is separately audited by publication CAS/history"
"CMS About","foundedTitle","en","messages/en.json:About.foundedTitle","WTIA content owner","EXISTING_SHIPPED_COPY_OWNER_RECONFIRMATION_PENDING","f4e798df55595f5ad68343a6d9d199c089e5bc9bbe83627ba011eead9724b41d","73272cc69ebc72bc8c552bb940b4a3eb6590c783","Existing fallback retained; engineering/browser acceptance does not approve this copy; database override version is separately audited by publication CAS/history"
"CMS About","foundedTitle","zh-HK","messages/zh-HK.json:About.foundedTitle","WTIA content owner","EXISTING_SHIPPED_COPY_OWNER_RECONFIRMATION_PENDING","bb6c482370d81fa21ac8b9a2e3221bfa8c18684cba786a3f3cbc55898c6b1eed","73272cc69ebc72bc8c552bb940b4a3eb6590c783","Existing fallback retained; engineering/browser acceptance does not approve this copy; database override version is separately audited by publication CAS/history"
"CMS About","foundedBody","en","messages/en.json:About.foundedBody","WTIA content owner","EXISTING_SHIPPED_COPY_OWNER_RECONFIRMATION_PENDING","3310b6012932c38b4dcda7d957820f91a1b3dfc84d8e95f2c4f140402b7b67e9","73272cc69ebc72bc8c552bb940b4a3eb6590c783","Existing fallback retained; engineering/browser acceptance does not approve this copy; database override version is separately audited by publication CAS/history"
"CMS About","foundedBody","zh-HK","messages/zh-HK.json:About.foundedBody","WTIA content owner","EXISTING_SHIPPED_COPY_OWNER_RECONFIRMATION_PENDING","d481d60133618ec3353f1006a7a76ee1d9213b417ee13ced5be2dbeb051bb2d6","73272cc69ebc72bc8c552bb940b4a3eb6590c783","Existing fallback retained; engineering/browser acceptance does not approve this copy; database override version is separately audited by publication CAS/history"
"CMS About","missionTitle","en","messages/en.json:About.missionTitle","WTIA content owner","EXISTING_SHIPPED_COPY_OWNER_RECONFIRMATION_PENDING","30b9c5ed171d8c77bf3a2e0240e5d05cb0e2164d56658854bccbe36520887764","73272cc69ebc72bc8c552bb940b4a3eb6590c783","Existing fallback retained; engineering/browser acceptance does not approve this copy; database override version is separately audited by publication CAS/history"
"CMS About","missionTitle","zh-HK","messages/zh-HK.json:About.missionTitle","WTIA content owner","EXISTING_SHIPPED_COPY_OWNER_RECONFIRMATION_PENDING","b4743e83f6c2e1b07dd9cd951231c0c3035ff868052556e9090a2776a73dc875","73272cc69ebc72bc8c552bb940b4a3eb6590c783","Existing fallback retained; engineering/browser acceptance does not approve this copy; database override version is separately audited by publication CAS/history"
"CMS About","missionBody","en","messages/en.json:About.missionBody","WTIA content owner","EXISTING_SHIPPED_COPY_OWNER_RECONFIRMATION_PENDING","271a2a1e213c32ea80c006e07f36bb4a1def53d071323951951c2145022ed822","73272cc69ebc72bc8c552bb940b4a3eb6590c783","Existing fallback retained; engineering/browser acceptance does not approve this copy; database override version is separately audited by publication CAS/history"
"CMS About","missionBody","zh-HK","messages/zh-HK.json:About.missionBody","WTIA content owner","EXISTING_SHIPPED_COPY_OWNER_RECONFIRMATION_PENDING","3f6b7d6011d616c1579306ed8c4c0d799a0d921c5e0876678cd9959600247a9f","73272cc69ebc72bc8c552bb940b4a3eb6590c783","Existing fallback retained; engineering/browser acceptance does not approve this copy; database override version is separately audited by publication CAS/history"
"CMS About","historyLink","en","messages/en.json:About.historyLink","WTIA content owner","EXISTING_SHIPPED_COPY_OWNER_RECONFIRMATION_PENDING","c33632394b1810a51c7dc264d5ddfea18620dfc433e94b0472927fe41f621156","73272cc69ebc72bc8c552bb940b4a3eb6590c783","Existing fallback retained; engineering/browser acceptance does not approve this copy; database override version is separately audited by publication CAS/history"
"CMS About","historyLink","zh-HK","messages/zh-HK.json:About.historyLink","WTIA content owner","EXISTING_SHIPPED_COPY_OWNER_RECONFIRMATION_PENDING","f47f26d662ddc2bbe542a9bdc80355d1e04640c1a787196e84901ef95446307e","73272cc69ebc72bc8c552bb940b4a3eb6590c783","Existing fallback retained; engineering/browser acceptance does not approve this copy; database override version is separately audited by publication CAS/history"
"CMS Chairman","metaTitle","en","messages/en.json:Chairman.metaTitle","WTIA content owner","EXISTING_SHIPPED_COPY_OWNER_RECONFIRMATION_PENDING","94577b0f21564d75f6c1ed41f682f8585f9337e6443a1f32ba312978540ead4f","73272cc69ebc72bc8c552bb940b4a3eb6590c783","Existing fallback retained; engineering/browser acceptance does not approve this copy; database override version is separately audited by publication CAS/history"
"CMS Chairman","metaTitle","zh-HK","messages/zh-HK.json:Chairman.metaTitle","WTIA content owner","EXISTING_SHIPPED_COPY_OWNER_RECONFIRMATION_PENDING","090a9c2e0a6cf7eba3df2c594d6dacefb3b0d402f290e091c63b1a95ae265c4f","73272cc69ebc72bc8c552bb940b4a3eb6590c783","Existing fallback retained; engineering/browser acceptance does not approve this copy; database override version is separately audited by publication CAS/history"
"CMS Chairman","metaDescription","en","messages/en.json:Chairman.metaDescription","WTIA content owner","EXISTING_SHIPPED_COPY_OWNER_RECONFIRMATION_PENDING","1d9e07006c99586a509ccbbcbe8933573ab7ce675e2b4f189d5f4de330b262b5","73272cc69ebc72bc8c552bb940b4a3eb6590c783","Existing fallback retained; engineering/browser acceptance does not approve this copy; database override version is separately audited by publication CAS/history"
"CMS Chairman","metaDescription","zh-HK","messages/zh-HK.json:Chairman.metaDescription","WTIA content owner","EXISTING_SHIPPED_COPY_OWNER_RECONFIRMATION_PENDING","2d71a32cd5833f73c3db265cf40197581104187bc16f11d7276320eeff6c54fc","73272cc69ebc72bc8c552bb940b4a3eb6590c783","Existing fallback retained; engineering/browser acceptance does not approve this copy; database override version is separately audited by publication CAS/history"
"CMS Chairman","eyebrow","en","messages/en.json:Chairman.eyebrow","WTIA content owner","EXISTING_SHIPPED_COPY_OWNER_RECONFIRMATION_PENDING","a97bb1d68ec768b57d789ca8bdf70b104bc48d260ab03aff4c836701f6d324cd","73272cc69ebc72bc8c552bb940b4a3eb6590c783","Existing fallback retained; engineering/browser acceptance does not approve this copy; database override version is separately audited by publication CAS/history"
"CMS Chairman","eyebrow","zh-HK","messages/zh-HK.json:Chairman.eyebrow","WTIA content owner","EXISTING_SHIPPED_COPY_OWNER_RECONFIRMATION_PENDING","0805bc0082b5198090fac073973b77a5f7fd7b7262468857a450fd3f9e4dfbb8","73272cc69ebc72bc8c552bb940b4a3eb6590c783","Existing fallback retained; engineering/browser acceptance does not approve this copy; database override version is separately audited by publication CAS/history"
"CMS Chairman","title","en","messages/en.json:Chairman.title","WTIA content owner","EXISTING_SHIPPED_COPY_OWNER_RECONFIRMATION_PENDING","0ffad5e53c58715b50e458477d56abd88b7a77c75d16845d35cb2842987578de","73272cc69ebc72bc8c552bb940b4a3eb6590c783","Existing fallback retained; engineering/browser acceptance does not approve this copy; database override version is separately audited by publication CAS/history"
"CMS Chairman","title","zh-HK","messages/zh-HK.json:Chairman.title","WTIA content owner","EXISTING_SHIPPED_COPY_OWNER_RECONFIRMATION_PENDING","f565998cd90aee820397cbaba64eb744d802be244d76a7f0a763efbda2b1e820","73272cc69ebc72bc8c552bb940b4a3eb6590c783","Existing fallback retained; engineering/browser acceptance does not approve this copy; database override version is separately audited by publication CAS/history"
"CMS Chairman","summary","en","messages/en.json:Chairman.summary","WTIA content owner","EXISTING_SHIPPED_COPY_OWNER_RECONFIRMATION_PENDING","55f933b3acac9f218a71837860dd2cabbeb18bfab9c2c4fb47f649c3b7b9e91c","73272cc69ebc72bc8c552bb940b4a3eb6590c783","Existing fallback retained; engineering/browser acceptance does not approve this copy; database override version is separately audited by publication CAS/history"
"CMS Chairman","summary","zh-HK","messages/zh-HK.json:Chairman.summary","WTIA content owner","EXISTING_SHIPPED_COPY_OWNER_RECONFIRMATION_PENDING","b723785123f1bb55f768617b007594a20ab604a5c937380a3a2109127a963b73","73272cc69ebc72bc8c552bb940b4a3eb6590c783","Existing fallback retained; engineering/browser acceptance does not approve this copy; database override version is separately audited by publication CAS/history"
"CMS Chairman","messageTitle","en","messages/en.json:Chairman.messageTitle","WTIA content owner","EXISTING_SHIPPED_COPY_OWNER_RECONFIRMATION_PENDING","ba249432d2008b5da5e3f78cd3591e01d33c910b959503af479342a5dff662be","73272cc69ebc72bc8c552bb940b4a3eb6590c783","Existing fallback retained; engineering/browser acceptance does not approve this copy; database override version is separately audited by publication CAS/history"
"CMS Chairman","messageTitle","zh-HK","messages/zh-HK.json:Chairman.messageTitle","WTIA content owner","EXISTING_SHIPPED_COPY_OWNER_RECONFIRMATION_PENDING","0dad9e73230be9ee9b9d15a4c4bab26daa8771c7df3871fa2d255be5d9a41243","73272cc69ebc72bc8c552bb940b4a3eb6590c783","Existing fallback retained; engineering/browser acceptance does not approve this copy; database override version is separately audited by publication CAS/history"
"CMS Chairman","message","en","messages/en.json:Chairman.message","WTIA content owner","EXISTING_SHIPPED_COPY_OWNER_RECONFIRMATION_PENDING","5f4ce04c80b7522d286a40e1da5d9e9e8b956b9c3624f3577b47236d742e52e1","73272cc69ebc72bc8c552bb940b4a3eb6590c783","Existing fallback retained; engineering/browser acceptance does not approve this copy; database override version is separately audited by publication CAS/history"
"CMS Chairman","message","zh-HK","messages/zh-HK.json:Chairman.message","WTIA content owner","EXISTING_SHIPPED_COPY_OWNER_RECONFIRMATION_PENDING","980dd6cda2a584b9da51489429144607011821c23267e1113695e413b14a602e","73272cc69ebc72bc8c552bb940b4a3eb6590c783","Existing fallback retained; engineering/browser acceptance does not approve this copy; database override version is separately audited by publication CAS/history"
"CMS Chairman","signature","en","messages/en.json:Chairman.signature","WTIA content owner","EXISTING_SHIPPED_COPY_OWNER_RECONFIRMATION_PENDING","2e37bee5589f24b2b903a62cfb4d989ac82403f21c8e80e87b01d0a1649192c6","73272cc69ebc72bc8c552bb940b4a3eb6590c783","Existing fallback retained; engineering/browser acceptance does not approve this copy; database override version is separately audited by publication CAS/history"
"CMS Chairman","signature","zh-HK","messages/zh-HK.json:Chairman.signature","WTIA content owner","EXISTING_SHIPPED_COPY_OWNER_RECONFIRMATION_PENDING","20d092aaf0faefb436a39c7d8f0ac9c2939fc1a7a978084e331a6611fe77c5d8","73272cc69ebc72bc8c552bb940b4a3eb6590c783","Existing fallback retained; engineering/browser acceptance does not approve this copy; database override version is separately audited by publication CAS/history"
"CMS Committees","metaTitle","en","messages/en.json:Committees.metaTitle","WTIA content owner","EXISTING_SHIPPED_COPY_OWNER_RECONFIRMATION_PENDING","121d537c647b4d8d4540c192ba6fc28e2bce95469cf474f258b9e50def019ec3","73272cc69ebc72bc8c552bb940b4a3eb6590c783","Existing fallback retained; engineering/browser acceptance does not approve this copy; database override version is separately audited by publication CAS/history"
"CMS Committees","metaTitle","zh-HK","messages/zh-HK.json:Committees.metaTitle","WTIA content owner","EXISTING_SHIPPED_COPY_OWNER_RECONFIRMATION_PENDING","dce1eeb4987d6f0111edf9e2fe09d5a59b7e0cf0c542ff5903874ac72078bdb1","73272cc69ebc72bc8c552bb940b4a3eb6590c783","Existing fallback retained; engineering/browser acceptance does not approve this copy; database override version is separately audited by publication CAS/history"
"CMS Committees","metaDescription","en","messages/en.json:Committees.metaDescription","WTIA content owner","EXISTING_SHIPPED_COPY_OWNER_RECONFIRMATION_PENDING","7086586ef3c0a54e2c6aa9b39a05b7576790eabf3478d397c4f4d5168ea4d942","73272cc69ebc72bc8c552bb940b4a3eb6590c783","Existing fallback retained; engineering/browser acceptance does not approve this copy; database override version is separately audited by publication CAS/history"
"CMS Committees","metaDescription","zh-HK","messages/zh-HK.json:Committees.metaDescription","WTIA content owner","EXISTING_SHIPPED_COPY_OWNER_RECONFIRMATION_PENDING","c7407742f33e85853ba29f4346b9c55ca372bdb8b05f771932289306c1872261","73272cc69ebc72bc8c552bb940b4a3eb6590c783","Existing fallback retained; engineering/browser acceptance does not approve this copy; database override version is separately audited by publication CAS/history"
"CMS Committees","eyebrow","en","messages/en.json:Committees.eyebrow","WTIA content owner","EXISTING_SHIPPED_COPY_OWNER_RECONFIRMATION_PENDING","b526f29f8adeef939f41d12618c82ae5914e2e7b35856f5dd34778391ee5f713","73272cc69ebc72bc8c552bb940b4a3eb6590c783","Existing fallback retained; engineering/browser acceptance does not approve this copy; database override version is separately audited by publication CAS/history"
"CMS Committees","eyebrow","zh-HK","messages/zh-HK.json:Committees.eyebrow","WTIA content owner","EXISTING_SHIPPED_COPY_OWNER_RECONFIRMATION_PENDING","620854ed61560ea97cb1df2e46a9c1f4b49a28e684367a32bfc3f65da3df91cd","73272cc69ebc72bc8c552bb940b4a3eb6590c783","Existing fallback retained; engineering/browser acceptance does not approve this copy; database override version is separately audited by publication CAS/history"
"CMS Committees","title","en","messages/en.json:Committees.title","WTIA content owner","EXISTING_SHIPPED_COPY_OWNER_RECONFIRMATION_PENDING","06a935a4099bef358784740f1cb8fdbca15966cb2aa9b487027b2bb973854da3","73272cc69ebc72bc8c552bb940b4a3eb6590c783","Existing fallback retained; engineering/browser acceptance does not approve this copy; database override version is separately audited by publication CAS/history"
"CMS Committees","title","zh-HK","messages/zh-HK.json:Committees.title","WTIA content owner","EXISTING_SHIPPED_COPY_OWNER_RECONFIRMATION_PENDING","c82d65ddf4e6e7c86ab80a49365b015c1b764dd008eab51f5c7c5b6c30c48f74","73272cc69ebc72bc8c552bb940b4a3eb6590c783","Existing fallback retained; engineering/browser acceptance does not approve this copy; database override version is separately audited by publication CAS/history"
"CMS Committees","summary","en","messages/en.json:Committees.summary","WTIA content owner","EXISTING_SHIPPED_COPY_OWNER_RECONFIRMATION_PENDING","82d2766e6086882e89b40646a2276ea6c9866f8844278f2c788665cd58379a87","73272cc69ebc72bc8c552bb940b4a3eb6590c783","Existing fallback retained; engineering/browser acceptance does not approve this copy; database override version is separately audited by publication CAS/history"
"CMS Committees","summary","zh-HK","messages/zh-HK.json:Committees.summary","WTIA content owner","EXISTING_SHIPPED_COPY_OWNER_RECONFIRMATION_PENDING","afadb08ca4c947516e7c022124d9aceeb1b00c7b0ce63e3d4ed76c2575b1cf81","73272cc69ebc72bc8c552bb940b4a3eb6590c783","Existing fallback retained; engineering/browser acceptance does not approve this copy; database override version is separately audited by publication CAS/history"
"CMS Committees","structureTitle","en","messages/en.json:Committees.structureTitle","WTIA content owner","EXISTING_SHIPPED_COPY_OWNER_RECONFIRMATION_PENDING","d86a3d6e1ddefbe06cd2fd630e5017b516c9426df9c2674f43cf85d06a6db8b7","73272cc69ebc72bc8c552bb940b4a3eb6590c783","Existing fallback retained; engineering/browser acceptance does not approve this copy; database override version is separately audited by publication CAS/history"
"CMS Committees","structureTitle","zh-HK","messages/zh-HK.json:Committees.structureTitle","WTIA content owner","EXISTING_SHIPPED_COPY_OWNER_RECONFIRMATION_PENDING","804777073336594596d421f7b5e99e381a53ffc326c6665ff53cca7d9e1ae1f1","73272cc69ebc72bc8c552bb940b4a3eb6590c783","Existing fallback retained; engineering/browser acceptance does not approve this copy; database override version is separately audited by publication CAS/history"
"CMS Committees","executive.title","en","messages/en.json:Committees.executive.title","WTIA content owner","EXISTING_SHIPPED_COPY_OWNER_RECONFIRMATION_PENDING","a0f456a4dd67dfb7d55b574bf3e075bb2ac1aae416af96d415a043d14addec3d","73272cc69ebc72bc8c552bb940b4a3eb6590c783","Existing fallback retained; engineering/browser acceptance does not approve this copy; database override version is separately audited by publication CAS/history"
"CMS Committees","executive.title","zh-HK","messages/zh-HK.json:Committees.executive.title","WTIA content owner","EXISTING_SHIPPED_COPY_OWNER_RECONFIRMATION_PENDING","95c98c2c5cce69c88465197c1fd649fa8f212ac4031b4f982f70300ec87e12ae","73272cc69ebc72bc8c552bb940b4a3eb6590c783","Existing fallback retained; engineering/browser acceptance does not approve this copy; database override version is separately audited by publication CAS/history"
"CMS Committees","executive.description","en","messages/en.json:Committees.executive.description","WTIA content owner","EXISTING_SHIPPED_COPY_OWNER_RECONFIRMATION_PENDING","ef17e348f6e3c99f4d813e4cb65c6c615f0002b8b9602530523b7cb6493e102d","73272cc69ebc72bc8c552bb940b4a3eb6590c783","Existing fallback retained; engineering/browser acceptance does not approve this copy; database override version is separately audited by publication CAS/history"
"CMS Committees","executive.description","zh-HK","messages/zh-HK.json:Committees.executive.description","WTIA content owner","EXISTING_SHIPPED_COPY_OWNER_RECONFIRMATION_PENDING","c1718d60c59abcf8695a1aed5a2d9dca46d216d7daa87447d5e43b826a798029","73272cc69ebc72bc8c552bb940b4a3eb6590c783","Existing fallback retained; engineering/browser acceptance does not approve this copy; database override version is separately audited by publication CAS/history"
"CMS Committees","innovation.title","en","messages/en.json:Committees.innovation.title","WTIA content owner","EXISTING_SHIPPED_COPY_OWNER_RECONFIRMATION_PENDING","8b4d9aeeb92dbc1924d3101da7a6bf410c990be21d7dce5c374411ece62ccbe1","73272cc69ebc72bc8c552bb940b4a3eb6590c783","Existing fallback retained; engineering/browser acceptance does not approve this copy; database override version is separately audited by publication CAS/history"
"CMS Committees","innovation.title","zh-HK","messages/zh-HK.json:Committees.innovation.title","WTIA content owner","EXISTING_SHIPPED_COPY_OWNER_RECONFIRMATION_PENDING","d0906f387f0215dafc649341788bd87bce7e4ccb92b9ce440346b06d45d53bc1","73272cc69ebc72bc8c552bb940b4a3eb6590c783","Existing fallback retained; engineering/browser acceptance does not approve this copy; database override version is separately audited by publication CAS/history"
"CMS Committees","innovation.description","en","messages/en.json:Committees.innovation.description","WTIA content owner","EXISTING_SHIPPED_COPY_OWNER_RECONFIRMATION_PENDING","6f7fd85d2102718c6d0b77c4a66b3f3b1e91f83655d622c0b84ab0d21ecf82a5","73272cc69ebc72bc8c552bb940b4a3eb6590c783","Existing fallback retained; engineering/browser acceptance does not approve this copy; database override version is separately audited by publication CAS/history"
"CMS Committees","innovation.description","zh-HK","messages/zh-HK.json:Committees.innovation.description","WTIA content owner","EXISTING_SHIPPED_COPY_OWNER_RECONFIRMATION_PENDING","8ab04e0d24accabcadfe69e2ac670d4193367321444362829dd859daa078c508","73272cc69ebc72bc8c552bb940b4a3eb6590c783","Existing fallback retained; engineering/browser acceptance does not approve this copy; database override version is separately audited by publication CAS/history"
"CMS Committees","membership.title","en","messages/en.json:Committees.membership.title","WTIA content owner","EXISTING_SHIPPED_COPY_OWNER_RECONFIRMATION_PENDING","b62943fbbc0d5d7b660994c3b3baf55f8dcb89ec77752edd4002dd0cfe30dc2c","73272cc69ebc72bc8c552bb940b4a3eb6590c783","Existing fallback retained; engineering/browser acceptance does not approve this copy; database override version is separately audited by publication CAS/history"
"CMS Committees","membership.title","zh-HK","messages/zh-HK.json:Committees.membership.title","WTIA content owner","EXISTING_SHIPPED_COPY_OWNER_RECONFIRMATION_PENDING","fb4885f89fef650f9e373a229924b55688bf56d39c9565a1a6530f09e93bdba4","73272cc69ebc72bc8c552bb940b4a3eb6590c783","Existing fallback retained; engineering/browser acceptance does not approve this copy; database override version is separately audited by publication CAS/history"
"CMS Committees","membership.description","en","messages/en.json:Committees.membership.description","WTIA content owner","EXISTING_SHIPPED_COPY_OWNER_RECONFIRMATION_PENDING","29265010fcc54c20cbe217c17c004682ad885dc38602789fb07b739be087d5ac","73272cc69ebc72bc8c552bb940b4a3eb6590c783","Existing fallback retained; engineering/browser acceptance does not approve this copy; database override version is separately audited by publication CAS/history"
"CMS Committees","membership.description","zh-HK","messages/zh-HK.json:Committees.membership.description","WTIA content owner","EXISTING_SHIPPED_COPY_OWNER_RECONFIRMATION_PENDING","ab1c8d743df983748d83cf3cb07e889a326c37325565a44faa385f537fc8f41e","73272cc69ebc72bc8c552bb940b4a3eb6590c783","Existing fallback retained; engineering/browser acceptance does not approve this copy; database override version is separately audited by publication CAS/history"
"CMS Contact","metaTitle","en","messages/en.json:Contact.metaTitle","WTIA content owner","EXISTING_SHIPPED_COPY_OWNER_RECONFIRMATION_PENDING","162e8a35e04d3908818bada98906d4bd7067aeb5d42582c54198e84312fd0f38","73272cc69ebc72bc8c552bb940b4a3eb6590c783","Existing fallback retained; engineering/browser acceptance does not approve this copy; database override version is separately audited by publication CAS/history"
"CMS Contact","metaTitle","zh-HK","messages/zh-HK.json:Contact.metaTitle","WTIA content owner","EXISTING_SHIPPED_COPY_OWNER_RECONFIRMATION_PENDING","ea7ab729669089bd4a78456e9099e9e93aca34ddd883f65dfa10e9d3a3ba7535","73272cc69ebc72bc8c552bb940b4a3eb6590c783","Existing fallback retained; engineering/browser acceptance does not approve this copy; database override version is separately audited by publication CAS/history"
"CMS Contact","metaDescription","en","messages/en.json:Contact.metaDescription","WTIA content owner","EXISTING_SHIPPED_COPY_OWNER_RECONFIRMATION_PENDING","880a9589445cf27eee812849eb8732063530c714266021fd1e6029c8eca32c3e","73272cc69ebc72bc8c552bb940b4a3eb6590c783","Existing fallback retained; engineering/browser acceptance does not approve this copy; database override version is separately audited by publication CAS/history"
"CMS Contact","metaDescription","zh-HK","messages/zh-HK.json:Contact.metaDescription","WTIA content owner","EXISTING_SHIPPED_COPY_OWNER_RECONFIRMATION_PENDING","bb68afbc4d0340210f18b667ddd2faf7e3e775d8c92a3796d0d32629e7163ff3","73272cc69ebc72bc8c552bb940b4a3eb6590c783","Existing fallback retained; engineering/browser acceptance does not approve this copy; database override version is separately audited by publication CAS/history"
"CMS Contact","eyebrow","en","messages/en.json:Contact.eyebrow","WTIA content owner","EXISTING_SHIPPED_COPY_OWNER_RECONFIRMATION_PENDING","3d9bbb6461c76edc552c4a3a1adbccea7dd6a760e128088effceec92f11f3295","73272cc69ebc72bc8c552bb940b4a3eb6590c783","Existing fallback retained; engineering/browser acceptance does not approve this copy; database override version is separately audited by publication CAS/history"
"CMS Contact","eyebrow","zh-HK","messages/zh-HK.json:Contact.eyebrow","WTIA content owner","EXISTING_SHIPPED_COPY_OWNER_RECONFIRMATION_PENDING","3f86418f5aa26e61b0b5fddf1fd2e75bcd0fea66df7b4ffee71ac6c2048f7c8d","73272cc69ebc72bc8c552bb940b4a3eb6590c783","Existing fallback retained; engineering/browser acceptance does not approve this copy; database override version is separately audited by publication CAS/history"
"CMS Contact","title","en","messages/en.json:Contact.title","WTIA content owner","EXISTING_SHIPPED_COPY_OWNER_RECONFIRMATION_PENDING","f09b953589cd10e8bb355a4ff11dc2d5d7ec355bb8d8af90d5f63ef0ce27f9ff","73272cc69ebc72bc8c552bb940b4a3eb6590c783","Existing fallback retained; engineering/browser acceptance does not approve this copy; database override version is separately audited by publication CAS/history"
"CMS Contact","title","zh-HK","messages/zh-HK.json:Contact.title","WTIA content owner","EXISTING_SHIPPED_COPY_OWNER_RECONFIRMATION_PENDING","9da5f5d3ca77c94383e5ee727b1372c64a026a9c90c5eb4061a4f42a26b7dcd0","73272cc69ebc72bc8c552bb940b4a3eb6590c783","Existing fallback retained; engineering/browser acceptance does not approve this copy; database override version is separately audited by publication CAS/history"
"CMS Contact","description","en","messages/en.json:Contact.description","WTIA content owner","EXISTING_SHIPPED_COPY_OWNER_RECONFIRMATION_PENDING","5de8fc9c257bcaf1f4c6b16a3218eecd98b4005037b5dfdcc2197b9349d8323b","73272cc69ebc72bc8c552bb940b4a3eb6590c783","Existing fallback retained; engineering/browser acceptance does not approve this copy; database override version is separately audited by publication CAS/history"
"CMS Contact","description","zh-HK","messages/zh-HK.json:Contact.description","WTIA content owner","EXISTING_SHIPPED_COPY_OWNER_RECONFIRMATION_PENDING","6c0e2bbc1bfd419d69ef0ddfc5ca49023076712510d43a0499db4182ae3e5f29","73272cc69ebc72bc8c552bb940b4a3eb6590c783","Existing fallback retained; engineering/browser acceptance does not approve this copy; database override version is separately audited by publication CAS/history"
"CMS Contact","breadcrumbCurrent","en","messages/en.json:Contact.breadcrumbCurrent","WTIA content owner","EXISTING_SHIPPED_COPY_OWNER_RECONFIRMATION_PENDING","3d9bbb6461c76edc552c4a3a1adbccea7dd6a760e128088effceec92f11f3295","73272cc69ebc72bc8c552bb940b4a3eb6590c783","Existing fallback retained; engineering/browser acceptance does not approve this copy; database override version is separately audited by publication CAS/history"
"CMS Contact","breadcrumbCurrent","zh-HK","messages/zh-HK.json:Contact.breadcrumbCurrent","WTIA content owner","EXISTING_SHIPPED_COPY_OWNER_RECONFIRMATION_PENDING","35d834ef7772844a0b3d895a7a38d727c8c8ee29eb28650147e4b03b996b3724","73272cc69ebc72bc8c552bb940b4a3eb6590c783","Existing fallback retained; engineering/browser acceptance does not approve this copy; database override version is separately audited by publication CAS/history"
"CMS Contact","channelsTitle","en","messages/en.json:Contact.channelsTitle","WTIA content owner","EXISTING_SHIPPED_COPY_OWNER_RECONFIRMATION_PENDING","bcb82593500815b99ccca024ba96823ac093fb583216a6fef0fb639b71cdbd20","73272cc69ebc72bc8c552bb940b4a3eb6590c783","Existing fallback retained; engineering/browser acceptance does not approve this copy; database override version is separately audited by publication CAS/history"
"CMS Contact","channelsTitle","zh-HK","messages/zh-HK.json:Contact.channelsTitle","WTIA content owner","EXISTING_SHIPPED_COPY_OWNER_RECONFIRMATION_PENDING","f959bbbb4fd795cf9fee899c71ff712e67b4a875025f52e2e606c9557400ec0f","73272cc69ebc72bc8c552bb940b4a3eb6590c783","Existing fallback retained; engineering/browser acceptance does not approve this copy; database override version is separately audited by publication CAS/history"
"CMS Contact","address","en","messages/en.json:Contact.address","WTIA content owner","EXISTING_SHIPPED_COPY_OWNER_RECONFIRMATION_PENDING","5c34189801d78b581e1d2c0612ad75ac5606e204a681a2f8a868fa88e4da4506","73272cc69ebc72bc8c552bb940b4a3eb6590c783","Existing fallback retained; engineering/browser acceptance does not approve this copy; database override version is separately audited by publication CAS/history"
"CMS Contact","address","zh-HK","messages/zh-HK.json:Contact.address","WTIA content owner","EXISTING_SHIPPED_COPY_OWNER_RECONFIRMATION_PENDING","593016716d4ab896371112d14ce929c243600f7b4f572a179a51d02e59970163","73272cc69ebc72bc8c552bb940b4a3eb6590c783","Existing fallback retained; engineering/browser acceptance does not approve this copy; database override version is separately audited by publication CAS/history"
"CMS Contact","routesTitle","en","messages/en.json:Contact.routesTitle","WTIA content owner","EXISTING_SHIPPED_COPY_OWNER_RECONFIRMATION_PENDING","e84f8c3a865deab5375fea435fa074d6e199bec3e576eebfc1fdfdf804221874","73272cc69ebc72bc8c552bb940b4a3eb6590c783","Existing fallback retained; engineering/browser acceptance does not approve this copy; database override version is separately audited by publication CAS/history"
"CMS Contact","routesTitle","zh-HK","messages/zh-HK.json:Contact.routesTitle","WTIA content owner","EXISTING_SHIPPED_COPY_OWNER_RECONFIRMATION_PENDING","7c777b94c689e3ce29f484e97c4808cde47ae44a309bed3cd8a4ede994ca87d0","73272cc69ebc72bc8c552bb940b4a3eb6590c783","Existing fallback retained; engineering/browser acceptance does not approve this copy; database override version is separately audited by publication CAS/history"
"CMS Contact","routesDescription","en","messages/en.json:Contact.routesDescription","WTIA content owner","EXISTING_SHIPPED_COPY_OWNER_RECONFIRMATION_PENDING","a60e3a8127c3739e5fbbb08aa19dd9a9bc80e2aafbdacc956410a2dce0ae90d1","73272cc69ebc72bc8c552bb940b4a3eb6590c783","Existing fallback retained; engineering/browser acceptance does not approve this copy; database override version is separately audited by publication CAS/history"
"CMS Contact","routesDescription","zh-HK","messages/zh-HK.json:Contact.routesDescription","WTIA content owner","EXISTING_SHIPPED_COPY_OWNER_RECONFIRMATION_PENDING","99966e39b1465e0a71e9d2d637346f0a3262dc02c7828734ab06a73013f987b7","73272cc69ebc72bc8c552bb940b4a3eb6590c783","Existing fallback retained; engineering/browser acceptance does not approve this copy; database override version is separately audited by publication CAS/history"
"CMS Contact","viewLabel","en","messages/en.json:Contact.viewLabel","WTIA content owner","EXISTING_SHIPPED_COPY_OWNER_RECONFIRMATION_PENDING","a5a22c78e84a093dbe35a5013ca93df2f401fe5a617fb8c819e11157bedda038","73272cc69ebc72bc8c552bb940b4a3eb6590c783","Existing fallback retained; engineering/browser acceptance does not approve this copy; database override version is separately audited by publication CAS/history"
"CMS Contact","viewLabel","zh-HK","messages/zh-HK.json:Contact.viewLabel","WTIA content owner","EXISTING_SHIPPED_COPY_OWNER_RECONFIRMATION_PENDING","2650a53ca666c902bbdcf46098d1b1fa38fece537cf9af7b77c3aab76a62726c","73272cc69ebc72bc8c552bb940b4a3eb6590c783","Existing fallback retained; engineering/browser acceptance does not approve this copy; database override version is separately audited by publication CAS/history"
"CMS Contact","routes.events.title","en","messages/en.json:Contact.routes.events.title","WTIA content owner","EXISTING_SHIPPED_COPY_OWNER_RECONFIRMATION_PENDING","1d5d1177a5a7423ef38f33f0a996dd1a3d5c43a98e8cfda70b86ad1f5894ffb6","73272cc69ebc72bc8c552bb940b4a3eb6590c783","Existing fallback retained; engineering/browser acceptance does not approve this copy; database override version is separately audited by publication CAS/history"
"CMS Contact","routes.events.title","zh-HK","messages/zh-HK.json:Contact.routes.events.title","WTIA content owner","EXISTING_SHIPPED_COPY_OWNER_RECONFIRMATION_PENDING","b56502b6fc260ae9ff008c3d34eb2e07cd6807cd370b6fac043bd95742042a77","73272cc69ebc72bc8c552bb940b4a3eb6590c783","Existing fallback retained; engineering/browser acceptance does not approve this copy; database override version is separately audited by publication CAS/history"
"CMS Contact","routes.events.description","en","messages/en.json:Contact.routes.events.description","WTIA content owner","EXISTING_SHIPPED_COPY_OWNER_RECONFIRMATION_PENDING","15805796334c560fa93f553483ae49bdd3e38994fd39bafc4e51f49062caae8c","73272cc69ebc72bc8c552bb940b4a3eb6590c783","Existing fallback retained; engineering/browser acceptance does not approve this copy; database override version is separately audited by publication CAS/history"
"CMS Contact","routes.events.description","zh-HK","messages/zh-HK.json:Contact.routes.events.description","WTIA content owner","EXISTING_SHIPPED_COPY_OWNER_RECONFIRMATION_PENDING","0198eb1c66a1db226d18dc412e841d67968cc33478a769f3658c343390263b30","73272cc69ebc72bc8c552bb940b4a3eb6590c783","Existing fallback retained; engineering/browser acceptance does not approve this copy; database override version is separately audited by publication CAS/history"
"CMS Contact","routes.membership.title","en","messages/en.json:Contact.routes.membership.title","WTIA content owner","EXISTING_SHIPPED_COPY_OWNER_RECONFIRMATION_PENDING","ffcca5839f28a1108177160451dd9a77a44698a5261abf192de343213181771a","73272cc69ebc72bc8c552bb940b4a3eb6590c783","Existing fallback retained; engineering/browser acceptance does not approve this copy; database override version is separately audited by publication CAS/history"
"CMS Contact","routes.membership.title","zh-HK","messages/zh-HK.json:Contact.routes.membership.title","WTIA content owner","EXISTING_SHIPPED_COPY_OWNER_RECONFIRMATION_PENDING","9900ed617ffa21b0e1c6948189715f7c7e62f02a03e5c9dcd8b95c8d5d5518df","73272cc69ebc72bc8c552bb940b4a3eb6590c783","Existing fallback retained; engineering/browser acceptance does not approve this copy; database override version is separately audited by publication CAS/history"
"CMS Contact","routes.membership.description","en","messages/en.json:Contact.routes.membership.description","WTIA content owner","EXISTING_SHIPPED_COPY_OWNER_RECONFIRMATION_PENDING","ff0618b4dd49e5ef5eee93e646b495c7d776c686ecaaba6d8130ad4fcae2593c","73272cc69ebc72bc8c552bb940b4a3eb6590c783","Existing fallback retained; engineering/browser acceptance does not approve this copy; database override version is separately audited by publication CAS/history"
"CMS Contact","routes.membership.description","zh-HK","messages/zh-HK.json:Contact.routes.membership.description","WTIA content owner","EXISTING_SHIPPED_COPY_OWNER_RECONFIRMATION_PENDING","aed439c261d2a47994f8764ae2050c1fec4283625834c64874d4ab08f5bc3f03","73272cc69ebc72bc8c552bb940b4a3eb6590c783","Existing fallback retained; engineering/browser acceptance does not approve this copy; database override version is separately audited by publication CAS/history"
"CMS Contact","routes.showcase.title","en","messages/en.json:Contact.routes.showcase.title","WTIA content owner","EXISTING_SHIPPED_COPY_OWNER_RECONFIRMATION_PENDING","9eac4581d406f84bc015c4262a94fef1ba252af3a44c286ab6f67d0862fc2106","73272cc69ebc72bc8c552bb940b4a3eb6590c783","Existing fallback retained; engineering/browser acceptance does not approve this copy; database override version is separately audited by publication CAS/history"
"CMS Contact","routes.showcase.title","zh-HK","messages/zh-HK.json:Contact.routes.showcase.title","WTIA content owner","EXISTING_SHIPPED_COPY_OWNER_RECONFIRMATION_PENDING","9b8292ce8c9ab50ec789e6ebf47b4e6221b32d198f6aa1ecadea3441739fb8dd","73272cc69ebc72bc8c552bb940b4a3eb6590c783","Existing fallback retained; engineering/browser acceptance does not approve this copy; database override version is separately audited by publication CAS/history"
"CMS Contact","routes.showcase.description","en","messages/en.json:Contact.routes.showcase.description","WTIA content owner","EXISTING_SHIPPED_COPY_OWNER_RECONFIRMATION_PENDING","849b8814ef53841e606709a1c00b0c8fe93d16016237c48bd2de89773bcb38c9","73272cc69ebc72bc8c552bb940b4a3eb6590c783","Existing fallback retained; engineering/browser acceptance does not approve this copy; database override version is separately audited by publication CAS/history"
"CMS Contact","routes.showcase.description","zh-HK","messages/zh-HK.json:Contact.routes.showcase.description","WTIA content owner","EXISTING_SHIPPED_COPY_OWNER_RECONFIRMATION_PENDING","7525d832528be06bf2baa7c147ff3771f28698b7d17e9e54c95f3991964ac5c9","73272cc69ebc72bc8c552bb940b4a3eb6590c783","Existing fallback retained; engineering/browser acceptance does not approve this copy; database override version is separately audited by publication CAS/history"
"CMS Contact","routes.launchpad.title","en","messages/en.json:Contact.routes.launchpad.title","WTIA content owner","EXISTING_SHIPPED_COPY_OWNER_RECONFIRMATION_PENDING","97dbbba0cc919accde5689dbb61692ac21931c6770d478cbefae2c914a07a500","73272cc69ebc72bc8c552bb940b4a3eb6590c783","Existing fallback retained; engineering/browser acceptance does not approve this copy; database override version is separately audited by publication CAS/history"
"CMS Contact","routes.launchpad.title","zh-HK","messages/zh-HK.json:Contact.routes.launchpad.title","WTIA content owner","EXISTING_SHIPPED_COPY_OWNER_RECONFIRMATION_PENDING","27030f8fc2bb99c79fa281ed8502f65d12e6f5ab4b0ce28e597b65cb757f59b5","73272cc69ebc72bc8c552bb940b4a3eb6590c783","Existing fallback retained; engineering/browser acceptance does not approve this copy; database override version is separately audited by publication CAS/history"
"CMS Contact","routes.launchpad.description","en","messages/en.json:Contact.routes.launchpad.description","WTIA content owner","EXISTING_SHIPPED_COPY_OWNER_RECONFIRMATION_PENDING","69a339f6662d97ff11628ee3c4c28e1d63ef71064d6a4429a6baeb0c4f3ae613","73272cc69ebc72bc8c552bb940b4a3eb6590c783","Existing fallback retained; engineering/browser acceptance does not approve this copy; database override version is separately audited by publication CAS/history"
"CMS Contact","routes.launchpad.description","zh-HK","messages/zh-HK.json:Contact.routes.launchpad.description","WTIA content owner","EXISTING_SHIPPED_COPY_OWNER_RECONFIRMATION_PENDING","bc85350a4b8cbe2ec4a5143dbe0dfbcef7b6ad1723f84d0005de731df45890d1","73272cc69ebc72bc8c552bb940b4a3eb6590c783","Existing fallback retained; engineering/browser acceptance does not approve this copy; database override version is separately audited by publication CAS/history"
"CMS Contact","routes.about.title","en","messages/en.json:Contact.routes.about.title","WTIA content owner","EXISTING_SHIPPED_COPY_OWNER_RECONFIRMATION_PENDING","42e64183cfc935bb3a48629cef12b7979ce1bd4004a1c46a6540ef5a249b1fd7","73272cc69ebc72bc8c552bb940b4a3eb6590c783","Existing fallback retained; engineering/browser acceptance does not approve this copy; database override version is separately audited by publication CAS/history"
"CMS Contact","routes.about.title","zh-HK","messages/zh-HK.json:Contact.routes.about.title","WTIA content owner","EXISTING_SHIPPED_COPY_OWNER_RECONFIRMATION_PENDING","9e31a32405e5cc9f905fbce849d0c325f88fcacb3f04441f93836057138d8296","73272cc69ebc72bc8c552bb940b4a3eb6590c783","Existing fallback retained; engineering/browser acceptance does not approve this copy; database override version is separately audited by publication CAS/history"
"CMS Contact","routes.about.description","en","messages/en.json:Contact.routes.about.description","WTIA content owner","EXISTING_SHIPPED_COPY_OWNER_RECONFIRMATION_PENDING","a5eeee1abf50aca888b7455e82732b8a9f7bec45d40596f3549853cf2ef155ec","73272cc69ebc72bc8c552bb940b4a3eb6590c783","Existing fallback retained; engineering/browser acceptance does not approve this copy; database override version is separately audited by publication CAS/history"
"CMS Contact","routes.about.description","zh-HK","messages/zh-HK.json:Contact.routes.about.description","WTIA content owner","EXISTING_SHIPPED_COPY_OWNER_RECONFIRMATION_PENDING","399aacb119d077ad1cf409c23f3357b04c8cf3f9f19eaadb2fafd9e7d7e3e975","73272cc69ebc72bc8c552bb940b4a3eb6590c783","Existing fallback retained; engineering/browser acceptance does not approve this copy; database override version is separately audited by publication CAS/history"
"CMS Contact","routes.news.title","en","messages/en.json:Contact.routes.news.title","WTIA content owner","EXISTING_SHIPPED_COPY_OWNER_RECONFIRMATION_PENDING","c00bce2d4c4b0707f83cd5fab5a98808b35671cdc01aa5dad2bc219b10d182fb","73272cc69ebc72bc8c552bb940b4a3eb6590c783","Existing fallback retained; engineering/browser acceptance does not approve this copy; database override version is separately audited by publication CAS/history"
"CMS Contact","routes.news.title","zh-HK","messages/zh-HK.json:Contact.routes.news.title","WTIA content owner","EXISTING_SHIPPED_COPY_OWNER_RECONFIRMATION_PENDING","36e80007dea0ebba0abb163c7b08d816c6079ccd55c287b7ca7d248fb685e5e0","73272cc69ebc72bc8c552bb940b4a3eb6590c783","Existing fallback retained; engineering/browser acceptance does not approve this copy; database override version is separately audited by publication CAS/history"
"CMS Contact","routes.news.description","en","messages/en.json:Contact.routes.news.description","WTIA content owner","EXISTING_SHIPPED_COPY_OWNER_RECONFIRMATION_PENDING","d3cd38f486379904cdcf72b4263c18829e4be5c62b28ae9dc6e7d86f84b7f854","73272cc69ebc72bc8c552bb940b4a3eb6590c783","Existing fallback retained; engineering/browser acceptance does not approve this copy; database override version is separately audited by publication CAS/history"
"CMS Contact","routes.news.description","zh-HK","messages/zh-HK.json:Contact.routes.news.description","WTIA content owner","EXISTING_SHIPPED_COPY_OWNER_RECONFIRMATION_PENDING","26320237e3b7ef6b01a83d8784cf0bbd66afe92edc9b0c2b469996388b600eed","73272cc69ebc72bc8c552bb940b4a3eb6590c783","Existing fallback retained; engineering/browser acceptance does not approve this copy; database override version is separately audited by publication CAS/history"
"CMS Contact","emailTopics.topicLabel","en","messages/en.json:Contact.emailTopics.topicLabel","WTIA content owner","EXISTING_SHIPPED_COPY_OWNER_RECONFIRMATION_PENDING","83fd6f4c4c4a1a20fc097e2838abe46f01b142f3124a447037fc04369f17ac20","73272cc69ebc72bc8c552bb940b4a3eb6590c783","Existing fallback retained; engineering/browser acceptance does not approve this copy; database override version is separately audited by publication CAS/history"
"CMS Contact","emailTopics.topicLabel","zh-HK","messages/zh-HK.json:Contact.emailTopics.topicLabel","WTIA content owner","EXISTING_SHIPPED_COPY_OWNER_RECONFIRMATION_PENDING","b73a4954d5123e59c65b9ea75e71d1e182c1a56f460258a9edc63bd2847fccde","73272cc69ebc72bc8c552bb940b4a3eb6590c783","Existing fallback retained; engineering/browser acceptance does not approve this copy; database override version is separately audited by publication CAS/history"
"CMS Contact","emailTopics.composeAction","en","messages/en.json:Contact.emailTopics.composeAction","WTIA content owner","EXISTING_SHIPPED_COPY_OWNER_RECONFIRMATION_PENDING","0e49fc71ea181a560754d68c84f4e416cfab760bf1c418eb0fcaf6220d706033","73272cc69ebc72bc8c552bb940b4a3eb6590c783","Existing fallback retained; engineering/browser acceptance does not approve this copy; database override version is separately audited by publication CAS/history"
"CMS Contact","emailTopics.composeAction","zh-HK","messages/zh-HK.json:Contact.emailTopics.composeAction","WTIA content owner","EXISTING_SHIPPED_COPY_OWNER_RECONFIRMATION_PENDING","306ff565c6d4cdc7dcf0714e3f66acf74ac34adb280469818e9ca315a7448fc8","73272cc69ebc72bc8c552bb940b4a3eb6590c783","Existing fallback retained; engineering/browser acceptance does not approve this copy; database override version is separately audited by publication CAS/history"
"CMS Contact","emailTopics.portal.label","en","messages/en.json:Contact.emailTopics.portal.label","WTIA content owner","EXISTING_SHIPPED_COPY_OWNER_RECONFIRMATION_PENDING","b9ba91618cdc5e4e81585c4b7a54677d89fbd1ac8a7629b3da54a6eb05aaf301","73272cc69ebc72bc8c552bb940b4a3eb6590c783","Existing fallback retained; engineering/browser acceptance does not approve this copy; database override version is separately audited by publication CAS/history"
"CMS Contact","emailTopics.portal.label","zh-HK","messages/zh-HK.json:Contact.emailTopics.portal.label","WTIA content owner","EXISTING_SHIPPED_COPY_OWNER_RECONFIRMATION_PENDING","0d3d65daf4c9fa7be94bd1a9b466e48ef5a1384e02e9f4c705b24c4210b37d7a","73272cc69ebc72bc8c552bb940b4a3eb6590c783","Existing fallback retained; engineering/browser acceptance does not approve this copy; database override version is separately audited by publication CAS/history"
"CMS Contact","emailTopics.portal.subject","en","messages/en.json:Contact.emailTopics.portal.subject","WTIA content owner","EXISTING_SHIPPED_COPY_OWNER_RECONFIRMATION_PENDING","18e4ff5344547b0b0e84b327afca23b1651a495e8b62318c4eb108315074e1d0","73272cc69ebc72bc8c552bb940b4a3eb6590c783","Existing fallback retained; engineering/browser acceptance does not approve this copy; database override version is separately audited by publication CAS/history"
"CMS Contact","emailTopics.portal.subject","zh-HK","messages/zh-HK.json:Contact.emailTopics.portal.subject","WTIA content owner","EXISTING_SHIPPED_COPY_OWNER_RECONFIRMATION_PENDING","4dd37dfa06d6f0cb92d2def9867b4d3002bfe36712bc6007a5e0a8a424c390b4","73272cc69ebc72bc8c552bb940b4a3eb6590c783","Existing fallback retained; engineering/browser acceptance does not approve this copy; database override version is separately audited by publication CAS/history"
"CMS Contact","emailTopics.portal.body","en","messages/en.json:Contact.emailTopics.portal.body","WTIA content owner","EXISTING_SHIPPED_COPY_OWNER_RECONFIRMATION_PENDING","871159d95d1d7a5430d245d97b7247ca9b0435938dbacc23387f20476d8034b4","73272cc69ebc72bc8c552bb940b4a3eb6590c783","Existing fallback retained; engineering/browser acceptance does not approve this copy; database override version is separately audited by publication CAS/history"
"CMS Contact","emailTopics.portal.body","zh-HK","messages/zh-HK.json:Contact.emailTopics.portal.body","WTIA content owner","EXISTING_SHIPPED_COPY_OWNER_RECONFIRMATION_PENDING","2d39970540148d8cd165143c8e350d39f56b0e3880edbf80c2edb75096ade041","73272cc69ebc72bc8c552bb940b4a3eb6590c783","Existing fallback retained; engineering/browser acceptance does not approve this copy; database override version is separately audited by publication CAS/history"
"CMS Contact","emailTopics.membership.label","en","messages/en.json:Contact.emailTopics.membership.label","WTIA content owner","EXISTING_SHIPPED_COPY_OWNER_RECONFIRMATION_PENDING","ffcca5839f28a1108177160451dd9a77a44698a5261abf192de343213181771a","73272cc69ebc72bc8c552bb940b4a3eb6590c783","Existing fallback retained; engineering/browser acceptance does not approve this copy; database override version is separately audited by publication CAS/history"
"CMS Contact","emailTopics.membership.label","zh-HK","messages/zh-HK.json:Contact.emailTopics.membership.label","WTIA content owner","EXISTING_SHIPPED_COPY_OWNER_RECONFIRMATION_PENDING","9900ed617ffa21b0e1c6948189715f7c7e62f02a03e5c9dcd8b95c8d5d5518df","73272cc69ebc72bc8c552bb940b4a3eb6590c783","Existing fallback retained; engineering/browser acceptance does not approve this copy; database override version is separately audited by publication CAS/history"
"CMS Contact","emailTopics.membership.subject","en","messages/en.json:Contact.emailTopics.membership.subject","WTIA content owner","EXISTING_SHIPPED_COPY_OWNER_RECONFIRMATION_PENDING","0e053938358d9575a4f8a3b6de05b009420cd469ab39ec7ace9d425179a7a302","73272cc69ebc72bc8c552bb940b4a3eb6590c783","Existing fallback retained; engineering/browser acceptance does not approve this copy; database override version is separately audited by publication CAS/history"
"CMS Contact","emailTopics.membership.subject","zh-HK","messages/zh-HK.json:Contact.emailTopics.membership.subject","WTIA content owner","EXISTING_SHIPPED_COPY_OWNER_RECONFIRMATION_PENDING","eeba3ad920d49d0a99d3035cd12ea07c210cd77766eefffbfd0a6e76b9b9d4ba","73272cc69ebc72bc8c552bb940b4a3eb6590c783","Existing fallback retained; engineering/browser acceptance does not approve this copy; database override version is separately audited by publication CAS/history"
"CMS Contact","emailTopics.membership.body","en","messages/en.json:Contact.emailTopics.membership.body","WTIA content owner","EXISTING_SHIPPED_COPY_OWNER_RECONFIRMATION_PENDING","861693dcb4b565718db43110a9df18ed2cc6bc0db1db5b87a63618a04c95e73d","73272cc69ebc72bc8c552bb940b4a3eb6590c783","Existing fallback retained; engineering/browser acceptance does not approve this copy; database override version is separately audited by publication CAS/history"
"CMS Contact","emailTopics.membership.body","zh-HK","messages/zh-HK.json:Contact.emailTopics.membership.body","WTIA content owner","EXISTING_SHIPPED_COPY_OWNER_RECONFIRMATION_PENDING","2859ca94de9cc69ee13033aa45fa41b441cde83df6ff86640fe74b1c788f994b","73272cc69ebc72bc8c552bb940b4a3eb6590c783","Existing fallback retained; engineering/browser acceptance does not approve this copy; database override version is separately audited by publication CAS/history"
"CMS Contact","emailTopics.events.label","en","messages/en.json:Contact.emailTopics.events.label","WTIA content owner","EXISTING_SHIPPED_COPY_OWNER_RECONFIRMATION_PENDING","298dd7c15c671332526dcc22c0d64d73aa377cb75ff0034ec6efd854b7404239","73272cc69ebc72bc8c552bb940b4a3eb6590c783","Existing fallback retained; engineering/browser acceptance does not approve this copy; database override version is separately audited by publication CAS/history"
"CMS Contact","emailTopics.events.label","zh-HK","messages/zh-HK.json:Contact.emailTopics.events.label","WTIA content owner","EXISTING_SHIPPED_COPY_OWNER_RECONFIRMATION_PENDING","8ee964bd857bc3be84942a95f4a07611ad015a3f367b98ab9fd80b02f62f1222","73272cc69ebc72bc8c552bb940b4a3eb6590c783","Existing fallback retained; engineering/browser acceptance does not approve this copy; database override version is separately audited by publication CAS/history"
"CMS Contact","emailTopics.events.subject","en","messages/en.json:Contact.emailTopics.events.subject","WTIA content owner","EXISTING_SHIPPED_COPY_OWNER_RECONFIRMATION_PENDING","40e0d2947229079740754066df86485981386ca4bdc3a1af69eadca82260fce4","73272cc69ebc72bc8c552bb940b4a3eb6590c783","Existing fallback retained; engineering/browser acceptance does not approve this copy; database override version is separately audited by publication CAS/history"
"CMS Contact","emailTopics.events.subject","zh-HK","messages/zh-HK.json:Contact.emailTopics.events.subject","WTIA content owner","EXISTING_SHIPPED_COPY_OWNER_RECONFIRMATION_PENDING","0e5f2cc36a6be0ca4b81de3f936761f1afc2bcdbac1877b2806baa5fda23ec91","73272cc69ebc72bc8c552bb940b4a3eb6590c783","Existing fallback retained; engineering/browser acceptance does not approve this copy; database override version is separately audited by publication CAS/history"
"CMS Contact","emailTopics.events.body","en","messages/en.json:Contact.emailTopics.events.body","WTIA content owner","EXISTING_SHIPPED_COPY_OWNER_RECONFIRMATION_PENDING","4874443dd07485c9f8ca9f6e951a5484bb96533b298e8b533ebe7ff5ab3171d5","73272cc69ebc72bc8c552bb940b4a3eb6590c783","Existing fallback retained; engineering/browser acceptance does not approve this copy; database override version is separately audited by publication CAS/history"
"CMS Contact","emailTopics.events.body","zh-HK","messages/zh-HK.json:Contact.emailTopics.events.body","WTIA content owner","EXISTING_SHIPPED_COPY_OWNER_RECONFIRMATION_PENDING","88293d2fa6c11b01f911a7ecb8410679f7b2e6667a78724a7772c6d91fad607c","73272cc69ebc72bc8c552bb940b4a3eb6590c783","Existing fallback retained; engineering/browser acceptance does not approve this copy; database override version is separately audited by publication CAS/history"
"CMS Contact","emailTopics.programmes.label","en","messages/en.json:Contact.emailTopics.programmes.label","WTIA content owner","EXISTING_SHIPPED_COPY_OWNER_RECONFIRMATION_PENDING","fa30eb1626dfa28907402e64277fed4c47fe162a6175fbffe696b867c749e341","73272cc69ebc72bc8c552bb940b4a3eb6590c783","Existing fallback retained; engineering/browser acceptance does not approve this copy; database override version is separately audited by publication CAS/history"
"CMS Contact","emailTopics.programmes.label","zh-HK","messages/zh-HK.json:Contact.emailTopics.programmes.label","WTIA content owner","EXISTING_SHIPPED_COPY_OWNER_RECONFIRMATION_PENDING","e1ee9dc731b394e93697fce7c29d0b63ab2e7417125b8f952676dab25a05f30d","73272cc69ebc72bc8c552bb940b4a3eb6590c783","Existing fallback retained; engineering/browser acceptance does not approve this copy; database override version is separately audited by publication CAS/history"
"CMS Contact","emailTopics.programmes.subject","en","messages/en.json:Contact.emailTopics.programmes.subject","WTIA content owner","EXISTING_SHIPPED_COPY_OWNER_RECONFIRMATION_PENDING","07e1f6d149b323d8ba5a4a343b6ea82d9f22d2bf8e9ad5a3797ed22249380799","73272cc69ebc72bc8c552bb940b4a3eb6590c783","Existing fallback retained; engineering/browser acceptance does not approve this copy; database override version is separately audited by publication CAS/history"
"CMS Contact","emailTopics.programmes.subject","zh-HK","messages/zh-HK.json:Contact.emailTopics.programmes.subject","WTIA content owner","EXISTING_SHIPPED_COPY_OWNER_RECONFIRMATION_PENDING","83fb4cbc456c0d66820f2e37ae976856c856e224aa5f99e0645ca7e4ab76b08a","73272cc69ebc72bc8c552bb940b4a3eb6590c783","Existing fallback retained; engineering/browser acceptance does not approve this copy; database override version is separately audited by publication CAS/history"
"CMS Contact","emailTopics.programmes.body","en","messages/en.json:Contact.emailTopics.programmes.body","WTIA content owner","EXISTING_SHIPPED_COPY_OWNER_RECONFIRMATION_PENDING","d31a65247f5acf3cc609e2e3ab69dfdfe4624cae226de31f64ced78ff8aa5968","73272cc69ebc72bc8c552bb940b4a3eb6590c783","Existing fallback retained; engineering/browser acceptance does not approve this copy; database override version is separately audited by publication CAS/history"
"CMS Contact","emailTopics.programmes.body","zh-HK","messages/zh-HK.json:Contact.emailTopics.programmes.body","WTIA content owner","EXISTING_SHIPPED_COPY_OWNER_RECONFIRMATION_PENDING","1beda2e6df56c38a365110e4b8994676e1e9fedaa1c07dad66f2b49889054205","73272cc69ebc72bc8c552bb940b4a3eb6590c783","Existing fallback retained; engineering/browser acceptance does not approve this copy; database override version is separately audited by publication CAS/history"
"CMS Contact","emailTopics.partnership.label","en","messages/en.json:Contact.emailTopics.partnership.label","WTIA content owner","EXISTING_SHIPPED_COPY_OWNER_RECONFIRMATION_PENDING","11eb5365d3423bbc2b6ce9437df4b4353b0ca2ffb8ed1050866e4d597c9e9667","73272cc69ebc72bc8c552bb940b4a3eb6590c783","Existing fallback retained; engineering/browser acceptance does not approve this copy; database override version is separately audited by publication CAS/history"
"CMS Contact","emailTopics.partnership.label","zh-HK","messages/zh-HK.json:Contact.emailTopics.partnership.label","WTIA content owner","EXISTING_SHIPPED_COPY_OWNER_RECONFIRMATION_PENDING","9710deb10f6afd472f2428f74eb964cd65cbe2b42df5f8d78b382df4c9dfc88c","73272cc69ebc72bc8c552bb940b4a3eb6590c783","Existing fallback retained; engineering/browser acceptance does not approve this copy; database override version is separately audited by publication CAS/history"
"CMS Contact","emailTopics.partnership.subject","en","messages/en.json:Contact.emailTopics.partnership.subject","WTIA content owner","EXISTING_SHIPPED_COPY_OWNER_RECONFIRMATION_PENDING","f535e2e91cc3ab4d18ee52b51c95ca7bc45262f5d7b427689c76d3fabb749921","73272cc69ebc72bc8c552bb940b4a3eb6590c783","Existing fallback retained; engineering/browser acceptance does not approve this copy; database override version is separately audited by publication CAS/history"
"CMS Contact","emailTopics.partnership.subject","zh-HK","messages/zh-HK.json:Contact.emailTopics.partnership.subject","WTIA content owner","EXISTING_SHIPPED_COPY_OWNER_RECONFIRMATION_PENDING","f56f8b357d979528433da6b983be1fab4544fa0cf35e1d4a5ba27fd01a6bf848","73272cc69ebc72bc8c552bb940b4a3eb6590c783","Existing fallback retained; engineering/browser acceptance does not approve this copy; database override version is separately audited by publication CAS/history"
"CMS Contact","emailTopics.partnership.body","en","messages/en.json:Contact.emailTopics.partnership.body","WTIA content owner","EXISTING_SHIPPED_COPY_OWNER_RECONFIRMATION_PENDING","1889581b7c1f1ed258c18c3bcc11429fe6a7cbf53d4bbaba97514c1650fb44cb","73272cc69ebc72bc8c552bb940b4a3eb6590c783","Existing fallback retained; engineering/browser acceptance does not approve this copy; database override version is separately audited by publication CAS/history"
"CMS Contact","emailTopics.partnership.body","zh-HK","messages/zh-HK.json:Contact.emailTopics.partnership.body","WTIA content owner","EXISTING_SHIPPED_COPY_OWNER_RECONFIRMATION_PENDING","67a94c52715378db69e1a1f1cfa6bae59f9b2e40c62b883b8a52946c8c64e903","73272cc69ebc72bc8c552bb940b4a3eb6590c783","Existing fallback retained; engineering/browser acceptance does not approve this copy; database override version is separately audited by publication CAS/history"
"CMS Contact","emailTopics.privacy.label","en","messages/en.json:Contact.emailTopics.privacy.label","WTIA content owner","EXISTING_SHIPPED_COPY_OWNER_RECONFIRMATION_PENDING","d4e11841abf2259383dca74e04797cf8099c9d65a496163982bf885d337fdd88","73272cc69ebc72bc8c552bb940b4a3eb6590c783","Existing fallback retained; engineering/browser acceptance does not approve this copy; database override version is separately audited by publication CAS/history"
"CMS Contact","emailTopics.privacy.label","zh-HK","messages/zh-HK.json:Contact.emailTopics.privacy.label","WTIA content owner","EXISTING_SHIPPED_COPY_OWNER_RECONFIRMATION_PENDING","2b866abbd6b15021ab6328ff7107863d538357422e2bd57c99a2775bab8a00df","73272cc69ebc72bc8c552bb940b4a3eb6590c783","Existing fallback retained; engineering/browser acceptance does not approve this copy; database override version is separately audited by publication CAS/history"
"CMS Contact","emailTopics.privacy.subject","en","messages/en.json:Contact.emailTopics.privacy.subject","WTIA content owner","EXISTING_SHIPPED_COPY_OWNER_RECONFIRMATION_PENDING","57237f6cd05a9b36a48af044dfffc06a26fbde902d5e9e48765c58a4034ffa79","73272cc69ebc72bc8c552bb940b4a3eb6590c783","Existing fallback retained; engineering/browser acceptance does not approve this copy; database override version is separately audited by publication CAS/history"
"CMS Contact","emailTopics.privacy.subject","zh-HK","messages/zh-HK.json:Contact.emailTopics.privacy.subject","WTIA content owner","EXISTING_SHIPPED_COPY_OWNER_RECONFIRMATION_PENDING","52e72804dc6e43fefa47f3c8d789ec997a45dc386fed4e6a525f08ae1850b372","73272cc69ebc72bc8c552bb940b4a3eb6590c783","Existing fallback retained; engineering/browser acceptance does not approve this copy; database override version is separately audited by publication CAS/history"
"CMS Contact","emailTopics.privacy.body","en","messages/en.json:Contact.emailTopics.privacy.body","WTIA content owner","EXISTING_SHIPPED_COPY_OWNER_RECONFIRMATION_PENDING","9db6c6ad85b22b4042ace643630054cd730a4c9a381c709db20b312a1298f7f4","73272cc69ebc72bc8c552bb940b4a3eb6590c783","Existing fallback retained; engineering/browser acceptance does not approve this copy; database override version is separately audited by publication CAS/history"
"CMS Contact","emailTopics.privacy.body","zh-HK","messages/zh-HK.json:Contact.emailTopics.privacy.body","WTIA content owner","EXISTING_SHIPPED_COPY_OWNER_RECONFIRMATION_PENDING","615382e05ebf2359913b261a7af12055e4a94ee7fbfce896bfaa598bf4ceb3a3","73272cc69ebc72bc8c552bb940b4a3eb6590c783","Existing fallback retained; engineering/browser acceptance does not approve this copy; database override version is separately audited by publication CAS/history"
"CMS Contact","emailTopics.media.label","en","messages/en.json:Contact.emailTopics.media.label","WTIA content owner","EXISTING_SHIPPED_COPY_OWNER_RECONFIRMATION_PENDING","cf7fa47c1b7dbfd0be25df218398f9dcc073cdca1eb7a792e4e4ab841f2f188b","73272cc69ebc72bc8c552bb940b4a3eb6590c783","Existing fallback retained; engineering/browser acceptance does not approve this copy; database override version is separately audited by publication CAS/history"
"CMS Contact","emailTopics.media.label","zh-HK","messages/zh-HK.json:Contact.emailTopics.media.label","WTIA content owner","EXISTING_SHIPPED_COPY_OWNER_RECONFIRMATION_PENDING","381b9bb80af165e5883bc37e23a345c3f54ab4503038203c9cbdfde63ba98adb","73272cc69ebc72bc8c552bb940b4a3eb6590c783","Existing fallback retained; engineering/browser acceptance does not approve this copy; database override version is separately audited by publication CAS/history"
"CMS Contact","emailTopics.media.subject","en","messages/en.json:Contact.emailTopics.media.subject","WTIA content owner","EXISTING_SHIPPED_COPY_OWNER_RECONFIRMATION_PENDING","5bce6d15765e0e5bdd691eca0c20f3d584de99eabd8b781e70590bb9de6247d2","73272cc69ebc72bc8c552bb940b4a3eb6590c783","Existing fallback retained; engineering/browser acceptance does not approve this copy; database override version is separately audited by publication CAS/history"
"CMS Contact","emailTopics.media.subject","zh-HK","messages/zh-HK.json:Contact.emailTopics.media.subject","WTIA content owner","EXISTING_SHIPPED_COPY_OWNER_RECONFIRMATION_PENDING","3c8e7e4488f08b98e20c2728e25bed4baec661968e58618bb2a7af5c65d69373","73272cc69ebc72bc8c552bb940b4a3eb6590c783","Existing fallback retained; engineering/browser acceptance does not approve this copy; database override version is separately audited by publication CAS/history"
"CMS Contact","emailTopics.media.body","en","messages/en.json:Contact.emailTopics.media.body","WTIA content owner","EXISTING_SHIPPED_COPY_OWNER_RECONFIRMATION_PENDING","dc0fff398e282a75166cc225230a27637789dea9a6fa1a8b4da1de276cfef195","73272cc69ebc72bc8c552bb940b4a3eb6590c783","Existing fallback retained; engineering/browser acceptance does not approve this copy; database override version is separately audited by publication CAS/history"
"CMS Contact","emailTopics.media.body","zh-HK","messages/zh-HK.json:Contact.emailTopics.media.body","WTIA content owner","EXISTING_SHIPPED_COPY_OWNER_RECONFIRMATION_PENDING","625c79b60cb74e649cf58e0276a040f11d57d0fd78779d8d028dfa365df77cf7","73272cc69ebc72bc8c552bb940b4a3eb6590c783","Existing fallback retained; engineering/browser acceptance does not approve this copy; database override version is separately audited by publication CAS/history"
"CMS Contact","conciergeTitle","en","messages/en.json:Contact.conciergeTitle","WTIA content owner","EXISTING_SHIPPED_COPY_OWNER_RECONFIRMATION_PENDING","27ebb2303d8c1c8a6eb7f09f268cb9bf2d5eb0ba78dd812632345877c38e5909","73272cc69ebc72bc8c552bb940b4a3eb6590c783","Existing fallback retained; engineering/browser acceptance does not approve this copy; database override version is separately audited by publication CAS/history"
"CMS Contact","conciergeTitle","zh-HK","messages/zh-HK.json:Contact.conciergeTitle","WTIA content owner","EXISTING_SHIPPED_COPY_OWNER_RECONFIRMATION_PENDING","b02396d65af451c2a4789fd39acfa481692a210bded9bc77e22656bece772071","73272cc69ebc72bc8c552bb940b4a3eb6590c783","Existing fallback retained; engineering/browser acceptance does not approve this copy; database override version is separately audited by publication CAS/history"
"CMS Contact","conciergeDescription","en","messages/en.json:Contact.conciergeDescription","WTIA content owner","EXISTING_SHIPPED_COPY_OWNER_RECONFIRMATION_PENDING","faf91e8450356e979150903c319b2127528c644faaec8a92a30798970d24839e","73272cc69ebc72bc8c552bb940b4a3eb6590c783","Existing fallback retained; engineering/browser acceptance does not approve this copy; database override version is separately audited by publication CAS/history"
"CMS Contact","conciergeDescription","zh-HK","messages/zh-HK.json:Contact.conciergeDescription","WTIA content owner","EXISTING_SHIPPED_COPY_OWNER_RECONFIRMATION_PENDING","df837b11baf86db06f10f1f0b619d0dac9c2e59d3aa607e18d33949cbab7e68e","73272cc69ebc72bc8c552bb940b4a3eb6590c783","Existing fallback retained; engineering/browser acceptance does not approve this copy; database override version is separately audited by publication CAS/history"
"CMS Contact","conciergeLauncher","en","messages/en.json:Contact.conciergeLauncher","WTIA content owner","EXISTING_SHIPPED_COPY_OWNER_RECONFIRMATION_PENDING","3ca5a736a70182abf8ec6a92ad5c3a37aa71662a05aabf40cc48e587090f96ff","73272cc69ebc72bc8c552bb940b4a3eb6590c783","Existing fallback retained; engineering/browser acceptance does not approve this copy; database override version is separately audited by publication CAS/history"
"CMS Contact","conciergeLauncher","zh-HK","messages/zh-HK.json:Contact.conciergeLauncher","WTIA content owner","EXISTING_SHIPPED_COPY_OWNER_RECONFIRMATION_PENDING","d42144ca10d80844106f033348ef3c94af4912b48a0508b0b5019c10b3cc1171","73272cc69ebc72bc8c552bb940b4a3eb6590c783","Existing fallback retained; engineering/browser acceptance does not approve this copy; database override version is separately audited by publication CAS/history"
"CMS programs","cpai.title","en","messages/en.json:programs.cpai.title","WTIA content owner","OWNER_POLICY_OR_BRANDING_SIGNOFF_REQUIRED","36971efaa0a9d4bc210ff49b23c154f75e8c7d17e11049817e9ca2bbe1ca2ee6","73272cc69ebc72bc8c552bb940b4a3eb6590c783","Existing fallback retained; engineering/browser acceptance does not approve this copy; database override version is separately audited by publication CAS/history"
"CMS programs","cpai.title","zh-HK","messages/zh-HK.json:programs.cpai.title","WTIA content owner","OWNER_POLICY_OR_BRANDING_SIGNOFF_REQUIRED","36971efaa0a9d4bc210ff49b23c154f75e8c7d17e11049817e9ca2bbe1ca2ee6","73272cc69ebc72bc8c552bb940b4a3eb6590c783","Existing fallback retained; engineering/browser acceptance does not approve this copy; database override version is separately audited by publication CAS/history"
"CMS programs","cpai.description","en","messages/en.json:programs.cpai.description","WTIA content owner","OWNER_POLICY_OR_BRANDING_SIGNOFF_REQUIRED","470d483984374aa572c59bf1f76d63e53ed8bc5ef32564d5bd320983344a104c","73272cc69ebc72bc8c552bb940b4a3eb6590c783","Existing fallback retained; engineering/browser acceptance does not approve this copy; database override version is separately audited by publication CAS/history"
"CMS programs","cpai.description","zh-HK","messages/zh-HK.json:programs.cpai.description","WTIA content owner","OWNER_POLICY_OR_BRANDING_SIGNOFF_REQUIRED","cf3ad487c3816cc8103ef483875a1fd0c8477cac81c1d7e0a549f38ab1b046b6","73272cc69ebc72bc8c552bb940b4a3eb6590c783","Existing fallback retained; engineering/browser acceptance does not approve this copy; database override version is separately audited by publication CAS/history"
"CMS programs","cpai.status","en","messages/en.json:programs.cpai.status","WTIA content owner","OWNER_POLICY_OR_BRANDING_SIGNOFF_REQUIRED","3d94af1aba7118b5d6604acedcb271238a660e73c684d4b5a354f996813599ed","73272cc69ebc72bc8c552bb940b4a3eb6590c783","Existing fallback retained; engineering/browser acceptance does not approve this copy; database override version is separately audited by publication CAS/history"
"CMS programs","cpai.status","zh-HK","messages/zh-HK.json:programs.cpai.status","WTIA content owner","OWNER_POLICY_OR_BRANDING_SIGNOFF_REQUIRED","543954448310b3aee11d012487e1e2842e0c461fb62ea9bdbbba410ab0783860","73272cc69ebc72bc8c552bb940b4a3eb6590c783","Existing fallback retained; engineering/browser acceptance does not approve this copy; database override version is separately audited by publication CAS/history"
"CMS programs","cpai.audience","en","messages/en.json:programs.cpai.audience","WTIA content owner","OWNER_POLICY_OR_BRANDING_SIGNOFF_REQUIRED","17947bebaa6ba4a4c75faec2a664a66ce04a15a01184459e0ec55b355af294fd","73272cc69ebc72bc8c552bb940b4a3eb6590c783","Existing fallback retained; engineering/browser acceptance does not approve this copy; database override version is separately audited by publication CAS/history"
"CMS programs","cpai.audience","zh-HK","messages/zh-HK.json:programs.cpai.audience","WTIA content owner","OWNER_POLICY_OR_BRANDING_SIGNOFF_REQUIRED","db088de80853fab29ddb5ae2945d48c8adce406aa095c1cc25da4f3df076fa14","73272cc69ebc72bc8c552bb940b4a3eb6590c783","Existing fallback retained; engineering/browser acceptance does not approve this copy; database override version is separately audited by publication CAS/history"
"CMS programs","hkict.title","en","messages/en.json:programs.hkict.title","WTIA content owner","OWNER_POLICY_OR_BRANDING_SIGNOFF_REQUIRED","40b5682a43b98e12fb7baf16047eda02bd1331bcaa1d337d045ce68ac7d6e236","73272cc69ebc72bc8c552bb940b4a3eb6590c783","Existing fallback retained; engineering/browser acceptance does not approve this copy; database override version is separately audited by publication CAS/history"
"CMS programs","hkict.title","zh-HK","messages/zh-HK.json:programs.hkict.title","WTIA content owner","OWNER_POLICY_OR_BRANDING_SIGNOFF_REQUIRED","b38da83649fca72ca68aeafa49eb2c0f25d2a0773ce1710ca64895649b2a22cf","73272cc69ebc72bc8c552bb940b4a3eb6590c783","Existing fallback retained; engineering/browser acceptance does not approve this copy; database override version is separately audited by publication CAS/history"
"CMS programs","hkict.description","en","messages/en.json:programs.hkict.description","WTIA content owner","OWNER_POLICY_OR_BRANDING_SIGNOFF_REQUIRED","2f204669d363abab2a71ef418f7e36f6e545e918be90d1a1000579b2bfabb327","73272cc69ebc72bc8c552bb940b4a3eb6590c783","Existing fallback retained; engineering/browser acceptance does not approve this copy; database override version is separately audited by publication CAS/history"
"CMS programs","hkict.description","zh-HK","messages/zh-HK.json:programs.hkict.description","WTIA content owner","OWNER_POLICY_OR_BRANDING_SIGNOFF_REQUIRED","933a4316d7e1ed3b58867b02c85164471b16f60c258f6c3e4180c00be780de9f","73272cc69ebc72bc8c552bb940b4a3eb6590c783","Existing fallback retained; engineering/browser acceptance does not approve this copy; database override version is separately audited by publication CAS/history"
"CMS programs","hkict.status","en","messages/en.json:programs.hkict.status","WTIA content owner","OWNER_POLICY_OR_BRANDING_SIGNOFF_REQUIRED","3d94af1aba7118b5d6604acedcb271238a660e73c684d4b5a354f996813599ed","73272cc69ebc72bc8c552bb940b4a3eb6590c783","Existing fallback retained; engineering/browser acceptance does not approve this copy; database override version is separately audited by publication CAS/history"
"CMS programs","hkict.status","zh-HK","messages/zh-HK.json:programs.hkict.status","WTIA content owner","OWNER_POLICY_OR_BRANDING_SIGNOFF_REQUIRED","543954448310b3aee11d012487e1e2842e0c461fb62ea9bdbbba410ab0783860","73272cc69ebc72bc8c552bb940b4a3eb6590c783","Existing fallback retained; engineering/browser acceptance does not approve this copy; database override version is separately audited by publication CAS/history"
"CMS programs","hkict.audience","en","messages/en.json:programs.hkict.audience","WTIA content owner","OWNER_POLICY_OR_BRANDING_SIGNOFF_REQUIRED","53ccbaf4f7675f0421a5a44cfe35cf7621de4bb636eea504cf803e7400591d0f","73272cc69ebc72bc8c552bb940b4a3eb6590c783","Existing fallback retained; engineering/browser acceptance does not approve this copy; database override version is separately audited by publication CAS/history"
"CMS programs","hkict.audience","zh-HK","messages/zh-HK.json:programs.hkict.audience","WTIA content owner","OWNER_POLICY_OR_BRANDING_SIGNOFF_REQUIRED","c12f29b325ad12d2b05d3d5f2143509a79a3d1ca72ba0ae8da63e915efd35572","73272cc69ebc72bc8c552bb940b4a3eb6590c783","Existing fallback retained; engineering/browser acceptance does not approve this copy; database override version is separately audited by publication CAS/history"
"CMS programs","tct.title","en","messages/en.json:programs.tct.title","WTIA content owner","OWNER_POLICY_OR_BRANDING_SIGNOFF_REQUIRED","146c94b98950d88fc2a832809541d88add0b69e6fb96baf895211072ff64403f","73272cc69ebc72bc8c552bb940b4a3eb6590c783","Existing fallback retained; engineering/browser acceptance does not approve this copy; database override version is separately audited by publication CAS/history"
"CMS programs","tct.title","zh-HK","messages/zh-HK.json:programs.tct.title","WTIA content owner","OWNER_POLICY_OR_BRANDING_SIGNOFF_REQUIRED","146c94b98950d88fc2a832809541d88add0b69e6fb96baf895211072ff64403f","73272cc69ebc72bc8c552bb940b4a3eb6590c783","Existing fallback retained; engineering/browser acceptance does not approve this copy; database override version is separately audited by publication CAS/history"
"CMS programs","tct.description","en","messages/en.json:programs.tct.description","WTIA content owner","OWNER_POLICY_OR_BRANDING_SIGNOFF_REQUIRED","1f5e3169daece7262a66483c949dd079eb8ba367aa3233ed59885193f1677bd0","73272cc69ebc72bc8c552bb940b4a3eb6590c783","Existing fallback retained; engineering/browser acceptance does not approve this copy; database override version is separately audited by publication CAS/history"
"CMS programs","tct.description","zh-HK","messages/zh-HK.json:programs.tct.description","WTIA content owner","OWNER_POLICY_OR_BRANDING_SIGNOFF_REQUIRED","80033c762f387a516b9c4af1839dad3e4da47878eba6492f420b616cccbe2d61","73272cc69ebc72bc8c552bb940b4a3eb6590c783","Existing fallback retained; engineering/browser acceptance does not approve this copy; database override version is separately audited by publication CAS/history"
"CMS programs","tct.status","en","messages/en.json:programs.tct.status","WTIA content owner","OWNER_POLICY_OR_BRANDING_SIGNOFF_REQUIRED","3d94af1aba7118b5d6604acedcb271238a660e73c684d4b5a354f996813599ed","73272cc69ebc72bc8c552bb940b4a3eb6590c783","Existing fallback retained; engineering/browser acceptance does not approve this copy; database override version is separately audited by publication CAS/history"
"CMS programs","tct.status","zh-HK","messages/zh-HK.json:programs.tct.status","WTIA content owner","OWNER_POLICY_OR_BRANDING_SIGNOFF_REQUIRED","543954448310b3aee11d012487e1e2842e0c461fb62ea9bdbbba410ab0783860","73272cc69ebc72bc8c552bb940b4a3eb6590c783","Existing fallback retained; engineering/browser acceptance does not approve this copy; database override version is separately audited by publication CAS/history"
"CMS programs","tct.audience","en","messages/en.json:programs.tct.audience","WTIA content owner","OWNER_POLICY_OR_BRANDING_SIGNOFF_REQUIRED","32ab1057dc3cb9b5fbf3cfcdef1e1839e81103b2dc3b25963511521acf59521e","73272cc69ebc72bc8c552bb940b4a3eb6590c783","Existing fallback retained; engineering/browser acceptance does not approve this copy; database override version is separately audited by publication CAS/history"
"CMS programs","tct.audience","zh-HK","messages/zh-HK.json:programs.tct.audience","WTIA content owner","OWNER_POLICY_OR_BRANDING_SIGNOFF_REQUIRED","a5ca59bf962f0fc169309690001da60fc09e8b9d6409e8f196da1d394a1803c7","73272cc69ebc72bc8c552bb940b4a3eb6590c783","Existing fallback retained; engineering/browser acceptance does not approve this copy; database override version is separately audited by publication CAS/history"
"CMS programs","asa.title","en","messages/en.json:programs.asa.title","WTIA content owner","OWNER_POLICY_OR_BRANDING_SIGNOFF_REQUIRED","e08217233d1cc23fa375dd9d62e9044f3aee6e22596b01921a3844ff8420eb10","73272cc69ebc72bc8c552bb940b4a3eb6590c783","Existing fallback retained; engineering/browser acceptance does not approve this copy; database override version is separately audited by publication CAS/history"
"CMS programs","asa.title","zh-HK","messages/zh-HK.json:programs.asa.title","WTIA content owner","OWNER_POLICY_OR_BRANDING_SIGNOFF_REQUIRED","94e3cb46fb52cf6f36e547247c70d21beb6ca394794c32d5ae29289cc87c127a","73272cc69ebc72bc8c552bb940b4a3eb6590c783","Existing fallback retained; engineering/browser acceptance does not approve this copy; database override version is separately audited by publication CAS/history"
"CMS programs","asa.description","en","messages/en.json:programs.asa.description","WTIA content owner","OWNER_POLICY_OR_BRANDING_SIGNOFF_REQUIRED","22b335a6ebbf7416674ffa2aef630e7187cca36d81f53b7b0617b286cfc13ff8","73272cc69ebc72bc8c552bb940b4a3eb6590c783","Existing fallback retained; engineering/browser acceptance does not approve this copy; database override version is separately audited by publication CAS/history"
"CMS programs","asa.description","zh-HK","messages/zh-HK.json:programs.asa.description","WTIA content owner","OWNER_POLICY_OR_BRANDING_SIGNOFF_REQUIRED","98850f3b1acdd6977132d1b43f08b79e734c23d8367cb2025f2bfede7980f7b8","73272cc69ebc72bc8c552bb940b4a3eb6590c783","Existing fallback retained; engineering/browser acceptance does not approve this copy; database override version is separately audited by publication CAS/history"
"CMS programs","asa.status","en","messages/en.json:programs.asa.status","WTIA content owner","OWNER_POLICY_OR_BRANDING_SIGNOFF_REQUIRED","3d94af1aba7118b5d6604acedcb271238a660e73c684d4b5a354f996813599ed","73272cc69ebc72bc8c552bb940b4a3eb6590c783","Existing fallback retained; engineering/browser acceptance does not approve this copy; database override version is separately audited by publication CAS/history"
"CMS programs","asa.status","zh-HK","messages/zh-HK.json:programs.asa.status","WTIA content owner","OWNER_POLICY_OR_BRANDING_SIGNOFF_REQUIRED","543954448310b3aee11d012487e1e2842e0c461fb62ea9bdbbba410ab0783860","73272cc69ebc72bc8c552bb940b4a3eb6590c783","Existing fallback retained; engineering/browser acceptance does not approve this copy; database override version is separately audited by publication CAS/history"
"CMS programs","asa.audience","en","messages/en.json:programs.asa.audience","WTIA content owner","OWNER_POLICY_OR_BRANDING_SIGNOFF_REQUIRED","3be3f47c2ae35847bee0ff45758e8ea9112b485d687f1ff5afb8a131d2fca9bf","73272cc69ebc72bc8c552bb940b4a3eb6590c783","Existing fallback retained; engineering/browser acceptance does not approve this copy; database override version is separately audited by publication CAS/history"
"CMS programs","asa.audience","zh-HK","messages/zh-HK.json:programs.asa.audience","WTIA content owner","OWNER_POLICY_OR_BRANDING_SIGNOFF_REQUIRED","ba19d512b3d8bef3b3303879d1d87e6890732bd6db12441669a3f8528ee42f58","73272cc69ebc72bc8c552bb940b4a3eb6590c783","Existing fallback retained; engineering/browser acceptance does not approve this copy; database override version is separately audited by publication CAS/history"
"CMS programs","record.statusHeading","en","messages/en.json:programs.record.statusHeading","WTIA content owner","OWNER_POLICY_OR_BRANDING_SIGNOFF_REQUIRED","c173724ef8ab1f91511a79a7504354233454f5eece1d816a9dc97e8b4b1580e8","73272cc69ebc72bc8c552bb940b4a3eb6590c783","Existing fallback retained; engineering/browser acceptance does not approve this copy; database override version is separately audited by publication CAS/history"
"CMS programs","record.statusHeading","zh-HK","messages/zh-HK.json:programs.record.statusHeading","WTIA content owner","OWNER_POLICY_OR_BRANDING_SIGNOFF_REQUIRED","118a64c54470443277506424119d81b904ecd1dcd0a187f37a80bda66373a6fc","73272cc69ebc72bc8c552bb940b4a3eb6590c783","Existing fallback retained; engineering/browser acceptance does not approve this copy; database override version is separately audited by publication CAS/history"
"CMS programs","record.editionsHeading","en","messages/en.json:programs.record.editionsHeading","WTIA content owner","OWNER_POLICY_OR_BRANDING_SIGNOFF_REQUIRED","8669648cdd4536c02bbbb22312821572f064ce47e5130dea894aca321f1a0f3d","73272cc69ebc72bc8c552bb940b4a3eb6590c783","Existing fallback retained; engineering/browser acceptance does not approve this copy; database override version is separately audited by publication CAS/history"
"CMS programs","record.editionsHeading","zh-HK","messages/zh-HK.json:programs.record.editionsHeading","WTIA content owner","OWNER_POLICY_OR_BRANDING_SIGNOFF_REQUIRED","4f92f7884ccc191c763b068154ad399fac540e088eced3a42fe11f4029a41e85","73272cc69ebc72bc8c552bb940b4a3eb6590c783","Existing fallback retained; engineering/browser acceptance does not approve this copy; database override version is separately audited by publication CAS/history"
"CMS programs","record.winnersHeading","en","messages/en.json:programs.record.winnersHeading","WTIA content owner","OWNER_POLICY_OR_BRANDING_SIGNOFF_REQUIRED","007c958e38908e53442d64056f99098ddc44e2da08e95bf4918563d218a47029","73272cc69ebc72bc8c552bb940b4a3eb6590c783","Existing fallback retained; engineering/browser acceptance does not approve this copy; database override version is separately audited by publication CAS/history"
"CMS programs","record.winnersHeading","zh-HK","messages/zh-HK.json:programs.record.winnersHeading","WTIA content owner","OWNER_POLICY_OR_BRANDING_SIGNOFF_REQUIRED","4a802b4f6bc1bcde2712977da8362e495f3786406bce7c7dac1414cb5a0332d0","73272cc69ebc72bc8c552bb940b4a3eb6590c783","Existing fallback retained; engineering/browser acceptance does not approve this copy; database override version is separately audited by publication CAS/history"
"CMS programs","record.categoryHeading","en","messages/en.json:programs.record.categoryHeading","WTIA content owner","OWNER_POLICY_OR_BRANDING_SIGNOFF_REQUIRED","fdfac0ae1ad92fe6f17628812a2ff5718751fed483eeb85b30724b80741074d4","73272cc69ebc72bc8c552bb940b4a3eb6590c783","Existing fallback retained; engineering/browser acceptance does not approve this copy; database override version is separately audited by publication CAS/history"
"CMS programs","record.categoryHeading","zh-HK","messages/zh-HK.json:programs.record.categoryHeading","WTIA content owner","OWNER_POLICY_OR_BRANDING_SIGNOFF_REQUIRED","b7fdab0ad2384df2b43aa627a1e8b774c99ebcdab627156715f22e934cacf206","73272cc69ebc72bc8c552bb940b4a3eb6590c783","Existing fallback retained; engineering/browser acceptance does not approve this copy; database override version is separately audited by publication CAS/history"
"CMS programs","record.fundedBy","en","messages/en.json:programs.record.fundedBy","WTIA content owner","OWNER_POLICY_OR_BRANDING_SIGNOFF_REQUIRED","2b7c900fa789b0a8b1f84600899a1a16f263f1a4592c0d1a13c7cbb8a0bb855e","73272cc69ebc72bc8c552bb940b4a3eb6590c783","Existing fallback retained; engineering/browser acceptance does not approve this copy; database override version is separately audited by publication CAS/history"
"CMS programs","record.fundedBy","zh-HK","messages/zh-HK.json:programs.record.fundedBy","WTIA content owner","OWNER_POLICY_OR_BRANDING_SIGNOFF_REQUIRED","a537b5d897617cc94bc1e8423c07e9b51d3f7dab844493c3151f716c6dc3db2d","73272cc69ebc72bc8c552bb940b4a3eb6590c783","Existing fallback retained; engineering/browser acceptance does not approve this copy; database override version is separately audited by publication CAS/history"
"CMS programs","record.fundedByAgency","en","messages/en.json:programs.record.fundedByAgency","WTIA content owner","OWNER_POLICY_OR_BRANDING_SIGNOFF_REQUIRED","aab6516512da9dfdfee8b604a4611c8bfeaffea38e6ce4e4f4936c1969b77e2b","73272cc69ebc72bc8c552bb940b4a3eb6590c783","Existing fallback retained; engineering/browser acceptance does not approve this copy; database override version is separately audited by publication CAS/history"
"CMS programs","record.fundedByAgency","zh-HK","messages/zh-HK.json:programs.record.fundedByAgency","WTIA content owner","OWNER_POLICY_OR_BRANDING_SIGNOFF_REQUIRED","ced837681816fa6183ab78593f2ac2ef013b222e7691ed56c2f868c4d1a3a30b","73272cc69ebc72bc8c552bb940b4a3eb6590c783","Existing fallback retained; engineering/browser acceptance does not approve this copy; database override version is separately audited by publication CAS/history"
"CMS programs","record.fundedByScheme","en","messages/en.json:programs.record.fundedByScheme","WTIA content owner","OWNER_POLICY_OR_BRANDING_SIGNOFF_REQUIRED","ae47b49d0bb1bbefebf2571ed7132066287892d074411948a7e71607bb5fc795","73272cc69ebc72bc8c552bb940b4a3eb6590c783","Existing fallback retained; engineering/browser acceptance does not approve this copy; database override version is separately audited by publication CAS/history"
"CMS programs","record.fundedByScheme","zh-HK","messages/zh-HK.json:programs.record.fundedByScheme","WTIA content owner","OWNER_POLICY_OR_BRANDING_SIGNOFF_REQUIRED","b26e942180fab5de78b9c7ff35744c6512455e4f5b07f05d2b488d4d0dfa5ce5","73272cc69ebc72bc8c552bb940b4a3eb6590c783","Existing fallback retained; engineering/browser acceptance does not approve this copy; database override version is separately audited by publication CAS/history"
"CMS programs","record.organisedFor","en","messages/en.json:programs.record.organisedFor","WTIA content owner","OWNER_POLICY_OR_BRANDING_SIGNOFF_REQUIRED","1ac60872a0b6be326ed635b84cd266ac27c5372ee650a9487b47ee5c7caaa11a","73272cc69ebc72bc8c552bb940b4a3eb6590c783","Existing fallback retained; engineering/browser acceptance does not approve this copy; database override version is separately audited by publication CAS/history"
"CMS programs","record.organisedFor","zh-HK","messages/zh-HK.json:programs.record.organisedFor","WTIA content owner","OWNER_POLICY_OR_BRANDING_SIGNOFF_REQUIRED","2d4c947ebcc6c0bac44c6af12a1af83f77b04fac2c4b5432e1f583097730756a","73272cc69ebc72bc8c552bb940b4a3eb6590c783","Existing fallback retained; engineering/browser acceptance does not approve this copy; database override version is separately audited by publication CAS/history"
"CMS programs","record.regionsAttended","en","messages/en.json:programs.record.regionsAttended","WTIA content owner","OWNER_POLICY_OR_BRANDING_SIGNOFF_REQUIRED","256eb7416f66eac0c3e28e4e87db78d2d935ee91bc408ca43ce382529267bfd4","73272cc69ebc72bc8c552bb940b4a3eb6590c783","Existing fallback retained; engineering/browser acceptance does not approve this copy; database override version is separately audited by publication CAS/history"
"CMS programs","record.regionsAttended","zh-HK","messages/zh-HK.json:programs.record.regionsAttended","WTIA content owner","OWNER_POLICY_OR_BRANDING_SIGNOFF_REQUIRED","5c0d9f97f2e6be76e8ce603edebbd1bb4b3b46c9c8389286ed6fde0c5b57b3ce","73272cc69ebc72bc8c552bb940b4a3eb6590c783","Existing fallback retained; engineering/browser acceptance does not approve this copy; database override version is separately audited by publication CAS/history"
"CMS programs","record.regionsCoOrganised","en","messages/en.json:programs.record.regionsCoOrganised","WTIA content owner","OWNER_POLICY_OR_BRANDING_SIGNOFF_REQUIRED","deeee121cc5df345f88684841211ad0b7c8040a68fb6b6d0813ae0eaf14c9b92","73272cc69ebc72bc8c552bb940b4a3eb6590c783","Existing fallback retained; engineering/browser acceptance does not approve this copy; database override version is separately audited by publication CAS/history"
"CMS programs","record.regionsCoOrganised","zh-HK","messages/zh-HK.json:programs.record.regionsCoOrganised","WTIA content owner","OWNER_POLICY_OR_BRANDING_SIGNOFF_REQUIRED","c3f166236ec628d1f76ef504654ea12b3741f3f3cc4c7616728faca32cd21c16","73272cc69ebc72bc8c552bb940b4a3eb6590c783","Existing fallback retained; engineering/browser acceptance does not approve this copy; database override version is separately audited by publication CAS/history"
"CMS programs","record.winnersOffSite","en","messages/en.json:programs.record.winnersOffSite","WTIA content owner","OWNER_POLICY_OR_BRANDING_SIGNOFF_REQUIRED","504df97a3a970da355452b121e8d6e2cae4be45db73c6d86dd494e148f8396f1","73272cc69ebc72bc8c552bb940b4a3eb6590c783","Existing fallback retained; engineering/browser acceptance does not approve this copy; database override version is separately audited by publication CAS/history"
"CMS programs","record.winnersOffSite","zh-HK","messages/zh-HK.json:programs.record.winnersOffSite","WTIA content owner","OWNER_POLICY_OR_BRANDING_SIGNOFF_REQUIRED","ae44df70a85cc23c9f3e96090f4ff1af3c5fd37bfa99efafc10be78a901fc02d","73272cc69ebc72bc8c552bb940b4a3eb6590c783","Existing fallback retained; engineering/browser acceptance does not approve this copy; database override version is separately audited by publication CAS/history"
"CMS programs","record.winnersOffSiteLink","en","messages/en.json:programs.record.winnersOffSiteLink","WTIA content owner","OWNER_POLICY_OR_BRANDING_SIGNOFF_REQUIRED","850cff22d473bf1dc2679c81243e689581dbc4750636a2e303721ab7a44786c5","73272cc69ebc72bc8c552bb940b4a3eb6590c783","Existing fallback retained; engineering/browser acceptance does not approve this copy; database override version is separately audited by publication CAS/history"
"CMS programs","record.winnersOffSiteLink","zh-HK","messages/zh-HK.json:programs.record.winnersOffSiteLink","WTIA content owner","OWNER_POLICY_OR_BRANDING_SIGNOFF_REQUIRED","19aaafb0e7bbc533c0cb4c3c5362b8ec0279104553978d32a0bcaf018b0a1c96","73272cc69ebc72bc8c552bb940b4a3eb6590c783","Existing fallback retained; engineering/browser acceptance does not approve this copy; database override version is separately audited by publication CAS/history"
"CMS programs","record.winnersUnrecorded","en","messages/en.json:programs.record.winnersUnrecorded","WTIA content owner","OWNER_POLICY_OR_BRANDING_SIGNOFF_REQUIRED","e451d063280c2122e949440e239a792d8464d48336049e16638a1d324d64371a","73272cc69ebc72bc8c552bb940b4a3eb6590c783","Existing fallback retained; engineering/browser acceptance does not approve this copy; database override version is separately audited by publication CAS/history"
"CMS programs","record.winnersUnrecorded","zh-HK","messages/zh-HK.json:programs.record.winnersUnrecorded","WTIA content owner","OWNER_POLICY_OR_BRANDING_SIGNOFF_REQUIRED","7931cbe4394a13fec2051e57c113ba62def095030ff3c127c07bc17aa7e77d26","73272cc69ebc72bc8c552bb940b4a3eb6590c783","Existing fallback retained; engineering/browser acceptance does not approve this copy; database override version is separately audited by publication CAS/history"
"CMS programs","record.credentialIssuer","en","messages/en.json:programs.record.credentialIssuer","WTIA content owner","OWNER_POLICY_OR_BRANDING_SIGNOFF_REQUIRED","657242934af3374970bc57fcbd334c52a7d2ed121a92e472f7e5e80798f94dab","73272cc69ebc72bc8c552bb940b4a3eb6590c783","Existing fallback retained; engineering/browser acceptance does not approve this copy; database override version is separately audited by publication CAS/history"
"CMS programs","record.credentialIssuer","zh-HK","messages/zh-HK.json:programs.record.credentialIssuer","WTIA content owner","OWNER_POLICY_OR_BRANDING_SIGNOFF_REQUIRED","fea9395d20a31649ac0aac0410a071b5c13d413e337c4b338af15ba7eb27619a","73272cc69ebc72bc8c552bb940b4a3eb6590c783","Existing fallback retained; engineering/browser acceptance does not approve this copy; database override version is separately audited by publication CAS/history"
"CMS programs","record.credentialCoursePartner","en","messages/en.json:programs.record.credentialCoursePartner","WTIA content owner","OWNER_POLICY_OR_BRANDING_SIGNOFF_REQUIRED","94260042a50c9029e9dc483c89c64eb48eb8f2ce6be9d73b85a6d75ad29e59d9","73272cc69ebc72bc8c552bb940b4a3eb6590c783","Existing fallback retained; engineering/browser acceptance does not approve this copy; database override version is separately audited by publication CAS/history"
"CMS programs","record.credentialCoursePartner","zh-HK","messages/zh-HK.json:programs.record.credentialCoursePartner","WTIA content owner","OWNER_POLICY_OR_BRANDING_SIGNOFF_REQUIRED","2fd3e0250fcdb7fc9b3bc38c45360888a030f2a15e1d3fa4a0f57955e4aa4b87","73272cc69ebc72bc8c552bb940b4a3eb6590c783","Existing fallback retained; engineering/browser acceptance does not approve this copy; database override version is separately audited by publication CAS/history"
"CMS programs","record.credentialPartnerCertificate","en","messages/en.json:programs.record.credentialPartnerCertificate","WTIA content owner","OWNER_POLICY_OR_BRANDING_SIGNOFF_REQUIRED","e44908387209c6ecd743ee7c6e4e34b8e3aae68a7ef6b5d3cb5c4599ae883d1d","73272cc69ebc72bc8c552bb940b4a3eb6590c783","Existing fallback retained; engineering/browser acceptance does not approve this copy; database override version is separately audited by publication CAS/history"
"CMS programs","record.credentialPartnerCertificate","zh-HK","messages/zh-HK.json:programs.record.credentialPartnerCertificate","WTIA content owner","OWNER_POLICY_OR_BRANDING_SIGNOFF_REQUIRED","85f8137c4fbcc7cbb931abc45ff2848292716adf0903531511d9b714d79252ed","73272cc69ebc72bc8c552bb940b4a3eb6590c783","Existing fallback retained; engineering/browser acceptance does not approve this copy; database override version is separately audited by publication CAS/history"
"CMS programs","record.credentialSyllabus","en","messages/en.json:programs.record.credentialSyllabus","WTIA content owner","OWNER_POLICY_OR_BRANDING_SIGNOFF_REQUIRED","998ea1501fcd9582ee5137e88ba84e68040b6eff8157f6c6a8ac69c48beb68b5","73272cc69ebc72bc8c552bb940b4a3eb6590c783","Existing fallback retained; engineering/browser acceptance does not approve this copy; database override version is separately audited by publication CAS/history"
"CMS programs","record.credentialSyllabus","zh-HK","messages/zh-HK.json:programs.record.credentialSyllabus","WTIA content owner","OWNER_POLICY_OR_BRANDING_SIGNOFF_REQUIRED","fa478e3d569d8a2d6b8a3b5586fcfc715d9df3adcf250d2b03f3cef60afd08f6","73272cc69ebc72bc8c552bb940b4a3eb6590c783","Existing fallback retained; engineering/browser acceptance does not approve this copy; database override version is separately audited by publication CAS/history"
"CMS programs","record.eventSeriesLabel","en","messages/en.json:programs.record.eventSeriesLabel","WTIA content owner","OWNER_POLICY_OR_BRANDING_SIGNOFF_REQUIRED","4c41a6beeaf7768401ab874ea43a4b2bf740f7c7fb6d28a8864ba1bc4a044b88","73272cc69ebc72bc8c552bb940b4a3eb6590c783","Existing fallback retained; engineering/browser acceptance does not approve this copy; database override version is separately audited by publication CAS/history"
"CMS programs","record.eventSeriesLabel","zh-HK","messages/zh-HK.json:programs.record.eventSeriesLabel","WTIA content owner","OWNER_POLICY_OR_BRANDING_SIGNOFF_REQUIRED","a1776387745f6598638f87d76e3d07f0e7ef2503c74d11784be1f5db68f1598c","73272cc69ebc72bc8c552bb940b4a3eb6590c783","Existing fallback retained; engineering/browser acceptance does not approve this copy; database override version is separately audited by publication CAS/history"
"CMS programs","record.credentialLabel","en","messages/en.json:programs.record.credentialLabel","WTIA content owner","OWNER_POLICY_OR_BRANDING_SIGNOFF_REQUIRED","5ef4db4002da9f3195fcfdbcd9b749b16460f5f08d39d37e5af222b6df72dec1","73272cc69ebc72bc8c552bb940b4a3eb6590c783","Existing fallback retained; engineering/browser acceptance does not approve this copy; database override version is separately audited by publication CAS/history"
"CMS programs","record.credentialLabel","zh-HK","messages/zh-HK.json:programs.record.credentialLabel","WTIA content owner","OWNER_POLICY_OR_BRANDING_SIGNOFF_REQUIRED","6ac62486cb33782a3d4bbbad49d8abe4f83e3f8c3bcd914e5f4eaeb9a3d7207f","73272cc69ebc72bc8c552bb940b4a3eb6590c783","Existing fallback retained; engineering/browser acceptance does not approve this copy; database override version is separately audited by publication CAS/history"
"CMS programs","record.compassFactLabel","en","messages/en.json:programs.record.compassFactLabel","WTIA content owner","OWNER_POLICY_OR_BRANDING_SIGNOFF_REQUIRED","7cea0dff802b3d226000b2e1cc3ff3eecd71c482a2d3f59b18aa30b032ec6dab","73272cc69ebc72bc8c552bb940b4a3eb6590c783","Existing fallback retained; engineering/browser acceptance does not approve this copy; database override version is separately audited by publication CAS/history"
"CMS programs","record.compassFactLabel","zh-HK","messages/zh-HK.json:programs.record.compassFactLabel","WTIA content owner","OWNER_POLICY_OR_BRANDING_SIGNOFF_REQUIRED","0fad8ec321ea797bb1a1e0a14a93d507cbeafe47a132bc6755ee3c2015c63ca8","73272cc69ebc72bc8c552bb940b4a3eb6590c783","Existing fallback retained; engineering/browser acceptance does not approve this copy; database override version is separately audited by publication CAS/history"
"CMS programs","record.compassAudienceLabel","en","messages/en.json:programs.record.compassAudienceLabel","WTIA content owner","OWNER_POLICY_OR_BRANDING_SIGNOFF_REQUIRED","bc94c395521e15f341c58ea68d7a20f841af060f1753e8d842cc7bbd9235cdd0","73272cc69ebc72bc8c552bb940b4a3eb6590c783","Existing fallback retained; engineering/browser acceptance does not approve this copy; database override version is separately audited by publication CAS/history"
"CMS programs","record.compassAudienceLabel","zh-HK","messages/zh-HK.json:programs.record.compassAudienceLabel","WTIA content owner","OWNER_POLICY_OR_BRANDING_SIGNOFF_REQUIRED","f9cad248d7edea3385c7bb9c42af493059456fdbf56d414e4f37fb217c9f17fd","73272cc69ebc72bc8c552bb940b4a3eb6590c783","Existing fallback retained; engineering/browser acceptance does not approve this copy; database override version is separately audited by publication CAS/history"
"CMS programs","record.compassActionLabel","en","messages/en.json:programs.record.compassActionLabel","WTIA content owner","OWNER_POLICY_OR_BRANDING_SIGNOFF_REQUIRED","3d6e7b1d6016c8128164ddcbbb4298918f2ab1595146ddd3934411b4fe9311f8","73272cc69ebc72bc8c552bb940b4a3eb6590c783","Existing fallback retained; engineering/browser acceptance does not approve this copy; database override version is separately audited by publication CAS/history"
"CMS programs","record.compassActionLabel","zh-HK","messages/zh-HK.json:programs.record.compassActionLabel","WTIA content owner","OWNER_POLICY_OR_BRANDING_SIGNOFF_REQUIRED","5d42b947158932d3f89e6764a73ba1c9090e1f6d19cf6ba8809f5fac00064b4f","73272cc69ebc72bc8c552bb940b4a3eb6590c783","Existing fallback retained; engineering/browser acceptance does not approve this copy; database override version is separately audited by publication CAS/history"
"CMS programs","record.askProgrammeTeam","en","messages/en.json:programs.record.askProgrammeTeam","WTIA content owner","OWNER_POLICY_OR_BRANDING_SIGNOFF_REQUIRED","f91961bce232db1235d2d127f270de43c24c39b93cbc69182392a2ef7a1dadd7","73272cc69ebc72bc8c552bb940b4a3eb6590c783","Existing fallback retained; engineering/browser acceptance does not approve this copy; database override version is separately audited by publication CAS/history"
"CMS programs","record.askProgrammeTeam","zh-HK","messages/zh-HK.json:programs.record.askProgrammeTeam","WTIA content owner","OWNER_POLICY_OR_BRANDING_SIGNOFF_REQUIRED","550ade59d79046974296c21c104f1710dd17bdb86ff06e50e1c102c7b9ea4611","73272cc69ebc72bc8c552bb940b4a3eb6590c783","Existing fallback retained; engineering/browser acceptance does not approve this copy; database override version is separately audited by publication CAS/history"
"CMS programs","record.editionsFact","en","messages/en.json:programs.record.editionsFact","WTIA content owner","OWNER_POLICY_OR_BRANDING_SIGNOFF_REQUIRED","fa875dace8540867b06522c81d9ce124c36a7353a37e0da076e3a9def6e037db","73272cc69ebc72bc8c552bb940b4a3eb6590c783","Existing fallback retained; engineering/browser acceptance does not approve this copy; database override version is separately audited by publication CAS/history"
"CMS programs","record.editionsFact","zh-HK","messages/zh-HK.json:programs.record.editionsFact","WTIA content owner","OWNER_POLICY_OR_BRANDING_SIGNOFF_REQUIRED","eddf8b2847120562d33281f1d99221ef168cfd09c1e53c2ab2481614478b9d1a","73272cc69ebc72bc8c552bb940b4a3eb6590c783","Existing fallback retained; engineering/browser acceptance does not approve this copy; database override version is separately audited by publication CAS/history"
"CMS programs","record.credentialFact","en","messages/en.json:programs.record.credentialFact","WTIA content owner","OWNER_POLICY_OR_BRANDING_SIGNOFF_REQUIRED","5d580e1146d24b1e0f2a6ffe199ce8d9d5bfb71bc24142b14520e1e57d262e44","73272cc69ebc72bc8c552bb940b4a3eb6590c783","Existing fallback retained; engineering/browser acceptance does not approve this copy; database override version is separately audited by publication CAS/history"
"CMS programs","record.credentialFact","zh-HK","messages/zh-HK.json:programs.record.credentialFact","WTIA content owner","OWNER_POLICY_OR_BRANDING_SIGNOFF_REQUIRED","09acdb54f45fd33a03a1b9ea39e96bccdc766b4dc4a96c2442daef369b2ff11f","73272cc69ebc72bc8c552bb940b4a3eb6590c783","Existing fallback retained; engineering/browser acceptance does not approve this copy; database override version is separately audited by publication CAS/history"
"CMS programs","record.mailSubject","en","messages/en.json:programs.record.mailSubject","WTIA content owner","OWNER_POLICY_OR_BRANDING_SIGNOFF_REQUIRED","bef55d5e04c40145822c9796da838523dfb628589e6b0e2413fbd439e028edbc","73272cc69ebc72bc8c552bb940b4a3eb6590c783","Existing fallback retained; engineering/browser acceptance does not approve this copy; database override version is separately audited by publication CAS/history"
"CMS programs","record.mailSubject","zh-HK","messages/zh-HK.json:programs.record.mailSubject","WTIA content owner","OWNER_POLICY_OR_BRANDING_SIGNOFF_REQUIRED","91b65e48bed5d65ed9ff42a00b1533c46e2b4d6f45b57748692e4bb62a2703b8","73272cc69ebc72bc8c552bb940b4a3eb6590c783","Existing fallback retained; engineering/browser acceptance does not approve this copy; database override version is separately audited by publication CAS/history"
"CMS Membership","metaTitle","en","messages/en.json:Membership.metaTitle","WTIA policy owner / ExCo","OWNER_POLICY_OR_BRANDING_SIGNOFF_REQUIRED","f258c28d9bd7c4929b7fc48a8be0be0475ee7d7e19aebf1706ca225568722b0f","73272cc69ebc72bc8c552bb940b4a3eb6590c783","Existing fallback retained; engineering/browser acceptance does not approve this copy; database override version is separately audited by publication CAS/history"
"CMS Membership","metaTitle","zh-HK","messages/zh-HK.json:Membership.metaTitle","WTIA policy owner / ExCo","OWNER_POLICY_OR_BRANDING_SIGNOFF_REQUIRED","edec5108c56ef763ce6fa58c676b3522aa17ac6ff126e4426efd97db1810e941","73272cc69ebc72bc8c552bb940b4a3eb6590c783","Existing fallback retained; engineering/browser acceptance does not approve this copy; database override version is separately audited by publication CAS/history"
"CMS Membership","metaDescription","en","messages/en.json:Membership.metaDescription","WTIA policy owner / ExCo","OWNER_POLICY_OR_BRANDING_SIGNOFF_REQUIRED","4c77c621d9fb0d5fe6c02fcb4bcd6aee3dc1ed24a168ff970b1f2738fe3690aa","73272cc69ebc72bc8c552bb940b4a3eb6590c783","Existing fallback retained; engineering/browser acceptance does not approve this copy; database override version is separately audited by publication CAS/history"
"CMS Membership","metaDescription","zh-HK","messages/zh-HK.json:Membership.metaDescription","WTIA policy owner / ExCo","OWNER_POLICY_OR_BRANDING_SIGNOFF_REQUIRED","f2d1a7b40389f9794de80b7407c4b21facf4f86a914761d5b8b14261d9646ebb","73272cc69ebc72bc8c552bb940b4a3eb6590c783","Existing fallback retained; engineering/browser acceptance does not approve this copy; database override version is separately audited by publication CAS/history"
"CMS Membership","eyebrow","en","messages/en.json:Membership.eyebrow","WTIA policy owner / ExCo","OWNER_POLICY_OR_BRANDING_SIGNOFF_REQUIRED","ffcca5839f28a1108177160451dd9a77a44698a5261abf192de343213181771a","73272cc69ebc72bc8c552bb940b4a3eb6590c783","Existing fallback retained; engineering/browser acceptance does not approve this copy; database override version is separately audited by publication CAS/history"
"CMS Membership","eyebrow","zh-HK","messages/zh-HK.json:Membership.eyebrow","WTIA policy owner / ExCo","OWNER_POLICY_OR_BRANDING_SIGNOFF_REQUIRED","9900ed617ffa21b0e1c6948189715f7c7e62f02a03e5c9dcd8b95c8d5d5518df","73272cc69ebc72bc8c552bb940b4a3eb6590c783","Existing fallback retained; engineering/browser acceptance does not approve this copy; database override version is separately audited by publication CAS/history"
"CMS Membership","title","en","messages/en.json:Membership.title","WTIA policy owner / ExCo","OWNER_POLICY_OR_BRANDING_SIGNOFF_REQUIRED","99312c51fcc193fd9690bb8637054b06f9699c5931357473913b6f7ea35cc6ad","73272cc69ebc72bc8c552bb940b4a3eb6590c783","Existing fallback retained; engineering/browser acceptance does not approve this copy; database override version is separately audited by publication CAS/history"
"CMS Membership","title","zh-HK","messages/zh-HK.json:Membership.title","WTIA policy owner / ExCo","OWNER_POLICY_OR_BRANDING_SIGNOFF_REQUIRED","e3a5f2d757d88c3289ac07c9a48ca7b094fa1fba0cb08daf1668e1487fb74f85","73272cc69ebc72bc8c552bb940b4a3eb6590c783","Existing fallback retained; engineering/browser acceptance does not approve this copy; database override version is separately audited by publication CAS/history"
"CMS Membership","summary","en","messages/en.json:Membership.summary","WTIA policy owner / ExCo","OWNER_POLICY_OR_BRANDING_SIGNOFF_REQUIRED","53d0e5646d7cbec9b9beed918f03518e6a92398c42bccca10e91aca7d976fd17","73272cc69ebc72bc8c552bb940b4a3eb6590c783","Existing fallback retained; engineering/browser acceptance does not approve this copy; database override version is separately audited by publication CAS/history"
"CMS Membership","summary","zh-HK","messages/zh-HK.json:Membership.summary","WTIA policy owner / ExCo","OWNER_POLICY_OR_BRANDING_SIGNOFF_REQUIRED","9023bef897df39a522719f3076652c55237dfe1e01e129dcd48b33a619f3837b","73272cc69ebc72bc8c552bb940b4a3eb6590c783","Existing fallback retained; engineering/browser acceptance does not approve this copy; database override version is separately audited by publication CAS/history"
"CMS Membership","tiersTitle","en","messages/en.json:Membership.tiersTitle","WTIA policy owner / ExCo","OWNER_POLICY_OR_BRANDING_SIGNOFF_REQUIRED","f489b7ffa5aeb4c43ed36398cb6edf1e14c82a79e1217d00889d2456db9cde23","73272cc69ebc72bc8c552bb940b4a3eb6590c783","Existing fallback retained; engineering/browser acceptance does not approve this copy; database override version is separately audited by publication CAS/history"
"CMS Membership","tiersTitle","zh-HK","messages/zh-HK.json:Membership.tiersTitle","WTIA policy owner / ExCo","OWNER_POLICY_OR_BRANDING_SIGNOFF_REQUIRED","316f4afa32e69fd6ca5d820bfef034eb39209b4792399972a84ebce5d013c254","73272cc69ebc72bc8c552bb940b4a3eb6590c783","Existing fallback retained; engineering/browser acceptance does not approve this copy; database override version is separately audited by publication CAS/history"
"CMS Membership","tiersIntro","en","messages/en.json:Membership.tiersIntro","WTIA policy owner / ExCo","OWNER_POLICY_OR_BRANDING_SIGNOFF_REQUIRED","e774e0c244720363117981a5cce3a470794f43f474a6db79b7b7d47dae08b7c1","73272cc69ebc72bc8c552bb940b4a3eb6590c783","Existing fallback retained; engineering/browser acceptance does not approve this copy; database override version is separately audited by publication CAS/history"
"CMS Membership","tiersIntro","zh-HK","messages/zh-HK.json:Membership.tiersIntro","WTIA policy owner / ExCo","OWNER_POLICY_OR_BRANDING_SIGNOFF_REQUIRED","a9f0ab2b72779b3be95d99dcc74c379e45285174f2178bb65926f2dda1e8027b","73272cc69ebc72bc8c552bb940b4a3eb6590c783","Existing fallback retained; engineering/browser acceptance does not approve this copy; database override version is separately audited by publication CAS/history"
"CMS Membership","benefits.network","en","messages/en.json:Membership.benefits.network","WTIA policy owner / ExCo","OWNER_POLICY_OR_BRANDING_SIGNOFF_REQUIRED","77fc121ca295410227325b1288be37a0e872de172ba49f80ddb979aad85d6346","73272cc69ebc72bc8c552bb940b4a3eb6590c783","Existing fallback retained; engineering/browser acceptance does not approve this copy; database override version is separately audited by publication CAS/history"
"CMS Membership","benefits.network","zh-HK","messages/zh-HK.json:Membership.benefits.network","WTIA policy owner / ExCo","OWNER_POLICY_OR_BRANDING_SIGNOFF_REQUIRED","0f99133180045501630856914e4a75ae69a7e4c9fbae5b15831b8e3dd498094b","73272cc69ebc72bc8c552bb940b4a3eb6590c783","Existing fallback retained; engineering/browser acceptance does not approve this copy; database override version is separately audited by publication CAS/history"
"CMS Membership","benefits.programs","en","messages/en.json:Membership.benefits.programs","WTIA policy owner / ExCo","OWNER_POLICY_OR_BRANDING_SIGNOFF_REQUIRED","684372a4b076e62d2e7de6b564ac24181f3eeeca954e2040a08fa6d14976057a","73272cc69ebc72bc8c552bb940b4a3eb6590c783","Existing fallback retained; engineering/browser acceptance does not approve this copy; database override version is separately audited by publication CAS/history"
"CMS Membership","benefits.programs","zh-HK","messages/zh-HK.json:Membership.benefits.programs","WTIA policy owner / ExCo","OWNER_POLICY_OR_BRANDING_SIGNOFF_REQUIRED","bafe3e856ce1fe96c4382279ec60b63d21fa2fc856fce34414a242371b43824c","73272cc69ebc72bc8c552bb940b4a3eb6590c783","Existing fallback retained; engineering/browser acceptance does not approve this copy; database override version is separately audited by publication CAS/history"
"CMS Membership","benefits.visibility","en","messages/en.json:Membership.benefits.visibility","WTIA policy owner / ExCo","OWNER_POLICY_OR_BRANDING_SIGNOFF_REQUIRED","a01c12fd3e5d55f5712b94d9f20e146f052e1a9a3f0fb12115a851673deace57","73272cc69ebc72bc8c552bb940b4a3eb6590c783","Existing fallback retained; engineering/browser acceptance does not approve this copy; database override version is separately audited by publication CAS/history"
"CMS Membership","benefits.visibility","zh-HK","messages/zh-HK.json:Membership.benefits.visibility","WTIA policy owner / ExCo","OWNER_POLICY_OR_BRANDING_SIGNOFF_REQUIRED","a68a129781087fd4d95c7a06e06b84277ad70c3f823d1039ad0d09b11a78162c","73272cc69ebc72bc8c552bb940b4a3eb6590c783","Existing fallback retained; engineering/browser acceptance does not approve this copy; database override version is separately audited by publication CAS/history"
"CMS Membership","tierBenefits.community.0","en","messages/en.json:Membership.tierBenefits.community.0","WTIA policy owner / ExCo","OWNER_POLICY_OR_BRANDING_SIGNOFF_REQUIRED","1a5d118b7d49c6cdd11ea4381bf34a5533aeb18d644ce6bc5f004471db0479ca","73272cc69ebc72bc8c552bb940b4a3eb6590c783","Existing fallback retained; engineering/browser acceptance does not approve this copy; database override version is separately audited by publication CAS/history"
"CMS Membership","tierBenefits.community.0","zh-HK","messages/zh-HK.json:Membership.tierBenefits.community.0","WTIA policy owner / ExCo","OWNER_POLICY_OR_BRANDING_SIGNOFF_REQUIRED","5863d509580e9ceaea01d498fd12427edac2088281303827fac0aeeaf3a88682","73272cc69ebc72bc8c552bb940b4a3eb6590c783","Existing fallback retained; engineering/browser acceptance does not approve this copy; database override version is separately audited by publication CAS/history"
"CMS Membership","tierBenefits.community.1","en","messages/en.json:Membership.tierBenefits.community.1","WTIA policy owner / ExCo","OWNER_POLICY_OR_BRANDING_SIGNOFF_REQUIRED","7e7fe84e58ea03956d6c293fdf7038c118bde4036eb5431f9a1a89332bea8840","73272cc69ebc72bc8c552bb940b4a3eb6590c783","Existing fallback retained; engineering/browser acceptance does not approve this copy; database override version is separately audited by publication CAS/history"
"CMS Membership","tierBenefits.community.1","zh-HK","messages/zh-HK.json:Membership.tierBenefits.community.1","WTIA policy owner / ExCo","OWNER_POLICY_OR_BRANDING_SIGNOFF_REQUIRED","e13f9ba86bbfdb5b30670cd9367ca03cc2fada48baf7700fa0b97efdcb062cff","73272cc69ebc72bc8c552bb940b4a3eb6590c783","Existing fallback retained; engineering/browser acceptance does not approve this copy; database override version is separately audited by publication CAS/history"
"CMS Membership","tierBenefits.community.2","en","messages/en.json:Membership.tierBenefits.community.2","WTIA policy owner / ExCo","OWNER_POLICY_OR_BRANDING_SIGNOFF_REQUIRED","72a05a4e8022fc9d9483e79b984e3c1021cfd5757b7665b637c4c2c0af5dfb9d","73272cc69ebc72bc8c552bb940b4a3eb6590c783","Existing fallback retained; engineering/browser acceptance does not approve this copy; database override version is separately audited by publication CAS/history"
"CMS Membership","tierBenefits.community.2","zh-HK","messages/zh-HK.json:Membership.tierBenefits.community.2","WTIA policy owner / ExCo","OWNER_POLICY_OR_BRANDING_SIGNOFF_REQUIRED","f42b9ad57f653524e0240328cc076c79ea2256cce38d0488b12f9be46436bf6f","73272cc69ebc72bc8c552bb940b4a3eb6590c783","Existing fallback retained; engineering/browser acceptance does not approve this copy; database override version is separately audited by publication CAS/history"
"CMS Membership","tierBenefits.startup.0","en","messages/en.json:Membership.tierBenefits.startup.0","WTIA policy owner / ExCo","OWNER_POLICY_OR_BRANDING_SIGNOFF_REQUIRED","30503ea90468583cedce3da9e6fabfa1b9561897babb2d03964b653954b25546","73272cc69ebc72bc8c552bb940b4a3eb6590c783","Existing fallback retained; engineering/browser acceptance does not approve this copy; database override version is separately audited by publication CAS/history"
"CMS Membership","tierBenefits.startup.0","zh-HK","messages/zh-HK.json:Membership.tierBenefits.startup.0","WTIA policy owner / ExCo","OWNER_POLICY_OR_BRANDING_SIGNOFF_REQUIRED","1fb0311b403c0a2af11bac2d532411a1ff1c1569ca84e4ffe0cf6d5a968e39a6","73272cc69ebc72bc8c552bb940b4a3eb6590c783","Existing fallback retained; engineering/browser acceptance does not approve this copy; database override version is separately audited by publication CAS/history"
"CMS Membership","tierBenefits.startup.1","en","messages/en.json:Membership.tierBenefits.startup.1","WTIA policy owner / ExCo","OWNER_POLICY_OR_BRANDING_SIGNOFF_REQUIRED","eb20e768cd7caa22584f10028fbe719f94e9af2917bbd5bc20e847fdba2cc357","73272cc69ebc72bc8c552bb940b4a3eb6590c783","Existing fallback retained; engineering/browser acceptance does not approve this copy; database override version is separately audited by publication CAS/history"
"CMS Membership","tierBenefits.startup.1","zh-HK","messages/zh-HK.json:Membership.tierBenefits.startup.1","WTIA policy owner / ExCo","OWNER_POLICY_OR_BRANDING_SIGNOFF_REQUIRED","adeb8b074a687471df9e4fe826830c2c83031e33647c0750837c57476aff0d42","73272cc69ebc72bc8c552bb940b4a3eb6590c783","Existing fallback retained; engineering/browser acceptance does not approve this copy; database override version is separately audited by publication CAS/history"
"CMS Membership","tierBenefits.startup.2","en","messages/en.json:Membership.tierBenefits.startup.2","WTIA policy owner / ExCo","OWNER_POLICY_OR_BRANDING_SIGNOFF_REQUIRED","eddffe3263a4ae5fbe2b03db014d1ee9f6ff579a4377beec9954f83df72425ec","73272cc69ebc72bc8c552bb940b4a3eb6590c783","Existing fallback retained; engineering/browser acceptance does not approve this copy; database override version is separately audited by publication CAS/history"
"CMS Membership","tierBenefits.startup.2","zh-HK","messages/zh-HK.json:Membership.tierBenefits.startup.2","WTIA policy owner / ExCo","OWNER_POLICY_OR_BRANDING_SIGNOFF_REQUIRED","219fc9a6e888b7708e1a25ab490d1942381d5bb8880e0749a464f402a5132034","73272cc69ebc72bc8c552bb940b4a3eb6590c783","Existing fallback retained; engineering/browser acceptance does not approve this copy; database override version is separately audited by publication CAS/history"
"CMS Membership","tierBenefits.startup.3","en","messages/en.json:Membership.tierBenefits.startup.3","WTIA policy owner / ExCo","OWNER_POLICY_OR_BRANDING_SIGNOFF_REQUIRED","a109038e6e12add4d9e4fce630ea2362b725d656979cdaf053e7b40b63aa7e6d","73272cc69ebc72bc8c552bb940b4a3eb6590c783","Existing fallback retained; engineering/browser acceptance does not approve this copy; database override version is separately audited by publication CAS/history"
"CMS Membership","tierBenefits.startup.3","zh-HK","messages/zh-HK.json:Membership.tierBenefits.startup.3","WTIA policy owner / ExCo","OWNER_POLICY_OR_BRANDING_SIGNOFF_REQUIRED","ee9a7744b82a81baa7d10c6d182e0dcb3616ce2c33012fdf15ab21a49536168d","73272cc69ebc72bc8c552bb940b4a3eb6590c783","Existing fallback retained; engineering/browser acceptance does not approve this copy; database override version is separately audited by publication CAS/history"
"CMS Membership","tierBenefits.corporate.0","en","messages/en.json:Membership.tierBenefits.corporate.0","WTIA policy owner / ExCo","OWNER_POLICY_OR_BRANDING_SIGNOFF_REQUIRED","4feade73f5a4688904ff68418820bd6bb5d1e59fd10c063334400157f5af916f","73272cc69ebc72bc8c552bb940b4a3eb6590c783","Existing fallback retained; engineering/browser acceptance does not approve this copy; database override version is separately audited by publication CAS/history"
"CMS Membership","tierBenefits.corporate.0","zh-HK","messages/zh-HK.json:Membership.tierBenefits.corporate.0","WTIA policy owner / ExCo","OWNER_POLICY_OR_BRANDING_SIGNOFF_REQUIRED","28d76c723f211fd4a1c02cbc3b755bb1113f4b2d157103117a28b22c5b967916","73272cc69ebc72bc8c552bb940b4a3eb6590c783","Existing fallback retained; engineering/browser acceptance does not approve this copy; database override version is separately audited by publication CAS/history"
"CMS Membership","tierBenefits.corporate.1","en","messages/en.json:Membership.tierBenefits.corporate.1","WTIA policy owner / ExCo","OWNER_POLICY_OR_BRANDING_SIGNOFF_REQUIRED","051dc9eca7da712f4bc19651bd04d4c7f40f55fbe14a9dbd34c2bf7da4d629f4","73272cc69ebc72bc8c552bb940b4a3eb6590c783","Existing fallback retained; engineering/browser acceptance does not approve this copy; database override version is separately audited by publication CAS/history"
"CMS Membership","tierBenefits.corporate.1","zh-HK","messages/zh-HK.json:Membership.tierBenefits.corporate.1","WTIA policy owner / ExCo","OWNER_POLICY_OR_BRANDING_SIGNOFF_REQUIRED","8396bf5e375035c170f55a7764a53bef0e710c97a816977bb8d3a41b32da642e","73272cc69ebc72bc8c552bb940b4a3eb6590c783","Existing fallback retained; engineering/browser acceptance does not approve this copy; database override version is separately audited by publication CAS/history"
"CMS Membership","tierBenefits.corporate.2","en","messages/en.json:Membership.tierBenefits.corporate.2","WTIA policy owner / ExCo","OWNER_POLICY_OR_BRANDING_SIGNOFF_REQUIRED","3c72e768fc5fd684f57a07807906b0054e68b88fa198ccdead0a03ccb05f7ad4","73272cc69ebc72bc8c552bb940b4a3eb6590c783","Existing fallback retained; engineering/browser acceptance does not approve this copy; database override version is separately audited by publication CAS/history"
"CMS Membership","tierBenefits.corporate.2","zh-HK","messages/zh-HK.json:Membership.tierBenefits.corporate.2","WTIA policy owner / ExCo","OWNER_POLICY_OR_BRANDING_SIGNOFF_REQUIRED","81a2ab5c69dc0707f20412f9ab2e53d5341982e596cbe21d8f51b9ea4aaf87b4","73272cc69ebc72bc8c552bb940b4a3eb6590c783","Existing fallback retained; engineering/browser acceptance does not approve this copy; database override version is separately audited by publication CAS/history"
"CMS Membership","tierBenefits.corporate.3","en","messages/en.json:Membership.tierBenefits.corporate.3","WTIA policy owner / ExCo","OWNER_POLICY_OR_BRANDING_SIGNOFF_REQUIRED","cb5a4056ec1ff2b84d7bf94a23620bcae660e1d34196d6a430803397033f5122","73272cc69ebc72bc8c552bb940b4a3eb6590c783","Existing fallback retained; engineering/browser acceptance does not approve this copy; database override version is separately audited by publication CAS/history"
"CMS Membership","tierBenefits.corporate.3","zh-HK","messages/zh-HK.json:Membership.tierBenefits.corporate.3","WTIA policy owner / ExCo","OWNER_POLICY_OR_BRANDING_SIGNOFF_REQUIRED","465d1c534e212a4f0c808f38fbcf52a3f956018f3e0534c6ff77bec239c1199d","73272cc69ebc72bc8c552bb940b4a3eb6590c783","Existing fallback retained; engineering/browser acceptance does not approve this copy; database override version is separately audited by publication CAS/history"
"CMS Membership","tierBenefits.corporate.4","en","messages/en.json:Membership.tierBenefits.corporate.4","WTIA policy owner / ExCo","OWNER_POLICY_OR_BRANDING_SIGNOFF_REQUIRED","5fe05c35c045a9f4d946a4373334999978a5961b73f7a6a6b7f2eaaac3147f8c","73272cc69ebc72bc8c552bb940b4a3eb6590c783","Existing fallback retained; engineering/browser acceptance does not approve this copy; database override version is separately audited by publication CAS/history"
"CMS Membership","tierBenefits.corporate.4","zh-HK","messages/zh-HK.json:Membership.tierBenefits.corporate.4","WTIA policy owner / ExCo","OWNER_POLICY_OR_BRANDING_SIGNOFF_REQUIRED","3eea5933dcf30f8d799288b62c9be3b3793eefc5d3239a7beb39e9d8d837df3c","73272cc69ebc72bc8c552bb940b4a3eb6590c783","Existing fallback retained; engineering/browser acceptance does not approve this copy; database override version is separately audited by publication CAS/history"
"CMS Membership","tierBenefits.patron.0","en","messages/en.json:Membership.tierBenefits.patron.0","WTIA policy owner / ExCo","OWNER_POLICY_OR_BRANDING_SIGNOFF_REQUIRED","8881ab56c392f76126af634e8eb9a41cbdda4790d9b00d173c68cb15832c82a9","73272cc69ebc72bc8c552bb940b4a3eb6590c783","Existing fallback retained; engineering/browser acceptance does not approve this copy; database override version is separately audited by publication CAS/history"
"CMS Membership","tierBenefits.patron.0","zh-HK","messages/zh-HK.json:Membership.tierBenefits.patron.0","WTIA policy owner / ExCo","OWNER_POLICY_OR_BRANDING_SIGNOFF_REQUIRED","9e105e6eb7b366dff703e8706147ca6e37cbe9af51ea68e7921a899067af6c95","73272cc69ebc72bc8c552bb940b4a3eb6590c783","Existing fallback retained; engineering/browser acceptance does not approve this copy; database override version is separately audited by publication CAS/history"
"CMS Membership","tierBenefits.patron.1","en","messages/en.json:Membership.tierBenefits.patron.1","WTIA policy owner / ExCo","OWNER_POLICY_OR_BRANDING_SIGNOFF_REQUIRED","4c395af869318109a83a052eb97a9bcdb4ddd356a4d25f46477ff183360b48b6","73272cc69ebc72bc8c552bb940b4a3eb6590c783","Existing fallback retained; engineering/browser acceptance does not approve this copy; database override version is separately audited by publication CAS/history"
"CMS Membership","tierBenefits.patron.1","zh-HK","messages/zh-HK.json:Membership.tierBenefits.patron.1","WTIA policy owner / ExCo","OWNER_POLICY_OR_BRANDING_SIGNOFF_REQUIRED","ac9e97250c3fb1b0d0f55fe151769e80f25f521704a04e98adb557f433ded292","73272cc69ebc72bc8c552bb940b4a3eb6590c783","Existing fallback retained; engineering/browser acceptance does not approve this copy; database override version is separately audited by publication CAS/history"
"CMS Membership","tierBenefits.patron.2","en","messages/en.json:Membership.tierBenefits.patron.2","WTIA policy owner / ExCo","OWNER_POLICY_OR_BRANDING_SIGNOFF_REQUIRED","828013724014aab55c7766fe60987212520c5f071bdb3190c1f6faeb24513448","73272cc69ebc72bc8c552bb940b4a3eb6590c783","Existing fallback retained; engineering/browser acceptance does not approve this copy; database override version is separately audited by publication CAS/history"
"CMS Membership","tierBenefits.patron.2","zh-HK","messages/zh-HK.json:Membership.tierBenefits.patron.2","WTIA policy owner / ExCo","OWNER_POLICY_OR_BRANDING_SIGNOFF_REQUIRED","9961686c2d871fff73aab87e7039cd66d5a66758b396e729696fc95e5b40e9ae","73272cc69ebc72bc8c552bb940b4a3eb6590c783","Existing fallback retained; engineering/browser acceptance does not approve this copy; database override version is separately audited by publication CAS/history"
"CMS Membership","tierBenefits.patron.3","en","messages/en.json:Membership.tierBenefits.patron.3","WTIA policy owner / ExCo","OWNER_POLICY_OR_BRANDING_SIGNOFF_REQUIRED","5b1212b79be621a4f83eb217207f2f045b0e267279a97b6cb23763dd65b8d1bf","73272cc69ebc72bc8c552bb940b4a3eb6590c783","Existing fallback retained; engineering/browser acceptance does not approve this copy; database override version is separately audited by publication CAS/history"
"CMS Membership","tierBenefits.patron.3","zh-HK","messages/zh-HK.json:Membership.tierBenefits.patron.3","WTIA policy owner / ExCo","OWNER_POLICY_OR_BRANDING_SIGNOFF_REQUIRED","8b86116f12719f41b74c30452e8a42b61d3cdb3496c96504f4cdf4f923af8a0b","73272cc69ebc72bc8c552bb940b4a3eb6590c783","Existing fallback retained; engineering/browser acceptance does not approve this copy; database override version is separately audited by publication CAS/history"
"CMS Membership","tiers.community.name","en","messages/en.json:Membership.tiers.community.name","WTIA policy owner / ExCo","OWNER_POLICY_OR_BRANDING_SIGNOFF_REQUIRED","fce9814c289e6b719958fd34138511cdd60a4e905f1af6df4316c6981e8b020f","73272cc69ebc72bc8c552bb940b4a3eb6590c783","Existing fallback retained; engineering/browser acceptance does not approve this copy; database override version is separately audited by publication CAS/history"
"CMS Membership","tiers.community.name","zh-HK","messages/zh-HK.json:Membership.tiers.community.name","WTIA policy owner / ExCo","OWNER_POLICY_OR_BRANDING_SIGNOFF_REQUIRED","3b7851163472aa1f044a9a56200510b4efecba3542021713e7f2cf1cb0b99a96","73272cc69ebc72bc8c552bb940b4a3eb6590c783","Existing fallback retained; engineering/browser acceptance does not approve this copy; database override version is separately audited by publication CAS/history"
"CMS Membership","tiers.community.description","en","messages/en.json:Membership.tiers.community.description","WTIA policy owner / ExCo","OWNER_POLICY_OR_BRANDING_SIGNOFF_REQUIRED","7a514308c045dcb47dafcd00791fe87ff043d0559c96eb3dfec48d4fda8b72ec","73272cc69ebc72bc8c552bb940b4a3eb6590c783","Existing fallback retained; engineering/browser acceptance does not approve this copy; database override version is separately audited by publication CAS/history"
"CMS Membership","tiers.community.description","zh-HK","messages/zh-HK.json:Membership.tiers.community.description","WTIA policy owner / ExCo","OWNER_POLICY_OR_BRANDING_SIGNOFF_REQUIRED","ed7bbb853fa4d6d42496156bb0d134cafe76c607dcc8062b58c963e7f48a64b5","73272cc69ebc72bc8c552bb940b4a3eb6590c783","Existing fallback retained; engineering/browser acceptance does not approve this copy; database override version is separately audited by publication CAS/history"
"CMS Membership","tiers.startup.name","en","messages/en.json:Membership.tiers.startup.name","WTIA policy owner / ExCo","OWNER_POLICY_OR_BRANDING_SIGNOFF_REQUIRED","514d8946310015a5947230104ff77d1c81f8fe20440f75e4376fbf306075009a","73272cc69ebc72bc8c552bb940b4a3eb6590c783","Existing fallback retained; engineering/browser acceptance does not approve this copy; database override version is separately audited by publication CAS/history"
"CMS Membership","tiers.startup.name","zh-HK","messages/zh-HK.json:Membership.tiers.startup.name","WTIA policy owner / ExCo","OWNER_POLICY_OR_BRANDING_SIGNOFF_REQUIRED","85dbf49db32936c76e74afa32989ff9b701b2f4eb5de7bdee5c0b7728222eb78","73272cc69ebc72bc8c552bb940b4a3eb6590c783","Existing fallback retained; engineering/browser acceptance does not approve this copy; database override version is separately audited by publication CAS/history"
"CMS Membership","tiers.startup.description","en","messages/en.json:Membership.tiers.startup.description","WTIA policy owner / ExCo","OWNER_POLICY_OR_BRANDING_SIGNOFF_REQUIRED","67711a4b8be7022c6cb62ae9d4a204097bb84c1b5e53bef102612e78ebf1b244","73272cc69ebc72bc8c552bb940b4a3eb6590c783","Existing fallback retained; engineering/browser acceptance does not approve this copy; database override version is separately audited by publication CAS/history"
"CMS Membership","tiers.startup.description","zh-HK","messages/zh-HK.json:Membership.tiers.startup.description","WTIA policy owner / ExCo","OWNER_POLICY_OR_BRANDING_SIGNOFF_REQUIRED","2c99e050fb8ca84ada06a8384fd44207e5ea82ecaf5dac7b5360bfc2f7870969","73272cc69ebc72bc8c552bb940b4a3eb6590c783","Existing fallback retained; engineering/browser acceptance does not approve this copy; database override version is separately audited by publication CAS/history"
"CMS Membership","tiers.corporate.name","en","messages/en.json:Membership.tiers.corporate.name","WTIA policy owner / ExCo","OWNER_POLICY_OR_BRANDING_SIGNOFF_REQUIRED","008a60cb157f44f6416673d5ca80ba2309eaba2609e73edbf19ec5afd8d3f1d5","73272cc69ebc72bc8c552bb940b4a3eb6590c783","Existing fallback retained; engineering/browser acceptance does not approve this copy; database override version is separately audited by publication CAS/history"
"CMS Membership","tiers.corporate.name","zh-HK","messages/zh-HK.json:Membership.tiers.corporate.name","WTIA policy owner / ExCo","OWNER_POLICY_OR_BRANDING_SIGNOFF_REQUIRED","8e5d51237d4216f63f049a8a323d81da898999b40bbad428e369edf36f471412","73272cc69ebc72bc8c552bb940b4a3eb6590c783","Existing fallback retained; engineering/browser acceptance does not approve this copy; database override version is separately audited by publication CAS/history"
"CMS Membership","tiers.corporate.description","en","messages/en.json:Membership.tiers.corporate.description","WTIA policy owner / ExCo","OWNER_POLICY_OR_BRANDING_SIGNOFF_REQUIRED","bed362e9c66e82502a7e41c1aadf137e00edbab20071e2cceffcfc907dd4a286","73272cc69ebc72bc8c552bb940b4a3eb6590c783","Existing fallback retained; engineering/browser acceptance does not approve this copy; database override version is separately audited by publication CAS/history"
"CMS Membership","tiers.corporate.description","zh-HK","messages/zh-HK.json:Membership.tiers.corporate.description","WTIA policy owner / ExCo","OWNER_POLICY_OR_BRANDING_SIGNOFF_REQUIRED","783c41812a9687ac174fbda80317efc6bc242d4edfdfd62de336623a1402bccc","73272cc69ebc72bc8c552bb940b4a3eb6590c783","Existing fallback retained; engineering/browser acceptance does not approve this copy; database override version is separately audited by publication CAS/history"
"CMS Membership","tiers.patron.name","en","messages/en.json:Membership.tiers.patron.name","WTIA policy owner / ExCo","OWNER_POLICY_OR_BRANDING_SIGNOFF_REQUIRED","9f4a79c10305f479d649973bc15fed8c4c8bc0d4fac57896bf987eac697e0c1d","73272cc69ebc72bc8c552bb940b4a3eb6590c783","Existing fallback retained; engineering/browser acceptance does not approve this copy; database override version is separately audited by publication CAS/history"
"CMS Membership","tiers.patron.name","zh-HK","messages/zh-HK.json:Membership.tiers.patron.name","WTIA policy owner / ExCo","OWNER_POLICY_OR_BRANDING_SIGNOFF_REQUIRED","08970ab0ac6b19a3ef89310c20e7862401294886501ac5fa3aecb9224cc8c96c","73272cc69ebc72bc8c552bb940b4a3eb6590c783","Existing fallback retained; engineering/browser acceptance does not approve this copy; database override version is separately audited by publication CAS/history"
"CMS Membership","tiers.patron.description","en","messages/en.json:Membership.tiers.patron.description","WTIA policy owner / ExCo","OWNER_POLICY_OR_BRANDING_SIGNOFF_REQUIRED","c581d42b7d509af80420dfc42baa9e2c6209b12ec48fadee75093370075ca293","73272cc69ebc72bc8c552bb940b4a3eb6590c783","Existing fallback retained; engineering/browser acceptance does not approve this copy; database override version is separately audited by publication CAS/history"
"CMS Membership","tiers.patron.description","zh-HK","messages/zh-HK.json:Membership.tiers.patron.description","WTIA policy owner / ExCo","OWNER_POLICY_OR_BRANDING_SIGNOFF_REQUIRED","c1b1826e8e30dcbace4798c8029693eb4b4260de7bc448d42c211ee349fa28af","73272cc69ebc72bc8c552bb940b4a3eb6590c783","Existing fallback retained; engineering/browser acceptance does not approve this copy; database override version is separately audited by publication CAS/history"
"CMS Membership","dimensionsTitle","en","messages/en.json:Membership.dimensionsTitle","WTIA policy owner / ExCo","OWNER_POLICY_OR_BRANDING_SIGNOFF_REQUIRED","3b4ba42d37834eedc223e6cf340c65644d9b07b3e8b2af1992ea459a9b0f0bd5","73272cc69ebc72bc8c552bb940b4a3eb6590c783","Existing fallback retained; engineering/browser acceptance does not approve this copy; database override version is separately audited by publication CAS/history"
"CMS Membership","dimensionsTitle","zh-HK","messages/zh-HK.json:Membership.dimensionsTitle","WTIA policy owner / ExCo","OWNER_POLICY_OR_BRANDING_SIGNOFF_REQUIRED","1cf4bfc747a3cfad52ea6f7a5c4390eafb5043de5e93923edc74700355b47ad8","73272cc69ebc72bc8c552bb940b4a3eb6590c783","Existing fallback retained; engineering/browser acceptance does not approve this copy; database override version is separately audited by publication CAS/history"
"CMS Membership","faqTitle","en","messages/en.json:Membership.faqTitle","WTIA policy owner / ExCo","OWNER_POLICY_OR_BRANDING_SIGNOFF_REQUIRED","fa9d450363e080285f33df971b95fbb2a9e6db7c861ab757ea908e420482593f","73272cc69ebc72bc8c552bb940b4a3eb6590c783","Existing fallback retained; engineering/browser acceptance does not approve this copy; database override version is separately audited by publication CAS/history"
"CMS Membership","faqTitle","zh-HK","messages/zh-HK.json:Membership.faqTitle","WTIA policy owner / ExCo","OWNER_POLICY_OR_BRANDING_SIGNOFF_REQUIRED","885b1c1595f7972eb591860623204792474eeffbb7dcd5a72824c4d954effe9c","73272cc69ebc72bc8c552bb940b4a3eb6590c783","Existing fallback retained; engineering/browser acceptance does not approve this copy; database override version is separately audited by publication CAS/history"
"CMS Membership","faq.0.question","en","messages/en.json:Membership.faq.0.question","WTIA policy owner / ExCo","OWNER_POLICY_OR_BRANDING_SIGNOFF_REQUIRED","854adc564902df7493cd9662e202bbc6b37dd0bcc63fa08f73cc162ea8019e27","73272cc69ebc72bc8c552bb940b4a3eb6590c783","Existing fallback retained; engineering/browser acceptance does not approve this copy; database override version is separately audited by publication CAS/history"
"CMS Membership","faq.0.question","zh-HK","messages/zh-HK.json:Membership.faq.0.question","WTIA policy owner / ExCo","OWNER_POLICY_OR_BRANDING_SIGNOFF_REQUIRED","209b101eb2dbefc930f3bcf56a501719eb551062b5477755c6d73dfe04069020","73272cc69ebc72bc8c552bb940b4a3eb6590c783","Existing fallback retained; engineering/browser acceptance does not approve this copy; database override version is separately audited by publication CAS/history"
"CMS Membership","faq.0.answer","en","messages/en.json:Membership.faq.0.answer","WTIA policy owner / ExCo","OWNER_POLICY_OR_BRANDING_SIGNOFF_REQUIRED","b9560898cca41e498ec60a09d6351aec138dcce781d90be5c952cbc5d9bbac1a","73272cc69ebc72bc8c552bb940b4a3eb6590c783","Existing fallback retained; engineering/browser acceptance does not approve this copy; database override version is separately audited by publication CAS/history"
"CMS Membership","faq.0.answer","zh-HK","messages/zh-HK.json:Membership.faq.0.answer","WTIA policy owner / ExCo","OWNER_POLICY_OR_BRANDING_SIGNOFF_REQUIRED","c4cb876dd800d05f06af878fa3b46fdba1e3582610caf138f0f57340300cbd67","73272cc69ebc72bc8c552bb940b4a3eb6590c783","Existing fallback retained; engineering/browser acceptance does not approve this copy; database override version is separately audited by publication CAS/history"
"CMS Membership","faq.1.question","en","messages/en.json:Membership.faq.1.question","WTIA policy owner / ExCo","OWNER_POLICY_OR_BRANDING_SIGNOFF_REQUIRED","eaaa56d5f46a615cd3c20110bfc4b89f88dbb3ee657a1993ec9bfb5f744aeb60","73272cc69ebc72bc8c552bb940b4a3eb6590c783","Existing fallback retained; engineering/browser acceptance does not approve this copy; database override version is separately audited by publication CAS/history"
"CMS Membership","faq.1.question","zh-HK","messages/zh-HK.json:Membership.faq.1.question","WTIA policy owner / ExCo","OWNER_POLICY_OR_BRANDING_SIGNOFF_REQUIRED","8c7690f3671cba9e5c29d983abc5debf0b5210a1c42e78813ead6e3bc20c8a09","73272cc69ebc72bc8c552bb940b4a3eb6590c783","Existing fallback retained; engineering/browser acceptance does not approve this copy; database override version is separately audited by publication CAS/history"
"CMS Membership","faq.1.answer","en","messages/en.json:Membership.faq.1.answer","WTIA policy owner / ExCo","OWNER_POLICY_OR_BRANDING_SIGNOFF_REQUIRED","18372342351f986a8099c46450afbb941e248b31eabfbdec57d3b35f6105f142","73272cc69ebc72bc8c552bb940b4a3eb6590c783","Existing fallback retained; engineering/browser acceptance does not approve this copy; database override version is separately audited by publication CAS/history"
"CMS Membership","faq.1.answer","zh-HK","messages/zh-HK.json:Membership.faq.1.answer","WTIA policy owner / ExCo","OWNER_POLICY_OR_BRANDING_SIGNOFF_REQUIRED","d41a68d1d667acb63837f5896dcba86697f5edf08756c02b29565d4e7635323e","73272cc69ebc72bc8c552bb940b4a3eb6590c783","Existing fallback retained; engineering/browser acceptance does not approve this copy; database override version is separately audited by publication CAS/history"
"CMS Membership","faq.2.question","en","messages/en.json:Membership.faq.2.question","WTIA policy owner / ExCo","OWNER_POLICY_OR_BRANDING_SIGNOFF_REQUIRED","d777051c46c8a060ba99b2bd8dd2d868d66be3a71c99527b882966dcb27de9f3","73272cc69ebc72bc8c552bb940b4a3eb6590c783","Existing fallback retained; engineering/browser acceptance does not approve this copy; database override version is separately audited by publication CAS/history"
"CMS Membership","faq.2.question","zh-HK","messages/zh-HK.json:Membership.faq.2.question","WTIA policy owner / ExCo","OWNER_POLICY_OR_BRANDING_SIGNOFF_REQUIRED","ef2e262857471da59036067b0ef85c83f1bb55565fcbecbfd5bd6015c2eaa4a1","73272cc69ebc72bc8c552bb940b4a3eb6590c783","Existing fallback retained; engineering/browser acceptance does not approve this copy; database override version is separately audited by publication CAS/history"
"CMS Membership","faq.2.answer","en","messages/en.json:Membership.faq.2.answer","WTIA policy owner / ExCo","OWNER_POLICY_OR_BRANDING_SIGNOFF_REQUIRED","ac5e40b8273c91c8658bda550a0701d97bf9decb40c39b744ecda7ee9ecc37d2","73272cc69ebc72bc8c552bb940b4a3eb6590c783","Existing fallback retained; engineering/browser acceptance does not approve this copy; database override version is separately audited by publication CAS/history"
"CMS Membership","faq.2.answer","zh-HK","messages/zh-HK.json:Membership.faq.2.answer","WTIA policy owner / ExCo","OWNER_POLICY_OR_BRANDING_SIGNOFF_REQUIRED","699449603a0bd3e4d2bccbfc59fb9a2556c2c82bdf3cab67105bc4a7f14048f8","73272cc69ebc72bc8c552bb940b4a3eb6590c783","Existing fallback retained; engineering/browser acceptance does not approve this copy; database override version is separately audited by publication CAS/history"
"CMS Membership","faq.3.question","en","messages/en.json:Membership.faq.3.question","WTIA policy owner / ExCo","OWNER_POLICY_OR_BRANDING_SIGNOFF_REQUIRED","ebf4602e52789bf991fd9194f0942298e72bfa7e8f28bb13908e4167c1a0a748","73272cc69ebc72bc8c552bb940b4a3eb6590c783","Existing fallback retained; engineering/browser acceptance does not approve this copy; database override version is separately audited by publication CAS/history"
"CMS Membership","faq.3.question","zh-HK","messages/zh-HK.json:Membership.faq.3.question","WTIA policy owner / ExCo","OWNER_POLICY_OR_BRANDING_SIGNOFF_REQUIRED","48dea0957c77b42830500d4cfc9dcdf886d2a6e7ebd07a45e1e3ea407c8d7e22","73272cc69ebc72bc8c552bb940b4a3eb6590c783","Existing fallback retained; engineering/browser acceptance does not approve this copy; database override version is separately audited by publication CAS/history"
"CMS Membership","faq.3.answer","en","messages/en.json:Membership.faq.3.answer","WTIA policy owner / ExCo","OWNER_POLICY_OR_BRANDING_SIGNOFF_REQUIRED","6e5c87555857e6bc12e85b76a76fb53be9e084be7daba57c24ebfd99137fa1b4","73272cc69ebc72bc8c552bb940b4a3eb6590c783","Existing fallback retained; engineering/browser acceptance does not approve this copy; database override version is separately audited by publication CAS/history"
"CMS Membership","faq.3.answer","zh-HK","messages/zh-HK.json:Membership.faq.3.answer","WTIA policy owner / ExCo","OWNER_POLICY_OR_BRANDING_SIGNOFF_REQUIRED","9ceabe8424fadd8d0a72e65840d8d7e9b170d6f34c710c97beb2eb09e7668364","73272cc69ebc72bc8c552bb940b4a3eb6590c783","Existing fallback retained; engineering/browser acceptance does not approve this copy; database override version is separately audited by publication CAS/history"
"CMS Membership","faq.4.question","en","messages/en.json:Membership.faq.4.question","WTIA policy owner / ExCo","OWNER_POLICY_OR_BRANDING_SIGNOFF_REQUIRED","9a860db9a0f12ca6ceb4103681e612a01218eb6aee878d1ea07260155f20c0d8","73272cc69ebc72bc8c552bb940b4a3eb6590c783","Existing fallback retained; engineering/browser acceptance does not approve this copy; database override version is separately audited by publication CAS/history"
"CMS Membership","faq.4.question","zh-HK","messages/zh-HK.json:Membership.faq.4.question","WTIA policy owner / ExCo","OWNER_POLICY_OR_BRANDING_SIGNOFF_REQUIRED","680429dc33f35e7521f858edaeb66860d2278765c63720b5ac5806428005b7fd","73272cc69ebc72bc8c552bb940b4a3eb6590c783","Existing fallback retained; engineering/browser acceptance does not approve this copy; database override version is separately audited by publication CAS/history"
"CMS Membership","faq.4.answer","en","messages/en.json:Membership.faq.4.answer","WTIA policy owner / ExCo","OWNER_POLICY_OR_BRANDING_SIGNOFF_REQUIRED","5373e3cadec3cb9ca60c4a18468b1758446f1ae3c7b262eb82ff5ec288b6be21","73272cc69ebc72bc8c552bb940b4a3eb6590c783","Existing fallback retained; engineering/browser acceptance does not approve this copy; database override version is separately audited by publication CAS/history"
"CMS Membership","faq.4.answer","zh-HK","messages/zh-HK.json:Membership.faq.4.answer","WTIA policy owner / ExCo","OWNER_POLICY_OR_BRANDING_SIGNOFF_REQUIRED","055ef0158fc70d1fb455989c3ab1d050df9c4d9a7ac3119ae3b44b2d3bd16c52","73272cc69ebc72bc8c552bb940b4a3eb6590c783","Existing fallback retained; engineering/browser acceptance does not approve this copy; database override version is separately audited by publication CAS/history"
"CMS Membership","faq.5.question","en","messages/en.json:Membership.faq.5.question","WTIA policy owner / ExCo","OWNER_POLICY_OR_BRANDING_SIGNOFF_REQUIRED","542ae1b959a31047d8e020049cfeeb587245fe80db391f441d0698e9c3096865","73272cc69ebc72bc8c552bb940b4a3eb6590c783","Existing fallback retained; engineering/browser acceptance does not approve this copy; database override version is separately audited by publication CAS/history"
"CMS Membership","faq.5.question","zh-HK","messages/zh-HK.json:Membership.faq.5.question","WTIA policy owner / ExCo","OWNER_POLICY_OR_BRANDING_SIGNOFF_REQUIRED","308b56218435f86d40f3161145ba5923a166865fe40e6402b6b07b619201180e","73272cc69ebc72bc8c552bb940b4a3eb6590c783","Existing fallback retained; engineering/browser acceptance does not approve this copy; database override version is separately audited by publication CAS/history"
"CMS Membership","faq.5.answer","en","messages/en.json:Membership.faq.5.answer","WTIA policy owner / ExCo","OWNER_POLICY_OR_BRANDING_SIGNOFF_REQUIRED","3e877a53ad46c0ad287d4dd42ef0e4d922fe675e9533c7da5eaf16d7f01fbd37","73272cc69ebc72bc8c552bb940b4a3eb6590c783","Existing fallback retained; engineering/browser acceptance does not approve this copy; database override version is separately audited by publication CAS/history"
"CMS Membership","faq.5.answer","zh-HK","messages/zh-HK.json:Membership.faq.5.answer","WTIA policy owner / ExCo","OWNER_POLICY_OR_BRANDING_SIGNOFF_REQUIRED","1b3a3a8d42eb8363cebdd663893f70d6b7fc33907833770e00e658d8f80491da","73272cc69ebc72bc8c552bb940b4a3eb6590c783","Existing fallback retained; engineering/browser acceptance does not approve this copy; database override version is separately audited by publication CAS/history"
"CMS Membership","faq.6.question","en","messages/en.json:Membership.faq.6.question","WTIA policy owner / ExCo","OWNER_POLICY_OR_BRANDING_SIGNOFF_REQUIRED","9d68deca7ff7433c1f79bba5d9b9d5ea1d851ac0fd9c6d8e497aa056878c3c4f","73272cc69ebc72bc8c552bb940b4a3eb6590c783","Existing fallback retained; engineering/browser acceptance does not approve this copy; database override version is separately audited by publication CAS/history"
"CMS Membership","faq.6.question","zh-HK","messages/zh-HK.json:Membership.faq.6.question","WTIA policy owner / ExCo","OWNER_POLICY_OR_BRANDING_SIGNOFF_REQUIRED","b166b05124f03fc61cc79ce97342b4c48388b69a9f1b6e2f79d304cea441c783","73272cc69ebc72bc8c552bb940b4a3eb6590c783","Existing fallback retained; engineering/browser acceptance does not approve this copy; database override version is separately audited by publication CAS/history"
"CMS Membership","faq.6.answer","en","messages/en.json:Membership.faq.6.answer","WTIA policy owner / ExCo","OWNER_POLICY_OR_BRANDING_SIGNOFF_REQUIRED","5c5a0479a09459387b7cccce6f5e908245d887d67291265768304e3376ee933c","73272cc69ebc72bc8c552bb940b4a3eb6590c783","Existing fallback retained; engineering/browser acceptance does not approve this copy; database override version is separately audited by publication CAS/history"
"CMS Membership","faq.6.answer","zh-HK","messages/zh-HK.json:Membership.faq.6.answer","WTIA policy owner / ExCo","OWNER_POLICY_OR_BRANDING_SIGNOFF_REQUIRED","7fc303b5fa4a7a37a2558287502c60fab5b9fe91b58f49653e0ff18da22d62b7","73272cc69ebc72bc8c552bb940b4a3eb6590c783","Existing fallback retained; engineering/browser acceptance does not approve this copy; database override version is separately audited by publication CAS/history"
"CMS Membership","faq.7.question","en","messages/en.json:Membership.faq.7.question","WTIA policy owner / ExCo","OWNER_POLICY_OR_BRANDING_SIGNOFF_REQUIRED","913844ac11084008fcfa6fe21ccb50c2373e4bf356f864c640be7c213e2a1dc9","73272cc69ebc72bc8c552bb940b4a3eb6590c783","Existing fallback retained; engineering/browser acceptance does not approve this copy; database override version is separately audited by publication CAS/history"
"CMS Membership","faq.7.question","zh-HK","messages/zh-HK.json:Membership.faq.7.question","WTIA policy owner / ExCo","OWNER_POLICY_OR_BRANDING_SIGNOFF_REQUIRED","725ffe85b9d1c19708fd6075ef4510881dc8dd2bdfdef3bbca07f6de5d60783d","73272cc69ebc72bc8c552bb940b4a3eb6590c783","Existing fallback retained; engineering/browser acceptance does not approve this copy; database override version is separately audited by publication CAS/history"
"CMS Membership","faq.7.answer","en","messages/en.json:Membership.faq.7.answer","WTIA policy owner / ExCo","OWNER_POLICY_OR_BRANDING_SIGNOFF_REQUIRED","c055212d868cc3ea2609dadb34ca0c878786bc154083af7fdf52ade98e5a21e2","73272cc69ebc72bc8c552bb940b4a3eb6590c783","Existing fallback retained; engineering/browser acceptance does not approve this copy; database override version is separately audited by publication CAS/history"
"CMS Membership","faq.7.answer","zh-HK","messages/zh-HK.json:Membership.faq.7.answer","WTIA policy owner / ExCo","OWNER_POLICY_OR_BRANDING_SIGNOFF_REQUIRED","4831b6158d95ab8217774343b6094e0c07520a67f5b74734e905b4a0a54c50a0","73272cc69ebc72bc8c552bb940b4a3eb6590c783","Existing fallback retained; engineering/browser acceptance does not approve this copy; database override version is separately audited by publication CAS/history"
"CMS Membership","faq.8.question","en","messages/en.json:Membership.faq.8.question","WTIA policy owner / ExCo","OWNER_POLICY_OR_BRANDING_SIGNOFF_REQUIRED","e8f3cd7f6eed1cb9b73659a1d05870f96ba34bbc2b8dd7227ebc047b063fc17c","73272cc69ebc72bc8c552bb940b4a3eb6590c783","Existing fallback retained; engineering/browser acceptance does not approve this copy; database override version is separately audited by publication CAS/history"
"CMS Membership","faq.8.question","zh-HK","messages/zh-HK.json:Membership.faq.8.question","WTIA policy owner / ExCo","OWNER_POLICY_OR_BRANDING_SIGNOFF_REQUIRED","bf0a5a246c8236084547c9acccfd8d25e00541fab6f84da637e914dc0a34493a","73272cc69ebc72bc8c552bb940b4a3eb6590c783","Existing fallback retained; engineering/browser acceptance does not approve this copy; database override version is separately audited by publication CAS/history"
"CMS Membership","faq.8.answer","en","messages/en.json:Membership.faq.8.answer","WTIA policy owner / ExCo","OWNER_POLICY_OR_BRANDING_SIGNOFF_REQUIRED","b7769b102e1b0ac083e752dbbe95867cbadda1ffb938764af8556123a188f064","73272cc69ebc72bc8c552bb940b4a3eb6590c783","Existing fallback retained; engineering/browser acceptance does not approve this copy; database override version is separately audited by publication CAS/history"
"CMS Membership","faq.8.answer","zh-HK","messages/zh-HK.json:Membership.faq.8.answer","WTIA policy owner / ExCo","OWNER_POLICY_OR_BRANDING_SIGNOFF_REQUIRED","ce2fef7282c6ee6fb62df5f7ad4f8e7976daebaaab5f42bd9e772b4a14d58a2f","73272cc69ebc72bc8c552bb940b4a3eb6590c783","Existing fallback retained; engineering/browser acceptance does not approve this copy; database override version is separately audited by publication CAS/history"
"CMS Membership","faqLinks.refund","en","messages/en.json:Membership.faqLinks.refund","WTIA policy owner / ExCo","OWNER_POLICY_OR_BRANDING_SIGNOFF_REQUIRED","c34654274c750fcca3519fe3ed96b859a2b43baa7b9c5418134ed327eb53a400","73272cc69ebc72bc8c552bb940b4a3eb6590c783","Existing fallback retained; engineering/browser acceptance does not approve this copy; database override version is separately audited by publication CAS/history"
"CMS Membership","faqLinks.refund","zh-HK","messages/zh-HK.json:Membership.faqLinks.refund","WTIA policy owner / ExCo","OWNER_POLICY_OR_BRANDING_SIGNOFF_REQUIRED","e64abff82ac0bffa998962739a13ed39ad6309a70eb5d8b3f588f267d8efeacd","73272cc69ebc72bc8c552bb940b4a3eb6590c783","Existing fallback retained; engineering/browser acceptance does not approve this copy; database override version is separately audited by publication CAS/history"
"CMS Membership","faqLinks.contact","en","messages/en.json:Membership.faqLinks.contact","WTIA policy owner / ExCo","OWNER_POLICY_OR_BRANDING_SIGNOFF_REQUIRED","0966a0eed2d28f380bba77a369121aefe0aa1e124ede593b1626f59950296241","73272cc69ebc72bc8c552bb940b4a3eb6590c783","Existing fallback retained; engineering/browser acceptance does not approve this copy; database override version is separately audited by publication CAS/history"
"CMS Membership","faqLinks.contact","zh-HK","messages/zh-HK.json:Membership.faqLinks.contact","WTIA policy owner / ExCo","OWNER_POLICY_OR_BRANDING_SIGNOFF_REQUIRED","cbb11863851a93135f928e0d5261a06a60490abaf785878c26047a8cd19b5e0e","73272cc69ebc72bc8c552bb940b4a3eb6590c783","Existing fallback retained; engineering/browser acceptance does not approve this copy; database override version is separately audited by publication CAS/history"
"CMS Membership","priceLabels.free","en","messages/en.json:Membership.priceLabels.free","WTIA policy owner / ExCo","OWNER_POLICY_OR_BRANDING_SIGNOFF_REQUIRED","2b23d9ecfbb4feb9b0643d738265a0a66a7dd4e5373c296d5ae62c58254d2f5a","73272cc69ebc72bc8c552bb940b4a3eb6590c783","Existing fallback retained; engineering/browser acceptance does not approve this copy; database override version is separately audited by publication CAS/history"
"CMS Membership","priceLabels.free","zh-HK","messages/zh-HK.json:Membership.priceLabels.free","WTIA policy owner / ExCo","OWNER_POLICY_OR_BRANDING_SIGNOFF_REQUIRED","690805575dd87f59844241d1a59bef701223b312c8ace845cc73878c162d899d","73272cc69ebc72bc8c552bb940b4a3eb6590c783","Existing fallback retained; engineering/browser acceptance does not approve this copy; database override version is separately audited by publication CAS/history"
"CMS Membership","priceLabels.review","en","messages/en.json:Membership.priceLabels.review","WTIA policy owner / ExCo","OWNER_POLICY_OR_BRANDING_SIGNOFF_REQUIRED","004d03ef1140432598bc8d0930c91fe107aee150bc4c960fa2cd617448e4322a","73272cc69ebc72bc8c552bb940b4a3eb6590c783","Existing fallback retained; engineering/browser acceptance does not approve this copy; database override version is separately audited by publication CAS/history"
"CMS Membership","priceLabels.review","zh-HK","messages/zh-HK.json:Membership.priceLabels.review","WTIA policy owner / ExCo","OWNER_POLICY_OR_BRANDING_SIGNOFF_REQUIRED","35d834ef7772844a0b3d895a7a38d727c8c8ee29eb28650147e4b03b996b3724","73272cc69ebc72bc8c552bb940b4a3eb6590c783","Existing fallback retained; engineering/browser acceptance does not approve this copy; database override version is separately audited by publication CAS/history"
"CMS Membership","cadenceLabels.annual","en","messages/en.json:Membership.cadenceLabels.annual","WTIA policy owner / ExCo","OWNER_POLICY_OR_BRANDING_SIGNOFF_REQUIRED","73f7d5b09319e002514e0e0d4179d4af35ad8a59dbcf2f8397f7c7f0433394c1","73272cc69ebc72bc8c552bb940b4a3eb6590c783","Existing fallback retained; engineering/browser acceptance does not approve this copy; database override version is separately audited by publication CAS/history"
"CMS Membership","cadenceLabels.annual","zh-HK","messages/zh-HK.json:Membership.cadenceLabels.annual","WTIA policy owner / ExCo","OWNER_POLICY_OR_BRANDING_SIGNOFF_REQUIRED","27d934ac4d9434e5308210f9d9c9fb2522d2b133e9888200cad4e99d69b5a666","73272cc69ebc72bc8c552bb940b4a3eb6590c783","Existing fallback retained; engineering/browser acceptance does not approve this copy; database override version is separately audited by publication CAS/history"
"CMS Membership","cadenceLabels.monthly","en","messages/en.json:Membership.cadenceLabels.monthly","WTIA policy owner / ExCo","OWNER_POLICY_OR_BRANDING_SIGNOFF_REQUIRED","ec55df936545ae51397e54ebc46e1c98d07730906615767af9f16167c19f21de","73272cc69ebc72bc8c552bb940b4a3eb6590c783","Existing fallback retained; engineering/browser acceptance does not approve this copy; database override version is separately audited by publication CAS/history"
"CMS Membership","cadenceLabels.monthly","zh-HK","messages/zh-HK.json:Membership.cadenceLabels.monthly","WTIA policy owner / ExCo","OWNER_POLICY_OR_BRANDING_SIGNOFF_REQUIRED","4ab8f80b25fcecf9819fdf82abe1435cc7db3826ea536cda8b2401e2b27ca299","73272cc69ebc72bc8c552bb940b4a3eb6590c783","Existing fallback retained; engineering/browser acceptance does not approve this copy; database override version is separately audited by publication CAS/history"
"CMS Membership","actions.join","en","messages/en.json:Membership.actions.join","WTIA policy owner / ExCo","OWNER_POLICY_OR_BRANDING_SIGNOFF_REQUIRED","ffc64a6fbc5bfc2f82e0761f2a24ae85271a706d95c201e39ede5b5e254ffdd2","73272cc69ebc72bc8c552bb940b4a3eb6590c783","Existing fallback retained; engineering/browser acceptance does not approve this copy; database override version is separately audited by publication CAS/history"
"CMS Membership","actions.join","zh-HK","messages/zh-HK.json:Membership.actions.join","WTIA policy owner / ExCo","OWNER_POLICY_OR_BRANDING_SIGNOFF_REQUIRED","01ec72a4074adfacbd3f43b0b51070c972f14cb17206b821ec48678bf75bc9d2","73272cc69ebc72bc8c552bb940b4a3eb6590c783","Existing fallback retained; engineering/browser acceptance does not approve this copy; database override version is separately audited by publication CAS/history"
"CMS Membership","actions.contact","en","messages/en.json:Membership.actions.contact","WTIA policy owner / ExCo","OWNER_POLICY_OR_BRANDING_SIGNOFF_REQUIRED","004d03ef1140432598bc8d0930c91fe107aee150bc4c960fa2cd617448e4322a","73272cc69ebc72bc8c552bb940b4a3eb6590c783","Existing fallback retained; engineering/browser acceptance does not approve this copy; database override version is separately audited by publication CAS/history"
"CMS Membership","actions.contact","zh-HK","messages/zh-HK.json:Membership.actions.contact","WTIA policy owner / ExCo","OWNER_POLICY_OR_BRANDING_SIGNOFF_REQUIRED","35d834ef7772844a0b3d895a7a38d727c8c8ee29eb28650147e4b03b996b3724","73272cc69ebc72bc8c552bb940b4a3eb6590c783","Existing fallback retained; engineering/browser acceptance does not approve this copy; database override version is separately audited by publication CAS/history"
"CMS Membership","actions.discuss","en","messages/en.json:Membership.actions.discuss","WTIA policy owner / ExCo","OWNER_POLICY_OR_BRANDING_SIGNOFF_REQUIRED","42b203f25f4a9949dfb8dfe068366efda9208a0ba1bbe209b5695de2f97a0ce0","73272cc69ebc72bc8c552bb940b4a3eb6590c783","Existing fallback retained; engineering/browser acceptance does not approve this copy; database override version is separately audited by publication CAS/history"
"CMS Membership","actions.discuss","zh-HK","messages/zh-HK.json:Membership.actions.discuss","WTIA policy owner / ExCo","OWNER_POLICY_OR_BRANDING_SIGNOFF_REQUIRED","b82b13a8eeba504804796f4efdd2e05ee2fe31bcecf02f1f79fcf6839cbaeb1d","73272cc69ebc72bc8c552bb940b4a3eb6590c783","Existing fallback retained; engineering/browser acceptance does not approve this copy; database override version is separately audited by publication CAS/history"
"CMS Membership","unavailable","en","messages/en.json:Membership.unavailable","WTIA policy owner / ExCo","OWNER_POLICY_OR_BRANDING_SIGNOFF_REQUIRED","64792bc36ce3c26d0f03b9b260f2afcbbf8137e114bed8e14cd5b9eba6eb4e7e","73272cc69ebc72bc8c552bb940b4a3eb6590c783","Existing fallback retained; engineering/browser acceptance does not approve this copy; database override version is separately audited by publication CAS/history"
"CMS Membership","unavailable","zh-HK","messages/zh-HK.json:Membership.unavailable","WTIA policy owner / ExCo","OWNER_POLICY_OR_BRANDING_SIGNOFF_REQUIRED","6eea3bf65ec5d9c451b648b2f7cbc63d8eb3d64cff0aa1b4759197b57601035c","73272cc69ebc72bc8c552bb940b4a3eb6590c783","Existing fallback retained; engineering/browser acceptance does not approve this copy; database override version is separately audited by publication CAS/history"
"CMS Membership","sme.label","en","messages/en.json:Membership.sme.label","WTIA policy owner / ExCo","OWNER_POLICY_OR_BRANDING_SIGNOFF_REQUIRED","308015f5348206a83943a4589e4e89c27d19da720e51f732836d65d364461a7d","73272cc69ebc72bc8c552bb940b4a3eb6590c783","Existing fallback retained; engineering/browser acceptance does not approve this copy; database override version is separately audited by publication CAS/history"
"CMS Membership","sme.label","zh-HK","messages/zh-HK.json:Membership.sme.label","WTIA policy owner / ExCo","OWNER_POLICY_OR_BRANDING_SIGNOFF_REQUIRED","cc173670fa68ba4d47abe13417094ed784b229bada10a266f43a75b45277343c","73272cc69ebc72bc8c552bb940b4a3eb6590c783","Existing fallback retained; engineering/browser acceptance does not approve this copy; database override version is separately audited by publication CAS/history"
"CMS Membership","sme.title","en","messages/en.json:Membership.sme.title","WTIA policy owner / ExCo","OWNER_POLICY_OR_BRANDING_SIGNOFF_REQUIRED","d10e185ec7e8f58b5e7ce3c751f1513002747348964ce62cb81d6dd15e257ae2","73272cc69ebc72bc8c552bb940b4a3eb6590c783","Existing fallback retained; engineering/browser acceptance does not approve this copy; database override version is separately audited by publication CAS/history"
"CMS Membership","sme.title","zh-HK","messages/zh-HK.json:Membership.sme.title","WTIA policy owner / ExCo","OWNER_POLICY_OR_BRANDING_SIGNOFF_REQUIRED","de8246a997e581ff942f53eb5e66b81cb5c75e8c32ba12091b7496c86f75f408","73272cc69ebc72bc8c552bb940b4a3eb6590c783","Existing fallback retained; engineering/browser acceptance does not approve this copy; database override version is separately audited by publication CAS/history"
"CMS Membership","sme.copy","en","messages/en.json:Membership.sme.copy","WTIA policy owner / ExCo","OWNER_POLICY_OR_BRANDING_SIGNOFF_REQUIRED","2c44eb5b3d747e65a767c6862d671c566d479604488688ea404e12efaf296198","73272cc69ebc72bc8c552bb940b4a3eb6590c783","Existing fallback retained; engineering/browser acceptance does not approve this copy; database override version is separately audited by publication CAS/history"
"CMS Membership","sme.copy","zh-HK","messages/zh-HK.json:Membership.sme.copy","WTIA policy owner / ExCo","OWNER_POLICY_OR_BRANDING_SIGNOFF_REQUIRED","06c893c033c821865677b4f7e0c4086e18ead3fe00fc4d348b6e36c29b44cdd1","73272cc69ebc72bc8c552bb940b4a3eb6590c783","Existing fallback retained; engineering/browser acceptance does not approve this copy; database override version is separately audited by publication CAS/history"
"CMS Membership","sme.action","en","messages/en.json:Membership.sme.action","WTIA policy owner / ExCo","OWNER_POLICY_OR_BRANDING_SIGNOFF_REQUIRED","ea847a2babdda131fed088271f5290f685542055e024f05cccb0298226e53459","73272cc69ebc72bc8c552bb940b4a3eb6590c783","Existing fallback retained; engineering/browser acceptance does not approve this copy; database override version is separately audited by publication CAS/history"
"CMS Membership","sme.action","zh-HK","messages/zh-HK.json:Membership.sme.action","WTIA policy owner / ExCo","OWNER_POLICY_OR_BRANDING_SIGNOFF_REQUIRED","69a7bd74a955846b0b77813821b89adc84a27628f0607461765e733d6f2c12f7","73272cc69ebc72bc8c552bb940b4a3eb6590c783","Existing fallback retained; engineering/browser acceptance does not approve this copy; database override version is separately audited by publication CAS/history"
"CMS Membership","pricing.readyLabel","en","messages/en.json:Membership.pricing.readyLabel","WTIA policy owner / ExCo","OWNER_POLICY_OR_BRANDING_SIGNOFF_REQUIRED","18ce8b35f3b8e1ff99c5236c0de606caf368a4a5e641ea0060fe463d3a136165","73272cc69ebc72bc8c552bb940b4a3eb6590c783","Existing fallback retained; engineering/browser acceptance does not approve this copy; database override version is separately audited by publication CAS/history"
"CMS Membership","pricing.readyLabel","zh-HK","messages/zh-HK.json:Membership.pricing.readyLabel","WTIA policy owner / ExCo","OWNER_POLICY_OR_BRANDING_SIGNOFF_REQUIRED","ed2f34ed13e98a31cff8069c17712527aefb654685d96ff63a3178712c032896","73272cc69ebc72bc8c552bb940b4a3eb6590c783","Existing fallback retained; engineering/browser acceptance does not approve this copy; database override version is separately audited by publication CAS/history"
"CMS Membership","pricing.readyCopy","en","messages/en.json:Membership.pricing.readyCopy","WTIA policy owner / ExCo","OWNER_POLICY_OR_BRANDING_SIGNOFF_REQUIRED","a18f05c55534ef5741eff8af736ee94c29ae66a69cd3f190824764dcf93be195","73272cc69ebc72bc8c552bb940b4a3eb6590c783","Existing fallback retained; engineering/browser acceptance does not approve this copy; database override version is separately audited by publication CAS/history"
"CMS Membership","pricing.readyCopy","zh-HK","messages/zh-HK.json:Membership.pricing.readyCopy","WTIA policy owner / ExCo","OWNER_POLICY_OR_BRANDING_SIGNOFF_REQUIRED","89168fa92cbfde26be5746c653db1698e7cd25417124387db5b0a0698d713293","73272cc69ebc72bc8c552bb940b4a3eb6590c783","Existing fallback retained; engineering/browser acceptance does not approve this copy; database override version is separately audited by publication CAS/history"
"CMS Membership","pricing.fallbackLabel","en","messages/en.json:Membership.pricing.fallbackLabel","WTIA policy owner / ExCo","OWNER_POLICY_OR_BRANDING_SIGNOFF_REQUIRED","490b947de06ba258384228ff01b4dd78d0149d121b736da0673d5072d20952e0","73272cc69ebc72bc8c552bb940b4a3eb6590c783","Existing fallback retained; engineering/browser acceptance does not approve this copy; database override version is separately audited by publication CAS/history"
"CMS Membership","pricing.fallbackLabel","zh-HK","messages/zh-HK.json:Membership.pricing.fallbackLabel","WTIA policy owner / ExCo","OWNER_POLICY_OR_BRANDING_SIGNOFF_REQUIRED","c31b421113b1eb2c40f8ce39cf7d4cccc9639693ce43b09e9bc9bf47cb080953","73272cc69ebc72bc8c552bb940b4a3eb6590c783","Existing fallback retained; engineering/browser acceptance does not approve this copy; database override version is separately audited by publication CAS/history"
"CMS Membership","pricing.fallbackCopy","en","messages/en.json:Membership.pricing.fallbackCopy","WTIA policy owner / ExCo","OWNER_POLICY_OR_BRANDING_SIGNOFF_REQUIRED","cd64cf9d400853102589847d593c9baeb70c5ecf323612ae275a5d07b257addd","73272cc69ebc72bc8c552bb940b4a3eb6590c783","Existing fallback retained; engineering/browser acceptance does not approve this copy; database override version is separately audited by publication CAS/history"
"CMS Membership","pricing.fallbackCopy","zh-HK","messages/zh-HK.json:Membership.pricing.fallbackCopy","WTIA policy owner / ExCo","OWNER_POLICY_OR_BRANDING_SIGNOFF_REQUIRED","e5e76217fd59accdee69f026089d9d8b88822de5cea893c18fc9dbb94607dd46","73272cc69ebc72bc8c552bb940b4a3eb6590c783","Existing fallback retained; engineering/browser acceptance does not approve this copy; database override version is separately audited by publication CAS/history"
"CMS Membership","dimensions.network.title","en","messages/en.json:Membership.dimensions.network.title","WTIA policy owner / ExCo","OWNER_POLICY_OR_BRANDING_SIGNOFF_REQUIRED","23e10e8157dfc823353460900388acf5fb1f168e868693b8737ab3ba720b94f7","73272cc69ebc72bc8c552bb940b4a3eb6590c783","Existing fallback retained; engineering/browser acceptance does not approve this copy; database override version is separately audited by publication CAS/history"
"CMS Membership","dimensions.network.title","zh-HK","messages/zh-HK.json:Membership.dimensions.network.title","WTIA policy owner / ExCo","OWNER_POLICY_OR_BRANDING_SIGNOFF_REQUIRED","9ef8833ebf9738649eff1e421768a7ed1144d50d00ef93ee58a7cf8b65a4c5ff","73272cc69ebc72bc8c552bb940b4a3eb6590c783","Existing fallback retained; engineering/browser acceptance does not approve this copy; database override version is separately audited by publication CAS/history"
"CMS Membership","dimensions.network.copy","en","messages/en.json:Membership.dimensions.network.copy","WTIA policy owner / ExCo","OWNER_POLICY_OR_BRANDING_SIGNOFF_REQUIRED","ecbaa9393949e7cd44c15b63ed3a2abf8e5e928cf3536086dc86c5698de9d220","73272cc69ebc72bc8c552bb940b4a3eb6590c783","Existing fallback retained; engineering/browser acceptance does not approve this copy; database override version is separately audited by publication CAS/history"
"CMS Membership","dimensions.network.copy","zh-HK","messages/zh-HK.json:Membership.dimensions.network.copy","WTIA policy owner / ExCo","OWNER_POLICY_OR_BRANDING_SIGNOFF_REQUIRED","9c769a8fd16a27aa9d4b99c16bee15f6d2b6d9a16b1a3d67e80b57f07c2d6190","73272cc69ebc72bc8c552bb940b4a3eb6590c783","Existing fallback retained; engineering/browser acceptance does not approve this copy; database override version is separately audited by publication CAS/history"
"CMS Membership","dimensions.programmes.title","en","messages/en.json:Membership.dimensions.programmes.title","WTIA policy owner / ExCo","OWNER_POLICY_OR_BRANDING_SIGNOFF_REQUIRED","fa30eb1626dfa28907402e64277fed4c47fe162a6175fbffe696b867c749e341","73272cc69ebc72bc8c552bb940b4a3eb6590c783","Existing fallback retained; engineering/browser acceptance does not approve this copy; database override version is separately audited by publication CAS/history"
"CMS Membership","dimensions.programmes.title","zh-HK","messages/zh-HK.json:Membership.dimensions.programmes.title","WTIA policy owner / ExCo","OWNER_POLICY_OR_BRANDING_SIGNOFF_REQUIRED","75f0548d7caabbcbefaf69111d2c2c3dde5bd74d9faeb25f63c224b064820fe5","73272cc69ebc72bc8c552bb940b4a3eb6590c783","Existing fallback retained; engineering/browser acceptance does not approve this copy; database override version is separately audited by publication CAS/history"
"CMS Membership","dimensions.programmes.copy","en","messages/en.json:Membership.dimensions.programmes.copy","WTIA policy owner / ExCo","OWNER_POLICY_OR_BRANDING_SIGNOFF_REQUIRED","6ceb49321690e54eb330f4ec1ce143ccc2e476cb6d3f0a4201d293bac5112a56","73272cc69ebc72bc8c552bb940b4a3eb6590c783","Existing fallback retained; engineering/browser acceptance does not approve this copy; database override version is separately audited by publication CAS/history"
"CMS Membership","dimensions.programmes.copy","zh-HK","messages/zh-HK.json:Membership.dimensions.programmes.copy","WTIA policy owner / ExCo","OWNER_POLICY_OR_BRANDING_SIGNOFF_REQUIRED","0d8014a76bca40e6a89bc66576e1ce7aba3c6452e9a23d810b307a706b9efa84","73272cc69ebc72bc8c552bb940b4a3eb6590c783","Existing fallback retained; engineering/browser acceptance does not approve this copy; database override version is separately audited by publication CAS/history"
"CMS Membership","dimensions.visibility.title","en","messages/en.json:Membership.dimensions.visibility.title","WTIA policy owner / ExCo","OWNER_POLICY_OR_BRANDING_SIGNOFF_REQUIRED","2cefbb554eadbb6ec17c2267e4f12fb447e4b4ff44002d1d58a6f2f986619ac3","73272cc69ebc72bc8c552bb940b4a3eb6590c783","Existing fallback retained; engineering/browser acceptance does not approve this copy; database override version is separately audited by publication CAS/history"
"CMS Membership","dimensions.visibility.title","zh-HK","messages/zh-HK.json:Membership.dimensions.visibility.title","WTIA policy owner / ExCo","OWNER_POLICY_OR_BRANDING_SIGNOFF_REQUIRED","0f837ec329eaa190b6ea9b9e3a12204898bd7a876b329e1f0f5f8a27cfaf0670","73272cc69ebc72bc8c552bb940b4a3eb6590c783","Existing fallback retained; engineering/browser acceptance does not approve this copy; database override version is separately audited by publication CAS/history"
"CMS Membership","dimensions.visibility.copy","en","messages/en.json:Membership.dimensions.visibility.copy","WTIA policy owner / ExCo","OWNER_POLICY_OR_BRANDING_SIGNOFF_REQUIRED","a0fa128bfd434c00873702d7ecc4b1156efd73bf33cb0d20bf21c1a0b82586c4","73272cc69ebc72bc8c552bb940b4a3eb6590c783","Existing fallback retained; engineering/browser acceptance does not approve this copy; database override version is separately audited by publication CAS/history"
"CMS Membership","dimensions.visibility.copy","zh-HK","messages/zh-HK.json:Membership.dimensions.visibility.copy","WTIA policy owner / ExCo","OWNER_POLICY_OR_BRANDING_SIGNOFF_REQUIRED","3d71d535fb6a41f807c04cb78244c41cdf7e6d449461c5000d79fbdc41fd08a3","73272cc69ebc72bc8c552bb940b4a3eb6590c783","Existing fallback retained; engineering/browser acceptance does not approve this copy; database override version is separately audited by publication CAS/history"
"CMS Membership","dimensions.events.title","en","messages/en.json:Membership.dimensions.events.title","WTIA policy owner / ExCo","OWNER_POLICY_OR_BRANDING_SIGNOFF_REQUIRED","298dd7c15c671332526dcc22c0d64d73aa377cb75ff0034ec6efd854b7404239","73272cc69ebc72bc8c552bb940b4a3eb6590c783","Existing fallback retained; engineering/browser acceptance does not approve this copy; database override version is separately audited by publication CAS/history"
"CMS Membership","dimensions.events.title","zh-HK","messages/zh-HK.json:Membership.dimensions.events.title","WTIA policy owner / ExCo","OWNER_POLICY_OR_BRANDING_SIGNOFF_REQUIRED","8ee964bd857bc3be84942a95f4a07611ad015a3f367b98ab9fd80b02f62f1222","73272cc69ebc72bc8c552bb940b4a3eb6590c783","Existing fallback retained; engineering/browser acceptance does not approve this copy; database override version is separately audited by publication CAS/history"
"CMS Membership","dimensions.events.copy","en","messages/en.json:Membership.dimensions.events.copy","WTIA policy owner / ExCo","OWNER_POLICY_OR_BRANDING_SIGNOFF_REQUIRED","22bc0947e8c70856d439fc3a63298c9115066b2a220114b4681fe4716be52bb8","73272cc69ebc72bc8c552bb940b4a3eb6590c783","Existing fallback retained; engineering/browser acceptance does not approve this copy; database override version is separately audited by publication CAS/history"
"CMS Membership","dimensions.events.copy","zh-HK","messages/zh-HK.json:Membership.dimensions.events.copy","WTIA policy owner / ExCo","OWNER_POLICY_OR_BRANDING_SIGNOFF_REQUIRED","6f504a7ccb5ffd9224f110849fcf9df007297caab9d33ac804fc68e29e82f085","73272cc69ebc72bc8c552bb940b4a3eb6590c783","Existing fallback retained; engineering/browser acceptance does not approve this copy; database override version is separately audited by publication CAS/history"
"CMS Membership","dimensions.showcase.title","en","messages/en.json:Membership.dimensions.showcase.title","WTIA policy owner / ExCo","OWNER_POLICY_OR_BRANDING_SIGNOFF_REQUIRED","e43549fdb8917bb5e70fefc6b6486ddb74739fe7bfec2c5c5bf399a36c6c8a72","73272cc69ebc72bc8c552bb940b4a3eb6590c783","Existing fallback retained; engineering/browser acceptance does not approve this copy; database override version is separately audited by publication CAS/history"
"CMS Membership","dimensions.showcase.title","zh-HK","messages/zh-HK.json:Membership.dimensions.showcase.title","WTIA policy owner / ExCo","OWNER_POLICY_OR_BRANDING_SIGNOFF_REQUIRED","b5209330a0992be1d6ff6b4dadd382c3ac8fdc8553759efb8897c3dc797901a6","73272cc69ebc72bc8c552bb940b4a3eb6590c783","Existing fallback retained; engineering/browser acceptance does not approve this copy; database override version is separately audited by publication CAS/history"
"CMS Membership","dimensions.showcase.copy","en","messages/en.json:Membership.dimensions.showcase.copy","WTIA policy owner / ExCo","OWNER_POLICY_OR_BRANDING_SIGNOFF_REQUIRED","7865d65e1a75ba8bd1e9c0b150d950a22759d3e2c19da3e41183d292698b7457","73272cc69ebc72bc8c552bb940b4a3eb6590c783","Existing fallback retained; engineering/browser acceptance does not approve this copy; database override version is separately audited by publication CAS/history"
"CMS Membership","dimensions.showcase.copy","zh-HK","messages/zh-HK.json:Membership.dimensions.showcase.copy","WTIA policy owner / ExCo","OWNER_POLICY_OR_BRANDING_SIGNOFF_REQUIRED","98d3cd2b9ae0b35751fa5b3d12f95272fbb9e491f4a12cacdb34701691f9e6fd","73272cc69ebc72bc8c552bb940b4a3eb6590c783","Existing fallback retained; engineering/browser acceptance does not approve this copy; database override version is separately audited by publication CAS/history"
"CMS Membership","dimensions.committees.title","en","messages/en.json:Membership.dimensions.committees.title","WTIA policy owner / ExCo","OWNER_POLICY_OR_BRANDING_SIGNOFF_REQUIRED","8f60ca16c1fb5fb7589aaaade28748ff66b5dde0dc52570336b61f53df647247","73272cc69ebc72bc8c552bb940b4a3eb6590c783","Existing fallback retained; engineering/browser acceptance does not approve this copy; database override version is separately audited by publication CAS/history"
"CMS Membership","dimensions.committees.title","zh-HK","messages/zh-HK.json:Membership.dimensions.committees.title","WTIA policy owner / ExCo","OWNER_POLICY_OR_BRANDING_SIGNOFF_REQUIRED","ca37e2a74da3df076a1d52e202161a2dcf981ba24aa9bac27ea4f99f35913fae","73272cc69ebc72bc8c552bb940b4a3eb6590c783","Existing fallback retained; engineering/browser acceptance does not approve this copy; database override version is separately audited by publication CAS/history"
"CMS Membership","dimensions.committees.copy","en","messages/en.json:Membership.dimensions.committees.copy","WTIA policy owner / ExCo","OWNER_POLICY_OR_BRANDING_SIGNOFF_REQUIRED","a74b9defe7a529b6bc4348e1a47fdb6a59a6bc79d3d36a3c3c61c41886b3c286","73272cc69ebc72bc8c552bb940b4a3eb6590c783","Existing fallback retained; engineering/browser acceptance does not approve this copy; database override version is separately audited by publication CAS/history"
"CMS Membership","dimensions.committees.copy","zh-HK","messages/zh-HK.json:Membership.dimensions.committees.copy","WTIA policy owner / ExCo","OWNER_POLICY_OR_BRANDING_SIGNOFF_REQUIRED","af0fbd22f1972ff6d1bb58bb9343c3008caeaac7e9ab54c8568306a4a623b3c7","73272cc69ebc72bc8c552bb940b4a3eb6590c783","Existing fallback retained; engineering/browser acceptance does not approve this copy; database override version is separately audited by publication CAS/history"
"CMS Membership","dimensions.seats.title","en","messages/en.json:Membership.dimensions.seats.title","WTIA policy owner / ExCo","OWNER_POLICY_OR_BRANDING_SIGNOFF_REQUIRED","3b73b3639c58ebc0af5d26aa7758b6143dc6cb578642d550972aa10c53f3c2f6","73272cc69ebc72bc8c552bb940b4a3eb6590c783","Existing fallback retained; engineering/browser acceptance does not approve this copy; database override version is separately audited by publication CAS/history"
"CMS Membership","dimensions.seats.title","zh-HK","messages/zh-HK.json:Membership.dimensions.seats.title","WTIA policy owner / ExCo","OWNER_POLICY_OR_BRANDING_SIGNOFF_REQUIRED","e3ea4dde32296ecd2d1480fc1887662d07e96c472c55785d2051b3f006dbd9d9","73272cc69ebc72bc8c552bb940b4a3eb6590c783","Existing fallback retained; engineering/browser acceptance does not approve this copy; database override version is separately audited by publication CAS/history"
"CMS Membership","dimensions.seats.copy","en","messages/en.json:Membership.dimensions.seats.copy","WTIA policy owner / ExCo","OWNER_POLICY_OR_BRANDING_SIGNOFF_REQUIRED","40c80161351c5ccd8a807e7c2a86e6e10e33b7451f71520eb2bce25492c6a435","73272cc69ebc72bc8c552bb940b4a3eb6590c783","Existing fallback retained; engineering/browser acceptance does not approve this copy; database override version is separately audited by publication CAS/history"
"CMS Membership","dimensions.seats.copy","zh-HK","messages/zh-HK.json:Membership.dimensions.seats.copy","WTIA policy owner / ExCo","OWNER_POLICY_OR_BRANDING_SIGNOFF_REQUIRED","92eac01bcca4ff707926f73d86f84302b37673a912c081efeb9892c33cb70e5a","73272cc69ebc72bc8c552bb940b4a3eb6590c783","Existing fallback retained; engineering/browser acceptance does not approve this copy; database override version is separately audited by publication CAS/history"
"CMS Membership","dimensions.billing.title","en","messages/en.json:Membership.dimensions.billing.title","WTIA policy owner / ExCo","OWNER_POLICY_OR_BRANDING_SIGNOFF_REQUIRED","82099cab1635b70a1bb0e8abaa734f8f93b5a012e3f8636efdebdca881a89d39","73272cc69ebc72bc8c552bb940b4a3eb6590c783","Existing fallback retained; engineering/browser acceptance does not approve this copy; database override version is separately audited by publication CAS/history"
"CMS Membership","dimensions.billing.title","zh-HK","messages/zh-HK.json:Membership.dimensions.billing.title","WTIA policy owner / ExCo","OWNER_POLICY_OR_BRANDING_SIGNOFF_REQUIRED","e1b0ce454256232545b6dbfb569ec08078524d5aac91e0aafca3e215b1f034d4","73272cc69ebc72bc8c552bb940b4a3eb6590c783","Existing fallback retained; engineering/browser acceptance does not approve this copy; database override version is separately audited by publication CAS/history"
"CMS Membership","dimensions.billing.copy","en","messages/en.json:Membership.dimensions.billing.copy","WTIA policy owner / ExCo","OWNER_POLICY_OR_BRANDING_SIGNOFF_REQUIRED","fb09fffb9e1d1c37c546df23184afc9f80b6d273e01adef60986641c29aff357","73272cc69ebc72bc8c552bb940b4a3eb6590c783","Existing fallback retained; engineering/browser acceptance does not approve this copy; database override version is separately audited by publication CAS/history"
"CMS Membership","dimensions.billing.copy","zh-HK","messages/zh-HK.json:Membership.dimensions.billing.copy","WTIA policy owner / ExCo","OWNER_POLICY_OR_BRANDING_SIGNOFF_REQUIRED","a7386c16c986ec54694702cac0a2fa7956e1aaf3e44f201e2a54ab1f2dc5a04c","73272cc69ebc72bc8c552bb940b4a3eb6590c783","Existing fallback retained; engineering/browser acceptance does not approve this copy; database override version is separately audited by publication CAS/history"
"CMS Membership","dimensions.onboarding.title","en","messages/en.json:Membership.dimensions.onboarding.title","WTIA policy owner / ExCo","OWNER_POLICY_OR_BRANDING_SIGNOFF_REQUIRED","777082b541075312f93b36e0235da6c6548abd006472a6ba59c5b50e5398043f","73272cc69ebc72bc8c552bb940b4a3eb6590c783","Existing fallback retained; engineering/browser acceptance does not approve this copy; database override version is separately audited by publication CAS/history"
"CMS Membership","dimensions.onboarding.title","zh-HK","messages/zh-HK.json:Membership.dimensions.onboarding.title","WTIA policy owner / ExCo","OWNER_POLICY_OR_BRANDING_SIGNOFF_REQUIRED","9050df739495aa1553fbff2d9a6c163e2952ca976be41d5de57fd7a012a470e4","73272cc69ebc72bc8c552bb940b4a3eb6590c783","Existing fallback retained; engineering/browser acceptance does not approve this copy; database override version is separately audited by publication CAS/history"
"CMS Membership","dimensions.onboarding.copy","en","messages/en.json:Membership.dimensions.onboarding.copy","WTIA policy owner / ExCo","OWNER_POLICY_OR_BRANDING_SIGNOFF_REQUIRED","8deba3d3de9869c52895a3a13255aa6f603e8b8d08e92f0d6dad6ea7e8587d14","73272cc69ebc72bc8c552bb940b4a3eb6590c783","Existing fallback retained; engineering/browser acceptance does not approve this copy; database override version is separately audited by publication CAS/history"
"CMS Membership","dimensions.onboarding.copy","zh-HK","messages/zh-HK.json:Membership.dimensions.onboarding.copy","WTIA policy owner / ExCo","OWNER_POLICY_OR_BRANDING_SIGNOFF_REQUIRED","359b9ecb9508c53a816d425da34373982079e48bfe8be8f8d741a517a5bdd2bf","73272cc69ebc72bc8c552bb940b4a3eb6590c783","Existing fallback retained; engineering/browser acceptance does not approve this copy; database override version is separately audited by publication CAS/history"
"CMS Membership","dimensions.governance.title","en","messages/en.json:Membership.dimensions.governance.title","WTIA policy owner / ExCo","OWNER_POLICY_OR_BRANDING_SIGNOFF_REQUIRED","b526f29f8adeef939f41d12618c82ae5914e2e7b35856f5dd34778391ee5f713","73272cc69ebc72bc8c552bb940b4a3eb6590c783","Existing fallback retained; engineering/browser acceptance does not approve this copy; database override version is separately audited by publication CAS/history"
"CMS Membership","dimensions.governance.title","zh-HK","messages/zh-HK.json:Membership.dimensions.governance.title","WTIA policy owner / ExCo","OWNER_POLICY_OR_BRANDING_SIGNOFF_REQUIRED","620854ed61560ea97cb1df2e46a9c1f4b49a28e684367a32bfc3f65da3df91cd","73272cc69ebc72bc8c552bb940b4a3eb6590c783","Existing fallback retained; engineering/browser acceptance does not approve this copy; database override version is separately audited by publication CAS/history"
"CMS Membership","dimensions.governance.copy","en","messages/en.json:Membership.dimensions.governance.copy","WTIA policy owner / ExCo","OWNER_POLICY_OR_BRANDING_SIGNOFF_REQUIRED","08d675b4cecc2f39c8a3cdfb033fdd47a6f292e7a991c9a5edd0b031b74fa3a5","73272cc69ebc72bc8c552bb940b4a3eb6590c783","Existing fallback retained; engineering/browser acceptance does not approve this copy; database override version is separately audited by publication CAS/history"
"CMS Membership","dimensions.governance.copy","zh-HK","messages/zh-HK.json:Membership.dimensions.governance.copy","WTIA policy owner / ExCo","OWNER_POLICY_OR_BRANDING_SIGNOFF_REQUIRED","4fc6e115639153dee17293008e8e218c7db988e9162e29b7892b73de47819b38","73272cc69ebc72bc8c552bb940b4a3eb6590c783","Existing fallback retained; engineering/browser acceptance does not approve this copy; database override version is separately audited by publication CAS/history"
"CMS Membership","dimensions.support.title","en","messages/en.json:Membership.dimensions.support.title","WTIA policy owner / ExCo","OWNER_POLICY_OR_BRANDING_SIGNOFF_REQUIRED","7744c89b4e37c0a5d0d1f024860cedbd760ec3a4d96cb0b7bfa5a94146661c94","73272cc69ebc72bc8c552bb940b4a3eb6590c783","Existing fallback retained; engineering/browser acceptance does not approve this copy; database override version is separately audited by publication CAS/history"
"CMS Membership","dimensions.support.title","zh-HK","messages/zh-HK.json:Membership.dimensions.support.title","WTIA policy owner / ExCo","OWNER_POLICY_OR_BRANDING_SIGNOFF_REQUIRED","f185fa82acba329bc3f8adf45c50615783b6cf6379c13800bd501cdc16a43127","73272cc69ebc72bc8c552bb940b4a3eb6590c783","Existing fallback retained; engineering/browser acceptance does not approve this copy; database override version is separately audited by publication CAS/history"
"CMS Membership","dimensions.support.copy","en","messages/en.json:Membership.dimensions.support.copy","WTIA policy owner / ExCo","OWNER_POLICY_OR_BRANDING_SIGNOFF_REQUIRED","32cb700c001de9c0cdbd70e50be8cfed3d6c38a3807b222c2c80fc3f96fcf032","73272cc69ebc72bc8c552bb940b4a3eb6590c783","Existing fallback retained; engineering/browser acceptance does not approve this copy; database override version is separately audited by publication CAS/history"
"CMS Membership","dimensions.support.copy","zh-HK","messages/zh-HK.json:Membership.dimensions.support.copy","WTIA policy owner / ExCo","OWNER_POLICY_OR_BRANDING_SIGNOFF_REQUIRED","83c464578ed23495bb378d755ab19b491d31a115abd6232828b6c0510bf10ae8","73272cc69ebc72bc8c552bb940b4a3eb6590c783","Existing fallback retained; engineering/browser acceptance does not approve this copy; database override version is separately audited by publication CAS/history"
"CMS Membership","dimensions.renewal.title","en","messages/en.json:Membership.dimensions.renewal.title","WTIA policy owner / ExCo","OWNER_POLICY_OR_BRANDING_SIGNOFF_REQUIRED","631585143c396e9c4af42db15d4476f7accae6568bd8a4d8269b5b971db63e36","73272cc69ebc72bc8c552bb940b4a3eb6590c783","Existing fallback retained; engineering/browser acceptance does not approve this copy; database override version is separately audited by publication CAS/history"
"CMS Membership","dimensions.renewal.title","zh-HK","messages/zh-HK.json:Membership.dimensions.renewal.title","WTIA policy owner / ExCo","OWNER_POLICY_OR_BRANDING_SIGNOFF_REQUIRED","f421833262e4e5bfa2ee410904d5d8a805e30c2efc980a138b821564fb224c4a","73272cc69ebc72bc8c552bb940b4a3eb6590c783","Existing fallback retained; engineering/browser acceptance does not approve this copy; database override version is separately audited by publication CAS/history"
"CMS Membership","dimensions.renewal.copy","en","messages/en.json:Membership.dimensions.renewal.copy","WTIA policy owner / ExCo","OWNER_POLICY_OR_BRANDING_SIGNOFF_REQUIRED","7453974ddbdd2ee0ac8b1090768f29ff4a506ac54d9b37a5cb7ec6ec9a8a9515","73272cc69ebc72bc8c552bb940b4a3eb6590c783","Existing fallback retained; engineering/browser acceptance does not approve this copy; database override version is separately audited by publication CAS/history"
"CMS Membership","dimensions.renewal.copy","zh-HK","messages/zh-HK.json:Membership.dimensions.renewal.copy","WTIA policy owner / ExCo","OWNER_POLICY_OR_BRANDING_SIGNOFF_REQUIRED","ecb9cd8da718b42868cc592c6b2d4ead6b1b0f70a47336d105f948762c300a92","73272cc69ebc72bc8c552bb940b4a3eb6590c783","Existing fallback retained; engineering/browser acceptance does not approve this copy; database override version is separately audited by publication CAS/history"
"CMS Membership","first90.eyebrow","en","messages/en.json:Membership.first90.eyebrow","WTIA policy owner / ExCo","OWNER_POLICY_OR_BRANDING_SIGNOFF_REQUIRED","20bc7b2368211c73d451f48307c3cbf614d8f900eb58754076533817ddd4e647","73272cc69ebc72bc8c552bb940b4a3eb6590c783","Existing fallback retained; engineering/browser acceptance does not approve this copy; database override version is separately audited by publication CAS/history"
"CMS Membership","first90.eyebrow","zh-HK","messages/zh-HK.json:Membership.first90.eyebrow","WTIA policy owner / ExCo","OWNER_POLICY_OR_BRANDING_SIGNOFF_REQUIRED","1857e4df83911127107a4d17c529b9eada39c69663db72c88f421f76cbf87855","73272cc69ebc72bc8c552bb940b4a3eb6590c783","Existing fallback retained; engineering/browser acceptance does not approve this copy; database override version is separately audited by publication CAS/history"
"CMS Membership","first90.heading","en","messages/en.json:Membership.first90.heading","WTIA policy owner / ExCo","OWNER_POLICY_OR_BRANDING_SIGNOFF_REQUIRED","271decb2b4c49ca101652a32eb6ab4d785b09ae3dc86a1e4d15f4ffe5dd0eb41","73272cc69ebc72bc8c552bb940b4a3eb6590c783","Existing fallback retained; engineering/browser acceptance does not approve this copy; database override version is separately audited by publication CAS/history"
"CMS Membership","first90.heading","zh-HK","messages/zh-HK.json:Membership.first90.heading","WTIA policy owner / ExCo","OWNER_POLICY_OR_BRANDING_SIGNOFF_REQUIRED","c4f77ca73072f7720a6abc75777251ff7a074f57a1af6d5b01c9ef98c18d57e7","73272cc69ebc72bc8c552bb940b4a3eb6590c783","Existing fallback retained; engineering/browser acceptance does not approve this copy; database override version is separately audited by publication CAS/history"
"CMS Membership","first90.steps.0.title","en","messages/en.json:Membership.first90.steps.0.title","WTIA policy owner / ExCo","OWNER_POLICY_OR_BRANDING_SIGNOFF_REQUIRED","295ca9336dc1935b209d140b0b4cdda1d61024372adfee6f4b746781972e4e83","73272cc69ebc72bc8c552bb940b4a3eb6590c783","Existing fallback retained; engineering/browser acceptance does not approve this copy; database override version is separately audited by publication CAS/history"
"CMS Membership","first90.steps.0.title","zh-HK","messages/zh-HK.json:Membership.first90.steps.0.title","WTIA policy owner / ExCo","OWNER_POLICY_OR_BRANDING_SIGNOFF_REQUIRED","dc43774794c60ecf70b5fea8f5ab883d808d5df1ebf0280d8367b3d41752e67c","73272cc69ebc72bc8c552bb940b4a3eb6590c783","Existing fallback retained; engineering/browser acceptance does not approve this copy; database override version is separately audited by publication CAS/history"
"CMS Membership","first90.steps.0.copy","en","messages/en.json:Membership.first90.steps.0.copy","WTIA policy owner / ExCo","OWNER_POLICY_OR_BRANDING_SIGNOFF_REQUIRED","6cbab2b3775bac3b0ff484c537eeadd49f613c91249e0f2a4d353b2a433c2935","73272cc69ebc72bc8c552bb940b4a3eb6590c783","Existing fallback retained; engineering/browser acceptance does not approve this copy; database override version is separately audited by publication CAS/history"
"CMS Membership","first90.steps.0.copy","zh-HK","messages/zh-HK.json:Membership.first90.steps.0.copy","WTIA policy owner / ExCo","OWNER_POLICY_OR_BRANDING_SIGNOFF_REQUIRED","13c66b041b0a281a9b1ebc209dd9d06aa7f1aa5039c8f176757ff7228482fa08","73272cc69ebc72bc8c552bb940b4a3eb6590c783","Existing fallback retained; engineering/browser acceptance does not approve this copy; database override version is separately audited by publication CAS/history"
"CMS Membership","first90.steps.1.title","en","messages/en.json:Membership.first90.steps.1.title","WTIA policy owner / ExCo","OWNER_POLICY_OR_BRANDING_SIGNOFF_REQUIRED","1f0d024c0adbf0e8d550321269ef76be4a78649544cb8836710d596f7a580cc5","73272cc69ebc72bc8c552bb940b4a3eb6590c783","Existing fallback retained; engineering/browser acceptance does not approve this copy; database override version is separately audited by publication CAS/history"
"CMS Membership","first90.steps.1.title","zh-HK","messages/zh-HK.json:Membership.first90.steps.1.title","WTIA policy owner / ExCo","OWNER_POLICY_OR_BRANDING_SIGNOFF_REQUIRED","9050df739495aa1553fbff2d9a6c163e2952ca976be41d5de57fd7a012a470e4","73272cc69ebc72bc8c552bb940b4a3eb6590c783","Existing fallback retained; engineering/browser acceptance does not approve this copy; database override version is separately audited by publication CAS/history"
"CMS Membership","first90.steps.1.copy","en","messages/en.json:Membership.first90.steps.1.copy","WTIA policy owner / ExCo","OWNER_POLICY_OR_BRANDING_SIGNOFF_REQUIRED","3edd39a7e3f092c59c10442f6e083955c2f8c4770e4c4bcca8d36767e10f8451","73272cc69ebc72bc8c552bb940b4a3eb6590c783","Existing fallback retained; engineering/browser acceptance does not approve this copy; database override version is separately audited by publication CAS/history"
"CMS Membership","first90.steps.1.copy","zh-HK","messages/zh-HK.json:Membership.first90.steps.1.copy","WTIA policy owner / ExCo","OWNER_POLICY_OR_BRANDING_SIGNOFF_REQUIRED","00bcc59543a5c0a37a6a44354ccd1e941c64f6164cdd36db3d3972abe6947f14","73272cc69ebc72bc8c552bb940b4a3eb6590c783","Existing fallback retained; engineering/browser acceptance does not approve this copy; database override version is separately audited by publication CAS/history"
"CMS Membership","first90.steps.2.title","en","messages/en.json:Membership.first90.steps.2.title","WTIA policy owner / ExCo","OWNER_POLICY_OR_BRANDING_SIGNOFF_REQUIRED","2ff16aabaa8830be0353a1bbb5b23b46747b84560f3ba25b101d0cabd9b621e1","73272cc69ebc72bc8c552bb940b4a3eb6590c783","Existing fallback retained; engineering/browser acceptance does not approve this copy; database override version is separately audited by publication CAS/history"
"CMS Membership","first90.steps.2.title","zh-HK","messages/zh-HK.json:Membership.first90.steps.2.title","WTIA policy owner / ExCo","OWNER_POLICY_OR_BRANDING_SIGNOFF_REQUIRED","b2cfacc3d514bf7997a24aeba3ed9fe02446ad445ed539f8e9c08b12209579b4","73272cc69ebc72bc8c552bb940b4a3eb6590c783","Existing fallback retained; engineering/browser acceptance does not approve this copy; database override version is separately audited by publication CAS/history"
"CMS Membership","first90.steps.2.copy","en","messages/en.json:Membership.first90.steps.2.copy","WTIA policy owner / ExCo","OWNER_POLICY_OR_BRANDING_SIGNOFF_REQUIRED","46809f213f3b36a09baeae20e55528c4803ab852c6c45ec5779ec6b607c495fe","73272cc69ebc72bc8c552bb940b4a3eb6590c783","Existing fallback retained; engineering/browser acceptance does not approve this copy; database override version is separately audited by publication CAS/history"
"CMS Membership","first90.steps.2.copy","zh-HK","messages/zh-HK.json:Membership.first90.steps.2.copy","WTIA policy owner / ExCo","OWNER_POLICY_OR_BRANDING_SIGNOFF_REQUIRED","5d2232c954a979dbe120dedef33f8b1e09b86bcb84c7f75632a4d5a5ece11ade","73272cc69ebc72bc8c552bb940b4a3eb6590c783","Existing fallback retained; engineering/browser acceptance does not approve this copy; database override version is separately audited by publication CAS/history"
"CMS Membership","first90.steps.3.title","en","messages/en.json:Membership.first90.steps.3.title","WTIA policy owner / ExCo","OWNER_POLICY_OR_BRANDING_SIGNOFF_REQUIRED","926d6b94ee10ec2a12bf7856c820c615b01573187629ce6ce1fc6972713b9a54","73272cc69ebc72bc8c552bb940b4a3eb6590c783","Existing fallback retained; engineering/browser acceptance does not approve this copy; database override version is separately audited by publication CAS/history"
"CMS Membership","first90.steps.3.title","zh-HK","messages/zh-HK.json:Membership.first90.steps.3.title","WTIA policy owner / ExCo","OWNER_POLICY_OR_BRANDING_SIGNOFF_REQUIRED","1bf5554264859b22468859cb3a50a22714fa66e160254534059a89fe218f7f0b","73272cc69ebc72bc8c552bb940b4a3eb6590c783","Existing fallback retained; engineering/browser acceptance does not approve this copy; database override version is separately audited by publication CAS/history"
"CMS Membership","first90.steps.3.copy","en","messages/en.json:Membership.first90.steps.3.copy","WTIA policy owner / ExCo","OWNER_POLICY_OR_BRANDING_SIGNOFF_REQUIRED","1fe7a8faebc306410bba238520542dbaa48c7985799456cf4d244c81055d7395","73272cc69ebc72bc8c552bb940b4a3eb6590c783","Existing fallback retained; engineering/browser acceptance does not approve this copy; database override version is separately audited by publication CAS/history"
"CMS Membership","first90.steps.3.copy","zh-HK","messages/zh-HK.json:Membership.first90.steps.3.copy","WTIA policy owner / ExCo","OWNER_POLICY_OR_BRANDING_SIGNOFF_REQUIRED","e3be68ecca0f32b60cfad985725fecb94b25c434e943fc84756c636fe174b4a7","73272cc69ebc72bc8c552bb940b4a3eb6590c783","Existing fallback retained; engineering/browser acceptance does not approve this copy; database override version is separately audited by publication CAS/history"
"CMS Membership","first90.steps.4.title","en","messages/en.json:Membership.first90.steps.4.title","WTIA policy owner / ExCo","OWNER_POLICY_OR_BRANDING_SIGNOFF_REQUIRED","552e425de43e12fc97c2b0ca14848411831b4f0018b5f3b3437403c4e4172ef2","73272cc69ebc72bc8c552bb940b4a3eb6590c783","Existing fallback retained; engineering/browser acceptance does not approve this copy; database override version is separately audited by publication CAS/history"
"CMS Membership","first90.steps.4.title","zh-HK","messages/zh-HK.json:Membership.first90.steps.4.title","WTIA policy owner / ExCo","OWNER_POLICY_OR_BRANDING_SIGNOFF_REQUIRED","ed3055e674608296d1c61a0f5bd645c3af350f02552b56e456dd1ba697ce3a04","73272cc69ebc72bc8c552bb940b4a3eb6590c783","Existing fallback retained; engineering/browser acceptance does not approve this copy; database override version is separately audited by publication CAS/history"
"CMS Membership","first90.steps.4.copy","en","messages/en.json:Membership.first90.steps.4.copy","WTIA policy owner / ExCo","OWNER_POLICY_OR_BRANDING_SIGNOFF_REQUIRED","cf49f99897a537fc0c54f3f15d8f92db7efb0afb6703c1a2819b874855c5e8f6","73272cc69ebc72bc8c552bb940b4a3eb6590c783","Existing fallback retained; engineering/browser acceptance does not approve this copy; database override version is separately audited by publication CAS/history"
"CMS Membership","first90.steps.4.copy","zh-HK","messages/zh-HK.json:Membership.first90.steps.4.copy","WTIA policy owner / ExCo","OWNER_POLICY_OR_BRANDING_SIGNOFF_REQUIRED","ea2db8227005e53ea7d07918560ae414efb6c6462235c24fe7d65259c1727f30","73272cc69ebc72bc8c552bb940b4a3eb6590c783","Existing fallback retained; engineering/browser acceptance does not approve this copy; database override version is separately audited by publication CAS/history"
"CMS Membership","closing.eyebrow","en","messages/en.json:Membership.closing.eyebrow","WTIA policy owner / ExCo","OWNER_POLICY_OR_BRANDING_SIGNOFF_REQUIRED","2e77521a59212122af0ed66cdddc46298b04f8356220fd71a4637cb54702ea41","73272cc69ebc72bc8c552bb940b4a3eb6590c783","Existing fallback retained; engineering/browser acceptance does not approve this copy; database override version is separately audited by publication CAS/history"
"CMS Membership","closing.eyebrow","zh-HK","messages/zh-HK.json:Membership.closing.eyebrow","WTIA policy owner / ExCo","OWNER_POLICY_OR_BRANDING_SIGNOFF_REQUIRED","1c22f8ed8620504763f0ec3b33705bf6673504e3a69e51cbf57ee0bb3fe93059","73272cc69ebc72bc8c552bb940b4a3eb6590c783","Existing fallback retained; engineering/browser acceptance does not approve this copy; database override version is separately audited by publication CAS/history"
"CMS Membership","closing.title","en","messages/en.json:Membership.closing.title","WTIA policy owner / ExCo","OWNER_POLICY_OR_BRANDING_SIGNOFF_REQUIRED","ab2beaf6922ae9e2d655ebbc292792e1a3b9acf4bb7e54a86c49b2ee92945993","73272cc69ebc72bc8c552bb940b4a3eb6590c783","Existing fallback retained; engineering/browser acceptance does not approve this copy; database override version is separately audited by publication CAS/history"
"CMS Membership","closing.title","zh-HK","messages/zh-HK.json:Membership.closing.title","WTIA policy owner / ExCo","OWNER_POLICY_OR_BRANDING_SIGNOFF_REQUIRED","9bffb4c1015f7cc13f2a717c0fec1ba9a012d2103262458a65e417c8a3a7b99d","73272cc69ebc72bc8c552bb940b4a3eb6590c783","Existing fallback retained; engineering/browser acceptance does not approve this copy; database override version is separately audited by publication CAS/history"
"CMS Membership","closing.copy","en","messages/en.json:Membership.closing.copy","WTIA policy owner / ExCo","OWNER_POLICY_OR_BRANDING_SIGNOFF_REQUIRED","be0add29c443f52ac28b56566a984a4abc84c5b1695044126c8b0cae6d6eb415","73272cc69ebc72bc8c552bb940b4a3eb6590c783","Existing fallback retained; engineering/browser acceptance does not approve this copy; database override version is separately audited by publication CAS/history"
"CMS Membership","closing.copy","zh-HK","messages/zh-HK.json:Membership.closing.copy","WTIA policy owner / ExCo","OWNER_POLICY_OR_BRANDING_SIGNOFF_REQUIRED","c0198c55990bfce97be25c2ab5d1be5d41dafacb4594e3f5a6e394992c8b1deb","73272cc69ebc72bc8c552bb940b4a3eb6590c783","Existing fallback retained; engineering/browser acceptance does not approve this copy; database override version is separately audited by publication CAS/history"
"CMS Membership","closing.join","en","messages/en.json:Membership.closing.join","WTIA policy owner / ExCo","OWNER_POLICY_OR_BRANDING_SIGNOFF_REQUIRED","d39b92731c4f2b7e402cd3d30fe190444f23396b5d07d869ea34fe32d7217564","73272cc69ebc72bc8c552bb940b4a3eb6590c783","Existing fallback retained; engineering/browser acceptance does not approve this copy; database override version is separately audited by publication CAS/history"
"CMS Membership","closing.join","zh-HK","messages/zh-HK.json:Membership.closing.join","WTIA policy owner / ExCo","OWNER_POLICY_OR_BRANDING_SIGNOFF_REQUIRED","1ebff87cd4492ea8815c241eb73148754df5e146cb032973250de4b113402647","73272cc69ebc72bc8c552bb940b4a3eb6590c783","Existing fallback retained; engineering/browser acceptance does not approve this copy; database override version is separately audited by publication CAS/history"
"CMS Membership","closing.contact","en","messages/en.json:Membership.closing.contact","WTIA policy owner / ExCo","OWNER_POLICY_OR_BRANDING_SIGNOFF_REQUIRED","fbfbf0df2a967ca3744aff4266cfb47d6a547463af0378db7c678ed85aa02fb3","73272cc69ebc72bc8c552bb940b4a3eb6590c783","Existing fallback retained; engineering/browser acceptance does not approve this copy; database override version is separately audited by publication CAS/history"
"CMS Membership","closing.contact","zh-HK","messages/zh-HK.json:Membership.closing.contact","WTIA policy owner / ExCo","OWNER_POLICY_OR_BRANDING_SIGNOFF_REQUIRED","77f539bade7ad89a0069866196dfbf8740b088fe860790525f8e0458a12bd898","73272cc69ebc72bc8c552bb940b4a3eb6590c783","Existing fallback retained; engineering/browser acceptance does not approve this copy; database override version is separately audited by publication CAS/history"
"CMS Privacy","metaTitle","en","messages/en.json:Privacy.metaTitle","WTIA policy owner / ExCo","OWNER_POLICY_OR_BRANDING_SIGNOFF_REQUIRED","d320467fabff22a743ca5c7fbb9bb662aee2b2ba22975087dd4a67ca4af81ec9","73272cc69ebc72bc8c552bb940b4a3eb6590c783","Existing fallback retained; engineering/browser acceptance does not approve this copy; database override version is separately audited by publication CAS/history"
"CMS Privacy","metaTitle","zh-HK","messages/zh-HK.json:Privacy.metaTitle","WTIA policy owner / ExCo","OWNER_POLICY_OR_BRANDING_SIGNOFF_REQUIRED","fd95e6cff5ed4ed9d845c6d68deb1eabb77b77f7e48339af6604bfc2739ad261","73272cc69ebc72bc8c552bb940b4a3eb6590c783","Existing fallback retained; engineering/browser acceptance does not approve this copy; database override version is separately audited by publication CAS/history"
"CMS Privacy","metaDescription","en","messages/en.json:Privacy.metaDescription","WTIA policy owner / ExCo","OWNER_POLICY_OR_BRANDING_SIGNOFF_REQUIRED","989bce1295decea5a3c9c6380c63b5c5b476a437323c0bb0258459ffb04a3237","73272cc69ebc72bc8c552bb940b4a3eb6590c783","Existing fallback retained; engineering/browser acceptance does not approve this copy; database override version is separately audited by publication CAS/history"
"CMS Privacy","metaDescription","zh-HK","messages/zh-HK.json:Privacy.metaDescription","WTIA policy owner / ExCo","OWNER_POLICY_OR_BRANDING_SIGNOFF_REQUIRED","4b2182db8fc12b60cf1d7cfe1f52846d976dc74151237b4688e7af75042678ce","73272cc69ebc72bc8c552bb940b4a3eb6590c783","Existing fallback retained; engineering/browser acceptance does not approve this copy; database override version is separately audited by publication CAS/history"
"CMS Privacy","eyebrow","en","messages/en.json:Privacy.eyebrow","WTIA policy owner / ExCo","OWNER_POLICY_OR_BRANDING_SIGNOFF_REQUIRED","d4e11841abf2259383dca74e04797cf8099c9d65a496163982bf885d337fdd88","73272cc69ebc72bc8c552bb940b4a3eb6590c783","Existing fallback retained; engineering/browser acceptance does not approve this copy; database override version is separately audited by publication CAS/history"
"CMS Privacy","eyebrow","zh-HK","messages/zh-HK.json:Privacy.eyebrow","WTIA policy owner / ExCo","OWNER_POLICY_OR_BRANDING_SIGNOFF_REQUIRED","2b866abbd6b15021ab6328ff7107863d538357422e2bd57c99a2775bab8a00df","73272cc69ebc72bc8c552bb940b4a3eb6590c783","Existing fallback retained; engineering/browser acceptance does not approve this copy; database override version is separately audited by publication CAS/history"
"CMS Privacy","title","en","messages/en.json:Privacy.title","WTIA policy owner / ExCo","OWNER_POLICY_OR_BRANDING_SIGNOFF_REQUIRED","3ddc06dfa0ec3c282a36800a9eaf8074cf09f7ba853dc127e506c2471e621a44","73272cc69ebc72bc8c552bb940b4a3eb6590c783","Existing fallback retained; engineering/browser acceptance does not approve this copy; database override version is separately audited by publication CAS/history"
"CMS Privacy","title","zh-HK","messages/zh-HK.json:Privacy.title","WTIA policy owner / ExCo","OWNER_POLICY_OR_BRANDING_SIGNOFF_REQUIRED","2d2a09d129b87403d556c01aef682fbbc9186b53cf7d4ae9bb3358cd9eb0474d","73272cc69ebc72bc8c552bb940b4a3eb6590c783","Existing fallback retained; engineering/browser acceptance does not approve this copy; database override version is separately audited by publication CAS/history"
"CMS Privacy","description","en","messages/en.json:Privacy.description","WTIA policy owner / ExCo","OWNER_POLICY_OR_BRANDING_SIGNOFF_REQUIRED","3c4cf2e7fee0d77c63e8180c778b46c3b9ab858fdfc12b12e541f9dd5d6e301a","73272cc69ebc72bc8c552bb940b4a3eb6590c783","Existing fallback retained; engineering/browser acceptance does not approve this copy; database override version is separately audited by publication CAS/history"
"CMS Privacy","description","zh-HK","messages/zh-HK.json:Privacy.description","WTIA policy owner / ExCo","OWNER_POLICY_OR_BRANDING_SIGNOFF_REQUIRED","c17ecd08af14ececcfe3c840315e55d0670781438a0e6254df847edb7153ff64","73272cc69ebc72bc8c552bb940b4a3eb6590c783","Existing fallback retained; engineering/browser acceptance does not approve this copy; database override version is separately audited by publication CAS/history"
"CMS Privacy","breadcrumbCurrent","en","messages/en.json:Privacy.breadcrumbCurrent","WTIA policy owner / ExCo","OWNER_POLICY_OR_BRANDING_SIGNOFF_REQUIRED","d4e11841abf2259383dca74e04797cf8099c9d65a496163982bf885d337fdd88","73272cc69ebc72bc8c552bb940b4a3eb6590c783","Existing fallback retained; engineering/browser acceptance does not approve this copy; database override version is separately audited by publication CAS/history"
"CMS Privacy","breadcrumbCurrent","zh-HK","messages/zh-HK.json:Privacy.breadcrumbCurrent","WTIA policy owner / ExCo","OWNER_POLICY_OR_BRANDING_SIGNOFF_REQUIRED","2b866abbd6b15021ab6328ff7107863d538357422e2bd57c99a2775bab8a00df","73272cc69ebc72bc8c552bb940b4a3eb6590c783","Existing fallback retained; engineering/browser acceptance does not approve this copy; database override version is separately audited by publication CAS/history"
"CMS Privacy","sections.0.heading","en","messages/en.json:Privacy.sections.0.heading","WTIA policy owner / ExCo","OWNER_POLICY_OR_BRANDING_SIGNOFF_REQUIRED","a461d11036a457dedbd991a197c8a5affc8d7de6bca136debd2c54c4ef0319a3","73272cc69ebc72bc8c552bb940b4a3eb6590c783","Existing fallback retained; engineering/browser acceptance does not approve this copy; database override version is separately audited by publication CAS/history"
"CMS Privacy","sections.0.heading","zh-HK","messages/zh-HK.json:Privacy.sections.0.heading","WTIA policy owner / ExCo","OWNER_POLICY_OR_BRANDING_SIGNOFF_REQUIRED","e03ce46bae27409318d8d7c46f0a49d5f0ae05ddacb9d9860b014e5608d12351","73272cc69ebc72bc8c552bb940b4a3eb6590c783","Existing fallback retained; engineering/browser acceptance does not approve this copy; database override version is separately audited by publication CAS/history"
"CMS Privacy","sections.0.body.0","en","messages/en.json:Privacy.sections.0.body.0","WTIA policy owner / ExCo","OWNER_POLICY_OR_BRANDING_SIGNOFF_REQUIRED","e825b0c2f8d533a340e4b7b0b1f6a2f1dab3fa6b0b2dbb8f3b42effe49349ec9","73272cc69ebc72bc8c552bb940b4a3eb6590c783","Existing fallback retained; engineering/browser acceptance does not approve this copy; database override version is separately audited by publication CAS/history"
"CMS Privacy","sections.0.body.0","zh-HK","messages/zh-HK.json:Privacy.sections.0.body.0","WTIA policy owner / ExCo","OWNER_POLICY_OR_BRANDING_SIGNOFF_REQUIRED","d64bd7377478b97974c594e5b631d1cd1267f6347c7cdbae8d054d7cc6812b4b","73272cc69ebc72bc8c552bb940b4a3eb6590c783","Existing fallback retained; engineering/browser acceptance does not approve this copy; database override version is separately audited by publication CAS/history"
"CMS Privacy","sections.0.body.1","en","messages/en.json:Privacy.sections.0.body.1","WTIA policy owner / ExCo","OWNER_POLICY_OR_BRANDING_SIGNOFF_REQUIRED","71c9906900d9385e5032e73172e9da7b7c0c4b9396e0e65fe4c90aa90961f628","73272cc69ebc72bc8c552bb940b4a3eb6590c783","Existing fallback retained; engineering/browser acceptance does not approve this copy; database override version is separately audited by publication CAS/history"
"CMS Privacy","sections.0.body.1","zh-HK","messages/zh-HK.json:Privacy.sections.0.body.1","WTIA policy owner / ExCo","OWNER_POLICY_OR_BRANDING_SIGNOFF_REQUIRED","9d01715b9f95d7d4ad00eec95a8223b5ee429231d48309c15c56a63ead1585d3","73272cc69ebc72bc8c552bb940b4a3eb6590c783","Existing fallback retained; engineering/browser acceptance does not approve this copy; database override version is separately audited by publication CAS/history"
"CMS Privacy","sections.1.heading","en","messages/en.json:Privacy.sections.1.heading","WTIA policy owner / ExCo","OWNER_POLICY_OR_BRANDING_SIGNOFF_REQUIRED","70f8c5b5edf0501b5ce84e16559f15214a87b7f7ef6e1d95dd2ddf9192e4c24e","73272cc69ebc72bc8c552bb940b4a3eb6590c783","Existing fallback retained; engineering/browser acceptance does not approve this copy; database override version is separately audited by publication CAS/history"
"CMS Privacy","sections.1.heading","zh-HK","messages/zh-HK.json:Privacy.sections.1.heading","WTIA policy owner / ExCo","OWNER_POLICY_OR_BRANDING_SIGNOFF_REQUIRED","9c69d15a31db32b4b3c23a6892b9e42c0f52d4e4d18b1e33f9e923f955c1bd94","73272cc69ebc72bc8c552bb940b4a3eb6590c783","Existing fallback retained; engineering/browser acceptance does not approve this copy; database override version is separately audited by publication CAS/history"
"CMS Privacy","sections.1.body.0","en","messages/en.json:Privacy.sections.1.body.0","WTIA policy owner / ExCo","OWNER_POLICY_OR_BRANDING_SIGNOFF_REQUIRED","846e51daeafc8770c432d3a077adc94500ce64f5aa7b852b0b1004beeca8dad2","73272cc69ebc72bc8c552bb940b4a3eb6590c783","Existing fallback retained; engineering/browser acceptance does not approve this copy; database override version is separately audited by publication CAS/history"
"CMS Privacy","sections.1.body.0","zh-HK","messages/zh-HK.json:Privacy.sections.1.body.0","WTIA policy owner / ExCo","OWNER_POLICY_OR_BRANDING_SIGNOFF_REQUIRED","7def0e3a146d2696a32dbe0109efbfc5d5f9029db53468cd5f295ce21c6dee8f","73272cc69ebc72bc8c552bb940b4a3eb6590c783","Existing fallback retained; engineering/browser acceptance does not approve this copy; database override version is separately audited by publication CAS/history"
"CMS Privacy","sections.1.items.0","en","messages/en.json:Privacy.sections.1.items.0","WTIA policy owner / ExCo","OWNER_POLICY_OR_BRANDING_SIGNOFF_REQUIRED","592e4363c5b449b2afbeec76ce8647e6f984a22916a32812d817f95e45355519","73272cc69ebc72bc8c552bb940b4a3eb6590c783","Existing fallback retained; engineering/browser acceptance does not approve this copy; database override version is separately audited by publication CAS/history"
"CMS Privacy","sections.1.items.0","zh-HK","messages/zh-HK.json:Privacy.sections.1.items.0","WTIA policy owner / ExCo","OWNER_POLICY_OR_BRANDING_SIGNOFF_REQUIRED","e052bbf7d80c5631e81ec7998395b4dae58d9d3c101a590669843968b727de09","73272cc69ebc72bc8c552bb940b4a3eb6590c783","Existing fallback retained; engineering/browser acceptance does not approve this copy; database override version is separately audited by publication CAS/history"
"CMS Privacy","sections.1.items.1","en","messages/en.json:Privacy.sections.1.items.1","WTIA policy owner / ExCo","OWNER_POLICY_OR_BRANDING_SIGNOFF_REQUIRED","72a0cfe682b71ce4491e3df7a2b39b7edb06648b4cc9853d974a6b911d2bb402","73272cc69ebc72bc8c552bb940b4a3eb6590c783","Existing fallback retained; engineering/browser acceptance does not approve this copy; database override version is separately audited by publication CAS/history"
"CMS Privacy","sections.1.items.1","zh-HK","messages/zh-HK.json:Privacy.sections.1.items.1","WTIA policy owner / ExCo","OWNER_POLICY_OR_BRANDING_SIGNOFF_REQUIRED","55ad8214f989470fec7ed62b0d9d86458ddbbe06c750913210668185d654188f","73272cc69ebc72bc8c552bb940b4a3eb6590c783","Existing fallback retained; engineering/browser acceptance does not approve this copy; database override version is separately audited by publication CAS/history"
"CMS Privacy","sections.1.items.2","en","messages/en.json:Privacy.sections.1.items.2","WTIA policy owner / ExCo","OWNER_POLICY_OR_BRANDING_SIGNOFF_REQUIRED","90f4a6c62671b508095ac0cc24c6030cbfa27cdfa636f5bdf8c524748935324e","73272cc69ebc72bc8c552bb940b4a3eb6590c783","Existing fallback retained; engineering/browser acceptance does not approve this copy; database override version is separately audited by publication CAS/history"
"CMS Privacy","sections.1.items.2","zh-HK","messages/zh-HK.json:Privacy.sections.1.items.2","WTIA policy owner / ExCo","OWNER_POLICY_OR_BRANDING_SIGNOFF_REQUIRED","5e0afda87f04086cb6d900423453e7264d4fd0e4991d7a174c68f90b8c48682c","73272cc69ebc72bc8c552bb940b4a3eb6590c783","Existing fallback retained; engineering/browser acceptance does not approve this copy; database override version is separately audited by publication CAS/history"
"CMS Privacy","sections.1.items.3","en","messages/en.json:Privacy.sections.1.items.3","WTIA policy owner / ExCo","OWNER_POLICY_OR_BRANDING_SIGNOFF_REQUIRED","0ef4e925081b166077bfbe0ad1136870974ef3755a67c19b1bb4e003507babea","73272cc69ebc72bc8c552bb940b4a3eb6590c783","Existing fallback retained; engineering/browser acceptance does not approve this copy; database override version is separately audited by publication CAS/history"
"CMS Privacy","sections.1.items.3","zh-HK","messages/zh-HK.json:Privacy.sections.1.items.3","WTIA policy owner / ExCo","OWNER_POLICY_OR_BRANDING_SIGNOFF_REQUIRED","ff40e68413aaefacc4a63d33d2141fa268ac4477eacd2b7d1a759dc815c32122","73272cc69ebc72bc8c552bb940b4a3eb6590c783","Existing fallback retained; engineering/browser acceptance does not approve this copy; database override version is separately audited by publication CAS/history"
"CMS Privacy","sections.1.items.4","en","messages/en.json:Privacy.sections.1.items.4","WTIA policy owner / ExCo","OWNER_POLICY_OR_BRANDING_SIGNOFF_REQUIRED","922724e52eb06e3c6f82e3ac018b1d0e4a7e98589fabd706742c44aea76f17d1","73272cc69ebc72bc8c552bb940b4a3eb6590c783","Existing fallback retained; engineering/browser acceptance does not approve this copy; database override version is separately audited by publication CAS/history"
"CMS Privacy","sections.1.items.4","zh-HK","messages/zh-HK.json:Privacy.sections.1.items.4","WTIA policy owner / ExCo","OWNER_POLICY_OR_BRANDING_SIGNOFF_REQUIRED","10320d0e0865a10e65114d340fcf365ce52944bac8d0cde3d35f4635c54c27a1","73272cc69ebc72bc8c552bb940b4a3eb6590c783","Existing fallback retained; engineering/browser acceptance does not approve this copy; database override version is separately audited by publication CAS/history"
"CMS Privacy","sections.2.heading","en","messages/en.json:Privacy.sections.2.heading","WTIA policy owner / ExCo","OWNER_POLICY_OR_BRANDING_SIGNOFF_REQUIRED","26ca65459ef66c5c639288070240f1b2f7dbc257d2c0bbe99864f2ea17153a1e","73272cc69ebc72bc8c552bb940b4a3eb6590c783","Existing fallback retained; engineering/browser acceptance does not approve this copy; database override version is separately audited by publication CAS/history"
"CMS Privacy","sections.2.heading","zh-HK","messages/zh-HK.json:Privacy.sections.2.heading","WTIA policy owner / ExCo","OWNER_POLICY_OR_BRANDING_SIGNOFF_REQUIRED","97deffee70e5270e0258f8ed7933c09706ba0c433e50fd0d26b606d0e576b27b","73272cc69ebc72bc8c552bb940b4a3eb6590c783","Existing fallback retained; engineering/browser acceptance does not approve this copy; database override version is separately audited by publication CAS/history"
"CMS Privacy","sections.2.items.0","en","messages/en.json:Privacy.sections.2.items.0","WTIA policy owner / ExCo","OWNER_POLICY_OR_BRANDING_SIGNOFF_REQUIRED","5c48b14337f420a7714bfc4ed56ee3c1ec6e37c49b4961e57e69398630e7320d","73272cc69ebc72bc8c552bb940b4a3eb6590c783","Existing fallback retained; engineering/browser acceptance does not approve this copy; database override version is separately audited by publication CAS/history"
"CMS Privacy","sections.2.items.0","zh-HK","messages/zh-HK.json:Privacy.sections.2.items.0","WTIA policy owner / ExCo","OWNER_POLICY_OR_BRANDING_SIGNOFF_REQUIRED","03963ab4b135f237c6cbd55e25d1e0fa515e1568995730d0c65208e60445f88c","73272cc69ebc72bc8c552bb940b4a3eb6590c783","Existing fallback retained; engineering/browser acceptance does not approve this copy; database override version is separately audited by publication CAS/history"
"CMS Privacy","sections.2.items.1","en","messages/en.json:Privacy.sections.2.items.1","WTIA policy owner / ExCo","OWNER_POLICY_OR_BRANDING_SIGNOFF_REQUIRED","2c0f57d73bd8b76897b9b1ec226b84bbcec7a4e5e0b987d86a5eb64c38937f88","73272cc69ebc72bc8c552bb940b4a3eb6590c783","Existing fallback retained; engineering/browser acceptance does not approve this copy; database override version is separately audited by publication CAS/history"
"CMS Privacy","sections.2.items.1","zh-HK","messages/zh-HK.json:Privacy.sections.2.items.1","WTIA policy owner / ExCo","OWNER_POLICY_OR_BRANDING_SIGNOFF_REQUIRED","823e971f9d108b84fb647ad934f6e737d12d196c30cce5a055c4eef4cb4556fd","73272cc69ebc72bc8c552bb940b4a3eb6590c783","Existing fallback retained; engineering/browser acceptance does not approve this copy; database override version is separately audited by publication CAS/history"
"CMS Privacy","sections.2.items.2","en","messages/en.json:Privacy.sections.2.items.2","WTIA policy owner / ExCo","OWNER_POLICY_OR_BRANDING_SIGNOFF_REQUIRED","8a650b81a5ffc24d97585984b10f7518be5c5072af0aebf1b4e4726d3b823a70","73272cc69ebc72bc8c552bb940b4a3eb6590c783","Existing fallback retained; engineering/browser acceptance does not approve this copy; database override version is separately audited by publication CAS/history"
"CMS Privacy","sections.2.items.2","zh-HK","messages/zh-HK.json:Privacy.sections.2.items.2","WTIA policy owner / ExCo","OWNER_POLICY_OR_BRANDING_SIGNOFF_REQUIRED","598951cbfde1093971f270afe651346bded5bba0ef98790719a12f816d63f944","73272cc69ebc72bc8c552bb940b4a3eb6590c783","Existing fallback retained; engineering/browser acceptance does not approve this copy; database override version is separately audited by publication CAS/history"
"CMS Privacy","sections.3.heading","en","messages/en.json:Privacy.sections.3.heading","WTIA policy owner / ExCo","OWNER_POLICY_OR_BRANDING_SIGNOFF_REQUIRED","f24534b9031c6751d6a951242661c3dbcb93595430acc7d4aef2ef5e9670a6b2","73272cc69ebc72bc8c552bb940b4a3eb6590c783","Existing fallback retained; engineering/browser acceptance does not approve this copy; database override version is separately audited by publication CAS/history"
"CMS Privacy","sections.3.heading","zh-HK","messages/zh-HK.json:Privacy.sections.3.heading","WTIA policy owner / ExCo","OWNER_POLICY_OR_BRANDING_SIGNOFF_REQUIRED","dea12a75aa8bed9164def231acc44f7b12a1b01abb00af6cd85650efaf9a93ef","73272cc69ebc72bc8c552bb940b4a3eb6590c783","Existing fallback retained; engineering/browser acceptance does not approve this copy; database override version is separately audited by publication CAS/history"
"CMS Privacy","sections.3.body.0","en","messages/en.json:Privacy.sections.3.body.0","WTIA policy owner / ExCo","OWNER_POLICY_OR_BRANDING_SIGNOFF_REQUIRED","c97399f12cc43bf86cd6460d892969fcdd03ca19f41f32397d0438013fe147d8","73272cc69ebc72bc8c552bb940b4a3eb6590c783","Existing fallback retained; engineering/browser acceptance does not approve this copy; database override version is separately audited by publication CAS/history"
"CMS Privacy","sections.3.body.0","zh-HK","messages/zh-HK.json:Privacy.sections.3.body.0","WTIA policy owner / ExCo","OWNER_POLICY_OR_BRANDING_SIGNOFF_REQUIRED","9fcf0236f688d799c24d2a2b3ace9a91a22b36e4cbb3a2894a96d420dfe69e36","73272cc69ebc72bc8c552bb940b4a3eb6590c783","Existing fallback retained; engineering/browser acceptance does not approve this copy; database override version is separately audited by publication CAS/history"
"CMS Privacy","sections.4.heading","en","messages/en.json:Privacy.sections.4.heading","WTIA policy owner / ExCo","OWNER_POLICY_OR_BRANDING_SIGNOFF_REQUIRED","6b075d82dd81285dab90105e6565d0e9c75ed5dc47813b2cc7f3ac499811c417","73272cc69ebc72bc8c552bb940b4a3eb6590c783","Existing fallback retained; engineering/browser acceptance does not approve this copy; database override version is separately audited by publication CAS/history"
"CMS Privacy","sections.4.heading","zh-HK","messages/zh-HK.json:Privacy.sections.4.heading","WTIA policy owner / ExCo","OWNER_POLICY_OR_BRANDING_SIGNOFF_REQUIRED","38565cd652a27681a221e5f3f3a681bc63c2ed6ed5db0ab7b7dc74dcd3d6df1b","73272cc69ebc72bc8c552bb940b4a3eb6590c783","Existing fallback retained; engineering/browser acceptance does not approve this copy; database override version is separately audited by publication CAS/history"
"CMS Privacy","sections.4.body.0","en","messages/en.json:Privacy.sections.4.body.0","WTIA policy owner / ExCo","OWNER_POLICY_OR_BRANDING_SIGNOFF_REQUIRED","53b8eaf11e4df7970d1e9df98c820b7df9d801b2f8444d024cea7829d00beb08","73272cc69ebc72bc8c552bb940b4a3eb6590c783","Existing fallback retained; engineering/browser acceptance does not approve this copy; database override version is separately audited by publication CAS/history"
"CMS Privacy","sections.4.body.0","zh-HK","messages/zh-HK.json:Privacy.sections.4.body.0","WTIA policy owner / ExCo","OWNER_POLICY_OR_BRANDING_SIGNOFF_REQUIRED","5f43f45bf5fb47434ac113bf4dd1a4084ac800c4c37b9d2ef281763c16509ab9","73272cc69ebc72bc8c552bb940b4a3eb6590c783","Existing fallback retained; engineering/browser acceptance does not approve this copy; database override version is separately audited by publication CAS/history"
"CMS Privacy","sections.4.body.1","en","messages/en.json:Privacy.sections.4.body.1","WTIA policy owner / ExCo","OWNER_POLICY_OR_BRANDING_SIGNOFF_REQUIRED","c81d1a46854c5dc0898e907fd74bdb50c56e56dad6971c69ed6e407d76b2f4d3","73272cc69ebc72bc8c552bb940b4a3eb6590c783","Existing fallback retained; engineering/browser acceptance does not approve this copy; database override version is separately audited by publication CAS/history"
"CMS Privacy","sections.4.body.1","zh-HK","messages/zh-HK.json:Privacy.sections.4.body.1","WTIA policy owner / ExCo","OWNER_POLICY_OR_BRANDING_SIGNOFF_REQUIRED","64fe041a28aa327d2db366708b021bfa39b53283d33216e894d13c272b4f2fbc","73272cc69ebc72bc8c552bb940b4a3eb6590c783","Existing fallback retained; engineering/browser acceptance does not approve this copy; database override version is separately audited by publication CAS/history"
"CMS Privacy","sections.5.heading","en","messages/en.json:Privacy.sections.5.heading","WTIA policy owner / ExCo","OWNER_POLICY_OR_BRANDING_SIGNOFF_REQUIRED","78c1f089ed76ad3418af301dc8910d90de24bc5b3cc57738d6524683ae5dd903","73272cc69ebc72bc8c552bb940b4a3eb6590c783","Existing fallback retained; engineering/browser acceptance does not approve this copy; database override version is separately audited by publication CAS/history"
"CMS Privacy","sections.5.heading","zh-HK","messages/zh-HK.json:Privacy.sections.5.heading","WTIA policy owner / ExCo","OWNER_POLICY_OR_BRANDING_SIGNOFF_REQUIRED","35637f8d431101cc104541a7aef3c781ec6e05be89a8ecfe82aad038cb3580a6","73272cc69ebc72bc8c552bb940b4a3eb6590c783","Existing fallback retained; engineering/browser acceptance does not approve this copy; database override version is separately audited by publication CAS/history"
"CMS Privacy","sections.5.body.0","en","messages/en.json:Privacy.sections.5.body.0","WTIA policy owner / ExCo","OWNER_POLICY_OR_BRANDING_SIGNOFF_REQUIRED","ab9b09dedb5c95d96725b490b060ccb9fbb769d6a9d6d1facb744cb83b91c5ba","73272cc69ebc72bc8c552bb940b4a3eb6590c783","Existing fallback retained; engineering/browser acceptance does not approve this copy; database override version is separately audited by publication CAS/history"
"CMS Privacy","sections.5.body.0","zh-HK","messages/zh-HK.json:Privacy.sections.5.body.0","WTIA policy owner / ExCo","OWNER_POLICY_OR_BRANDING_SIGNOFF_REQUIRED","184ee88f86dfded63358cc95df6796c8cec18b1ed881766998efedad68819ef2","73272cc69ebc72bc8c552bb940b4a3eb6590c783","Existing fallback retained; engineering/browser acceptance does not approve this copy; database override version is separately audited by publication CAS/history"
"CMS Privacy","sections.5.body.1","en","messages/en.json:Privacy.sections.5.body.1","WTIA policy owner / ExCo","OWNER_POLICY_OR_BRANDING_SIGNOFF_REQUIRED","f61624aeb3b12d9f619b834a500e93525cacc5c3a328393516765620cc48eeef","73272cc69ebc72bc8c552bb940b4a3eb6590c783","Existing fallback retained; engineering/browser acceptance does not approve this copy; database override version is separately audited by publication CAS/history"
"CMS Privacy","sections.5.body.1","zh-HK","messages/zh-HK.json:Privacy.sections.5.body.1","WTIA policy owner / ExCo","OWNER_POLICY_OR_BRANDING_SIGNOFF_REQUIRED","9d50efbd09544e33e8c549357c0a05cc79ead4bec66fe370d2d75750c3c83079","73272cc69ebc72bc8c552bb940b4a3eb6590c783","Existing fallback retained; engineering/browser acceptance does not approve this copy; database override version is separately audited by publication CAS/history"
"CMS Privacy","sections.6.heading","en","messages/en.json:Privacy.sections.6.heading","WTIA policy owner / ExCo","OWNER_POLICY_OR_BRANDING_SIGNOFF_REQUIRED","13b2363244d450c77edddc1b80a3bf944fb9e7c75790ae680cf35655db02225c","73272cc69ebc72bc8c552bb940b4a3eb6590c783","Existing fallback retained; engineering/browser acceptance does not approve this copy; database override version is separately audited by publication CAS/history"
"CMS Privacy","sections.6.heading","zh-HK","messages/zh-HK.json:Privacy.sections.6.heading","WTIA policy owner / ExCo","OWNER_POLICY_OR_BRANDING_SIGNOFF_REQUIRED","706548fdc7dd7a3f47085966196f04c7a06d55d756b7a76ee167c913aacc7497","73272cc69ebc72bc8c552bb940b4a3eb6590c783","Existing fallback retained; engineering/browser acceptance does not approve this copy; database override version is separately audited by publication CAS/history"
"CMS Privacy","sections.6.body.0","en","messages/en.json:Privacy.sections.6.body.0","WTIA policy owner / ExCo","OWNER_POLICY_OR_BRANDING_SIGNOFF_REQUIRED","24a18469d92def448e24ea7733f80bd09304d2aa3f73fc15868c4fbb150cf1d3","73272cc69ebc72bc8c552bb940b4a3eb6590c783","Existing fallback retained; engineering/browser acceptance does not approve this copy; database override version is separately audited by publication CAS/history"
"CMS Privacy","sections.6.body.0","zh-HK","messages/zh-HK.json:Privacy.sections.6.body.0","WTIA policy owner / ExCo","OWNER_POLICY_OR_BRANDING_SIGNOFF_REQUIRED","39ea1071de7ea833303e61bb5913a0da8b44f0c7c5e904e58a861d96268eb505","73272cc69ebc72bc8c552bb940b4a3eb6590c783","Existing fallback retained; engineering/browser acceptance does not approve this copy; database override version is separately audited by publication CAS/history"
"CMS Privacy","sections.7.heading","en","messages/en.json:Privacy.sections.7.heading","WTIA policy owner / ExCo","OWNER_POLICY_OR_BRANDING_SIGNOFF_REQUIRED","184a0d31c4da9c5f854aeb85fabf2ccc5053736ffea8eaa9207b4ecf8ef6ae85","73272cc69ebc72bc8c552bb940b4a3eb6590c783","Existing fallback retained; engineering/browser acceptance does not approve this copy; database override version is separately audited by publication CAS/history"
"CMS Privacy","sections.7.heading","zh-HK","messages/zh-HK.json:Privacy.sections.7.heading","WTIA policy owner / ExCo","OWNER_POLICY_OR_BRANDING_SIGNOFF_REQUIRED","32ce97840f635cc559fb495f9fd86a1f01ae0643711787f0044bafd710b502f2","73272cc69ebc72bc8c552bb940b4a3eb6590c783","Existing fallback retained; engineering/browser acceptance does not approve this copy; database override version is separately audited by publication CAS/history"
"CMS Privacy","sections.7.items.0","en","messages/en.json:Privacy.sections.7.items.0","WTIA policy owner / ExCo","OWNER_POLICY_OR_BRANDING_SIGNOFF_REQUIRED","b523637873e9909320f5fc3ff5c289247df492f5d10331f0a03a37dcbe36c53a","73272cc69ebc72bc8c552bb940b4a3eb6590c783","Existing fallback retained; engineering/browser acceptance does not approve this copy; database override version is separately audited by publication CAS/history"
"CMS Privacy","sections.7.items.0","zh-HK","messages/zh-HK.json:Privacy.sections.7.items.0","WTIA policy owner / ExCo","OWNER_POLICY_OR_BRANDING_SIGNOFF_REQUIRED","e5175dbabd9af488483ac080a970b3764e3310807fb2b8c4f259fbadb4268899","73272cc69ebc72bc8c552bb940b4a3eb6590c783","Existing fallback retained; engineering/browser acceptance does not approve this copy; database override version is separately audited by publication CAS/history"
"CMS Privacy","sections.7.items.1","en","messages/en.json:Privacy.sections.7.items.1","WTIA policy owner / ExCo","OWNER_POLICY_OR_BRANDING_SIGNOFF_REQUIRED","804c6787209488ffbf870e5ce774695359179a05efb2fe9b41100a8fb0a50165","73272cc69ebc72bc8c552bb940b4a3eb6590c783","Existing fallback retained; engineering/browser acceptance does not approve this copy; database override version is separately audited by publication CAS/history"
"CMS Privacy","sections.7.items.1","zh-HK","messages/zh-HK.json:Privacy.sections.7.items.1","WTIA policy owner / ExCo","OWNER_POLICY_OR_BRANDING_SIGNOFF_REQUIRED","4f9141a3c31d5367741b70a570d2712140d508bb69b704ab3609b1f0a6ac6473","73272cc69ebc72bc8c552bb940b4a3eb6590c783","Existing fallback retained; engineering/browser acceptance does not approve this copy; database override version is separately audited by publication CAS/history"
"CMS Privacy","sections.7.items.2","en","messages/en.json:Privacy.sections.7.items.2","WTIA policy owner / ExCo","OWNER_POLICY_OR_BRANDING_SIGNOFF_REQUIRED","b16c0e7b033abdc6a8db04894c7f50725955ed5d6f925d7f1650fa72952e3a44","73272cc69ebc72bc8c552bb940b4a3eb6590c783","Existing fallback retained; engineering/browser acceptance does not approve this copy; database override version is separately audited by publication CAS/history"
"CMS Privacy","sections.7.items.2","zh-HK","messages/zh-HK.json:Privacy.sections.7.items.2","WTIA policy owner / ExCo","OWNER_POLICY_OR_BRANDING_SIGNOFF_REQUIRED","7f71d3cd10ff6746747e07cac2f1c59d7ac631aae89efd355a6ce1a6c32ab9b7","73272cc69ebc72bc8c552bb940b4a3eb6590c783","Existing fallback retained; engineering/browser acceptance does not approve this copy; database override version is separately audited by publication CAS/history"
"CMS Privacy","sections.7.items.3","en","messages/en.json:Privacy.sections.7.items.3","WTIA policy owner / ExCo","OWNER_POLICY_OR_BRANDING_SIGNOFF_REQUIRED","bea685e84a8ac7fb388dcf0f06c60b81e08fa661342008f49ac237a8d08d6518","73272cc69ebc72bc8c552bb940b4a3eb6590c783","Existing fallback retained; engineering/browser acceptance does not approve this copy; database override version is separately audited by publication CAS/history"
"CMS Privacy","sections.7.items.3","zh-HK","messages/zh-HK.json:Privacy.sections.7.items.3","WTIA policy owner / ExCo","OWNER_POLICY_OR_BRANDING_SIGNOFF_REQUIRED","ff14f4288a965220c7b2772a52a09d401ea56b0306b6ad9a35e1b2e1496d3075","73272cc69ebc72bc8c552bb940b4a3eb6590c783","Existing fallback retained; engineering/browser acceptance does not approve this copy; database override version is separately audited by publication CAS/history"
"CMS Privacy","sections.7.items.4","en","messages/en.json:Privacy.sections.7.items.4","WTIA policy owner / ExCo","OWNER_POLICY_OR_BRANDING_SIGNOFF_REQUIRED","675b56080aa9e5d04cbff14d1f0166bc587d7a07cce687cdf0fce7dc41b41450","73272cc69ebc72bc8c552bb940b4a3eb6590c783","Existing fallback retained; engineering/browser acceptance does not approve this copy; database override version is separately audited by publication CAS/history"
"CMS Privacy","sections.7.items.4","zh-HK","messages/zh-HK.json:Privacy.sections.7.items.4","WTIA policy owner / ExCo","OWNER_POLICY_OR_BRANDING_SIGNOFF_REQUIRED","da440283613b8590822198a3b48691b64d7719ae7fc48af1de0284b44c9bf6fe","73272cc69ebc72bc8c552bb940b4a3eb6590c783","Existing fallback retained; engineering/browser acceptance does not approve this copy; database override version is separately audited by publication CAS/history"
"CMS Privacy","sections.8.heading","en","messages/en.json:Privacy.sections.8.heading","WTIA policy owner / ExCo","OWNER_POLICY_OR_BRANDING_SIGNOFF_REQUIRED","d05aa291c83d26d783daee9719c8904a7eb0537f3bdf714f400c82fcca3ed3ee","73272cc69ebc72bc8c552bb940b4a3eb6590c783","Existing fallback retained; engineering/browser acceptance does not approve this copy; database override version is separately audited by publication CAS/history"
"CMS Privacy","sections.8.heading","zh-HK","messages/zh-HK.json:Privacy.sections.8.heading","WTIA policy owner / ExCo","OWNER_POLICY_OR_BRANDING_SIGNOFF_REQUIRED","b82a3820a0fda4361dd0fb6d12659509a7f10cb13b36900391039f5da45eaf75","73272cc69ebc72bc8c552bb940b4a3eb6590c783","Existing fallback retained; engineering/browser acceptance does not approve this copy; database override version is separately audited by publication CAS/history"
"CMS Privacy","sections.8.body.0","en","messages/en.json:Privacy.sections.8.body.0","WTIA policy owner / ExCo","OWNER_POLICY_OR_BRANDING_SIGNOFF_REQUIRED","8cf62ac1026fc0c2a331875546563e63acb29bbf2523212baa75136b52778125","73272cc69ebc72bc8c552bb940b4a3eb6590c783","Existing fallback retained; engineering/browser acceptance does not approve this copy; database override version is separately audited by publication CAS/history"
"CMS Privacy","sections.8.body.0","zh-HK","messages/zh-HK.json:Privacy.sections.8.body.0","WTIA policy owner / ExCo","OWNER_POLICY_OR_BRANDING_SIGNOFF_REQUIRED","9f8c265252278000a4ccb1c1cd7e4092e83992194ba2a68dd7564a92e77ae32a","73272cc69ebc72bc8c552bb940b4a3eb6590c783","Existing fallback retained; engineering/browser acceptance does not approve this copy; database override version is separately audited by publication CAS/history"
"CMS Privacy","sections.8.items.0","en","messages/en.json:Privacy.sections.8.items.0","WTIA policy owner / ExCo","OWNER_POLICY_OR_BRANDING_SIGNOFF_REQUIRED","237017d0ac9252e32594c43d36a8e0b568b165af4b7906a3aa06d97b27af20b9","73272cc69ebc72bc8c552bb940b4a3eb6590c783","Existing fallback retained; engineering/browser acceptance does not approve this copy; database override version is separately audited by publication CAS/history"
"CMS Privacy","sections.8.items.0","zh-HK","messages/zh-HK.json:Privacy.sections.8.items.0","WTIA policy owner / ExCo","OWNER_POLICY_OR_BRANDING_SIGNOFF_REQUIRED","a12a88f0e5f11ccef92a0fd776af628f8832a4e6ad26ed61437f6bd19c1c4d6c","73272cc69ebc72bc8c552bb940b4a3eb6590c783","Existing fallback retained; engineering/browser acceptance does not approve this copy; database override version is separately audited by publication CAS/history"
"CMS Privacy","sections.8.items.1","en","messages/en.json:Privacy.sections.8.items.1","WTIA policy owner / ExCo","OWNER_POLICY_OR_BRANDING_SIGNOFF_REQUIRED","953492cc609c77800c4a863e59137bd64014fdeaeb0175c8e581cf1065ed177c","73272cc69ebc72bc8c552bb940b4a3eb6590c783","Existing fallback retained; engineering/browser acceptance does not approve this copy; database override version is separately audited by publication CAS/history"
"CMS Privacy","sections.8.items.1","zh-HK","messages/zh-HK.json:Privacy.sections.8.items.1","WTIA policy owner / ExCo","OWNER_POLICY_OR_BRANDING_SIGNOFF_REQUIRED","ae99cf9918a986f450b686b0c899b801e9cc18e9b8308f4d106cab081f81ddeb","73272cc69ebc72bc8c552bb940b4a3eb6590c783","Existing fallback retained; engineering/browser acceptance does not approve this copy; database override version is separately audited by publication CAS/history"
"CMS Privacy","sections.8.items.2","en","messages/en.json:Privacy.sections.8.items.2","WTIA policy owner / ExCo","OWNER_POLICY_OR_BRANDING_SIGNOFF_REQUIRED","15f9346a364b8e5e979471fa7d0de4abc5b64eb50688a45bdb1cf01b7fcf29d6","73272cc69ebc72bc8c552bb940b4a3eb6590c783","Existing fallback retained; engineering/browser acceptance does not approve this copy; database override version is separately audited by publication CAS/history"
"CMS Privacy","sections.8.items.2","zh-HK","messages/zh-HK.json:Privacy.sections.8.items.2","WTIA policy owner / ExCo","OWNER_POLICY_OR_BRANDING_SIGNOFF_REQUIRED","0df42c8ac3325435508fec5e35817fe211bf09146d7c8ea7bdf54411ef13009c","73272cc69ebc72bc8c552bb940b4a3eb6590c783","Existing fallback retained; engineering/browser acceptance does not approve this copy; database override version is separately audited by publication CAS/history"
"CMS Privacy","sections.8.items.3","en","messages/en.json:Privacy.sections.8.items.3","WTIA policy owner / ExCo","OWNER_POLICY_OR_BRANDING_SIGNOFF_REQUIRED","37f34238d69a1dc184239fbdf36d47b7ac34f5cc85fa19a2cb29cd0c45769b75","73272cc69ebc72bc8c552bb940b4a3eb6590c783","Existing fallback retained; engineering/browser acceptance does not approve this copy; database override version is separately audited by publication CAS/history"
"CMS Privacy","sections.8.items.3","zh-HK","messages/zh-HK.json:Privacy.sections.8.items.3","WTIA policy owner / ExCo","OWNER_POLICY_OR_BRANDING_SIGNOFF_REQUIRED","e0970b71720c502adf56e60016ee75f677644975a8a42b8295eee82db773bc29","73272cc69ebc72bc8c552bb940b4a3eb6590c783","Existing fallback retained; engineering/browser acceptance does not approve this copy; database override version is separately audited by publication CAS/history"
"CMS Privacy","sections.8.items.4","en","messages/en.json:Privacy.sections.8.items.4","WTIA policy owner / ExCo","OWNER_POLICY_OR_BRANDING_SIGNOFF_REQUIRED","1c4d535b7ffa4e2e3af6f62630c694ea5145b364d98f98dc9c2f8588f44a4534","73272cc69ebc72bc8c552bb940b4a3eb6590c783","Existing fallback retained; engineering/browser acceptance does not approve this copy; database override version is separately audited by publication CAS/history"
"CMS Privacy","sections.8.items.4","zh-HK","messages/zh-HK.json:Privacy.sections.8.items.4","WTIA policy owner / ExCo","OWNER_POLICY_OR_BRANDING_SIGNOFF_REQUIRED","872cfc4f1ddfd39cdeece6b5e3b29edd3664b181e2046682d5b3198a222b5cab","73272cc69ebc72bc8c552bb940b4a3eb6590c783","Existing fallback retained; engineering/browser acceptance does not approve this copy; database override version is separately audited by publication CAS/history"
"CMS Privacy","sections.8.items.5","en","messages/en.json:Privacy.sections.8.items.5","WTIA policy owner / ExCo","OWNER_POLICY_OR_BRANDING_SIGNOFF_REQUIRED","cbc440fe28ee451736c2499a9fb02956c8d34776f805f50303e5c3426ade4fcd","73272cc69ebc72bc8c552bb940b4a3eb6590c783","Existing fallback retained; engineering/browser acceptance does not approve this copy; database override version is separately audited by publication CAS/history"
"CMS Privacy","sections.8.items.5","zh-HK","messages/zh-HK.json:Privacy.sections.8.items.5","WTIA policy owner / ExCo","OWNER_POLICY_OR_BRANDING_SIGNOFF_REQUIRED","78809eef407be94300c30467fedc49d3b41cd9d27b2a59fca350d0812a6f7ff8","73272cc69ebc72bc8c552bb940b4a3eb6590c783","Existing fallback retained; engineering/browser acceptance does not approve this copy; database override version is separately audited by publication CAS/history"
"CMS Privacy","sections.8.items.6","en","messages/en.json:Privacy.sections.8.items.6","WTIA policy owner / ExCo","OWNER_POLICY_OR_BRANDING_SIGNOFF_REQUIRED","3ba9f3da5906ba6997a2d5e4a79713871275ab48a310dfba65c9e2ae28985e20","73272cc69ebc72bc8c552bb940b4a3eb6590c783","Existing fallback retained; engineering/browser acceptance does not approve this copy; database override version is separately audited by publication CAS/history"
"CMS Privacy","sections.8.items.6","zh-HK","messages/zh-HK.json:Privacy.sections.8.items.6","WTIA policy owner / ExCo","OWNER_POLICY_OR_BRANDING_SIGNOFF_REQUIRED","029f2d081ca17854190e429945ef7eb7ac46faa7c94a872125c8e8d387950589","73272cc69ebc72bc8c552bb940b4a3eb6590c783","Existing fallback retained; engineering/browser acceptance does not approve this copy; database override version is separately audited by publication CAS/history"
"CMS Privacy","sections.9.heading","en","messages/en.json:Privacy.sections.9.heading","WTIA policy owner / ExCo","OWNER_POLICY_OR_BRANDING_SIGNOFF_REQUIRED","70e073e4f62f00ae11cc828131773474b16876af8fcdad75a262517523093be3","73272cc69ebc72bc8c552bb940b4a3eb6590c783","Existing fallback retained; engineering/browser acceptance does not approve this copy; database override version is separately audited by publication CAS/history"
"CMS Privacy","sections.9.heading","zh-HK","messages/zh-HK.json:Privacy.sections.9.heading","WTIA policy owner / ExCo","OWNER_POLICY_OR_BRANDING_SIGNOFF_REQUIRED","5ff56c345e53f653c1e741f1f3748f36a972ed3db3f8dfb016a0f4c78701ad79","73272cc69ebc72bc8c552bb940b4a3eb6590c783","Existing fallback retained; engineering/browser acceptance does not approve this copy; database override version is separately audited by publication CAS/history"
"CMS Privacy","sections.9.body.0","en","messages/en.json:Privacy.sections.9.body.0","WTIA policy owner / ExCo","OWNER_POLICY_OR_BRANDING_SIGNOFF_REQUIRED","3feea94a1ab4fb217b716e8735873b2c85b944e16c134d530a4935ba63508c2b","73272cc69ebc72bc8c552bb940b4a3eb6590c783","Existing fallback retained; engineering/browser acceptance does not approve this copy; database override version is separately audited by publication CAS/history"
"CMS Privacy","sections.9.body.0","zh-HK","messages/zh-HK.json:Privacy.sections.9.body.0","WTIA policy owner / ExCo","OWNER_POLICY_OR_BRANDING_SIGNOFF_REQUIRED","07a6f00205b482ee65ecb23337c777ccece8542fb9e17c1caa36d67ad3fe01ed","73272cc69ebc72bc8c552bb940b4a3eb6590c783","Existing fallback retained; engineering/browser acceptance does not approve this copy; database override version is separately audited by publication CAS/history"
"CMS Privacy","sections.9.body.1","en","messages/en.json:Privacy.sections.9.body.1","WTIA policy owner / ExCo","OWNER_POLICY_OR_BRANDING_SIGNOFF_REQUIRED","190e9d081379c3496ea42b58a9f20fcf3c010b92574a4a9afceff92af57e04d2","73272cc69ebc72bc8c552bb940b4a3eb6590c783","Existing fallback retained; engineering/browser acceptance does not approve this copy; database override version is separately audited by publication CAS/history"
"CMS Privacy","sections.9.body.1","zh-HK","messages/zh-HK.json:Privacy.sections.9.body.1","WTIA policy owner / ExCo","OWNER_POLICY_OR_BRANDING_SIGNOFF_REQUIRED","ad75f1912c2708a38ee35399a05e4c331575e22643a9d36a6e46b52d6f7a8e54","73272cc69ebc72bc8c552bb940b4a3eb6590c783","Existing fallback retained; engineering/browser acceptance does not approve this copy; database override version is separately audited by publication CAS/history"
"CMS Privacy","sections.10.heading","en","messages/en.json:Privacy.sections.10.heading","WTIA policy owner / ExCo","OWNER_POLICY_OR_BRANDING_SIGNOFF_REQUIRED","3d9bbb6461c76edc552c4a3a1adbccea7dd6a760e128088effceec92f11f3295","73272cc69ebc72bc8c552bb940b4a3eb6590c783","Existing fallback retained; engineering/browser acceptance does not approve this copy; database override version is separately audited by publication CAS/history"
"CMS Privacy","sections.10.heading","zh-HK","messages/zh-HK.json:Privacy.sections.10.heading","WTIA policy owner / ExCo","OWNER_POLICY_OR_BRANDING_SIGNOFF_REQUIRED","35d834ef7772844a0b3d895a7a38d727c8c8ee29eb28650147e4b03b996b3724","73272cc69ebc72bc8c552bb940b4a3eb6590c783","Existing fallback retained; engineering/browser acceptance does not approve this copy; database override version is separately audited by publication CAS/history"
"CMS Privacy","sections.10.body.0","en","messages/en.json:Privacy.sections.10.body.0","WTIA policy owner / ExCo","OWNER_POLICY_OR_BRANDING_SIGNOFF_REQUIRED","95d2974fe8fb2bec7f0488cf87274f00d9ced367308043119bcc8f04551f150f","73272cc69ebc72bc8c552bb940b4a3eb6590c783","Existing fallback retained; engineering/browser acceptance does not approve this copy; database override version is separately audited by publication CAS/history"
"CMS Privacy","sections.10.body.0","zh-HK","messages/zh-HK.json:Privacy.sections.10.body.0","WTIA policy owner / ExCo","OWNER_POLICY_OR_BRANDING_SIGNOFF_REQUIRED","4b93c8172d0a1cf5bfa77899f533ff2eb871791e91c9f224da8bc3c4db424db2","73272cc69ebc72bc8c552bb940b4a3eb6590c783","Existing fallback retained; engineering/browser acceptance does not approve this copy; database override version is separately audited by publication CAS/history"
"CMS RefundPolicy","metaTitle","en","messages/en.json:RefundPolicy.metaTitle","WTIA policy owner / ExCo","OWNER_POLICY_OR_BRANDING_SIGNOFF_REQUIRED","1263ab2c1209c85f2247e85c57abadb8e01674f95c84857ab7aac28a39754f13","73272cc69ebc72bc8c552bb940b4a3eb6590c783","Existing fallback retained; engineering/browser acceptance does not approve this copy; database override version is separately audited by publication CAS/history"
"CMS RefundPolicy","metaTitle","zh-HK","messages/zh-HK.json:RefundPolicy.metaTitle","WTIA policy owner / ExCo","OWNER_POLICY_OR_BRANDING_SIGNOFF_REQUIRED","094695560fe4bec35be916852bbc6e9222daf9f8d44f2d8f85dd2389baa0f275","73272cc69ebc72bc8c552bb940b4a3eb6590c783","Existing fallback retained; engineering/browser acceptance does not approve this copy; database override version is separately audited by publication CAS/history"
"CMS RefundPolicy","metaDescription","en","messages/en.json:RefundPolicy.metaDescription","WTIA policy owner / ExCo","OWNER_POLICY_OR_BRANDING_SIGNOFF_REQUIRED","31d277a4fd1d62e2034873d1171ebca0353d6b0ad34cd9e0d761574f661dcb28","73272cc69ebc72bc8c552bb940b4a3eb6590c783","Existing fallback retained; engineering/browser acceptance does not approve this copy; database override version is separately audited by publication CAS/history"
"CMS RefundPolicy","metaDescription","zh-HK","messages/zh-HK.json:RefundPolicy.metaDescription","WTIA policy owner / ExCo","OWNER_POLICY_OR_BRANDING_SIGNOFF_REQUIRED","7777f45fa6b867d41552f3b58e2a0acdd92f05190786f43e9c5b6b3c1bd5b57a","73272cc69ebc72bc8c552bb940b4a3eb6590c783","Existing fallback retained; engineering/browser acceptance does not approve this copy; database override version is separately audited by publication CAS/history"
"CMS RefundPolicy","eyebrow","en","messages/en.json:RefundPolicy.eyebrow","WTIA policy owner / ExCo","OWNER_POLICY_OR_BRANDING_SIGNOFF_REQUIRED","762ce0dcba2b85f5b8d13797e640894703c726f9af8438992aaefbf5d7b82e47","73272cc69ebc72bc8c552bb940b4a3eb6590c783","Existing fallback retained; engineering/browser acceptance does not approve this copy; database override version is separately audited by publication CAS/history"
"CMS RefundPolicy","eyebrow","zh-HK","messages/zh-HK.json:RefundPolicy.eyebrow","WTIA policy owner / ExCo","OWNER_POLICY_OR_BRANDING_SIGNOFF_REQUIRED","5c46b59086dd3fb403a555474f9f9466fb5c2554ce7e7cceb47449b218a6a9ce","73272cc69ebc72bc8c552bb940b4a3eb6590c783","Existing fallback retained; engineering/browser acceptance does not approve this copy; database override version is separately audited by publication CAS/history"
"CMS RefundPolicy","title","en","messages/en.json:RefundPolicy.title","WTIA policy owner / ExCo","OWNER_POLICY_OR_BRANDING_SIGNOFF_REQUIRED","00b82d474f53ac50e0bcfeecf6bf538465de1bee7def38d7c450f9ebcbeed598","73272cc69ebc72bc8c552bb940b4a3eb6590c783","Existing fallback retained; engineering/browser acceptance does not approve this copy; database override version is separately audited by publication CAS/history"
"CMS RefundPolicy","title","zh-HK","messages/zh-HK.json:RefundPolicy.title","WTIA policy owner / ExCo","OWNER_POLICY_OR_BRANDING_SIGNOFF_REQUIRED","c493ef10df496887209dd21febb957d85b7caca1b69921e54a61f34e340827f9","73272cc69ebc72bc8c552bb940b4a3eb6590c783","Existing fallback retained; engineering/browser acceptance does not approve this copy; database override version is separately audited by publication CAS/history"
"CMS RefundPolicy","description","en","messages/en.json:RefundPolicy.description","WTIA policy owner / ExCo","OWNER_POLICY_OR_BRANDING_SIGNOFF_REQUIRED","5cec7c2351b8fab2fa2c8618c0d31c76e022588b8233e9d85ca16cb95a691af8","73272cc69ebc72bc8c552bb940b4a3eb6590c783","Existing fallback retained; engineering/browser acceptance does not approve this copy; database override version is separately audited by publication CAS/history"
"CMS RefundPolicy","description","zh-HK","messages/zh-HK.json:RefundPolicy.description","WTIA policy owner / ExCo","OWNER_POLICY_OR_BRANDING_SIGNOFF_REQUIRED","ed6133d5bff3b790eecd2cbc085eac2e595fdf97edc521b5de2a27487ba15127","73272cc69ebc72bc8c552bb940b4a3eb6590c783","Existing fallback retained; engineering/browser acceptance does not approve this copy; database override version is separately audited by publication CAS/history"
"CMS RefundPolicy","breadcrumbCurrent","en","messages/en.json:RefundPolicy.breadcrumbCurrent","WTIA policy owner / ExCo","OWNER_POLICY_OR_BRANDING_SIGNOFF_REQUIRED","00b82d474f53ac50e0bcfeecf6bf538465de1bee7def38d7c450f9ebcbeed598","73272cc69ebc72bc8c552bb940b4a3eb6590c783","Existing fallback retained; engineering/browser acceptance does not approve this copy; database override version is separately audited by publication CAS/history"
"CMS RefundPolicy","breadcrumbCurrent","zh-HK","messages/zh-HK.json:RefundPolicy.breadcrumbCurrent","WTIA policy owner / ExCo","OWNER_POLICY_OR_BRANDING_SIGNOFF_REQUIRED","c493ef10df496887209dd21febb957d85b7caca1b69921e54a61f34e340827f9","73272cc69ebc72bc8c552bb940b4a3eb6590c783","Existing fallback retained; engineering/browser acceptance does not approve this copy; database override version is separately audited by publication CAS/history"
"CMS RefundPolicy","sections.0.heading","en","messages/en.json:RefundPolicy.sections.0.heading","WTIA policy owner / ExCo","OWNER_POLICY_OR_BRANDING_SIGNOFF_REQUIRED","df7366dd0d23f4dad94add7f0893c4c42c95389152824a7288d68e5fedae4de9","73272cc69ebc72bc8c552bb940b4a3eb6590c783","Existing fallback retained; engineering/browser acceptance does not approve this copy; database override version is separately audited by publication CAS/history"
"CMS RefundPolicy","sections.0.heading","zh-HK","messages/zh-HK.json:RefundPolicy.sections.0.heading","WTIA policy owner / ExCo","OWNER_POLICY_OR_BRANDING_SIGNOFF_REQUIRED","fc08824425c51dd300fd8831d61d74df4cda46e64b04fd8ad517675f836c285e","73272cc69ebc72bc8c552bb940b4a3eb6590c783","Existing fallback retained; engineering/browser acceptance does not approve this copy; database override version is separately audited by publication CAS/history"
"CMS RefundPolicy","sections.0.body.0","en","messages/en.json:RefundPolicy.sections.0.body.0","WTIA policy owner / ExCo","OWNER_POLICY_OR_BRANDING_SIGNOFF_REQUIRED","219f1469b3e750fd2539487370e3b67e7a18a8fb95fbe79676b51c291f027b07","73272cc69ebc72bc8c552bb940b4a3eb6590c783","Existing fallback retained; engineering/browser acceptance does not approve this copy; database override version is separately audited by publication CAS/history"
"CMS RefundPolicy","sections.0.body.0","zh-HK","messages/zh-HK.json:RefundPolicy.sections.0.body.0","WTIA policy owner / ExCo","OWNER_POLICY_OR_BRANDING_SIGNOFF_REQUIRED","47ad3d6338ac9caddd6d1b6600839b85d3d521f10fc86756d1a8fd1bcec224e4","73272cc69ebc72bc8c552bb940b4a3eb6590c783","Existing fallback retained; engineering/browser acceptance does not approve this copy; database override version is separately audited by publication CAS/history"
"CMS RefundPolicy","sections.0.body.1","en","messages/en.json:RefundPolicy.sections.0.body.1","WTIA policy owner / ExCo","OWNER_POLICY_OR_BRANDING_SIGNOFF_REQUIRED","c5e550d914e80ed750a4d9657c58c9f71d2a976973eb74277f3aa63092512aa1","73272cc69ebc72bc8c552bb940b4a3eb6590c783","Existing fallback retained; engineering/browser acceptance does not approve this copy; database override version is separately audited by publication CAS/history"
"CMS RefundPolicy","sections.0.body.1","zh-HK","messages/zh-HK.json:RefundPolicy.sections.0.body.1","WTIA policy owner / ExCo","OWNER_POLICY_OR_BRANDING_SIGNOFF_REQUIRED","e3319eac32ea7f88604aa92f5d48febccc4cb08961404675a94b02b37177adcc","73272cc69ebc72bc8c552bb940b4a3eb6590c783","Existing fallback retained; engineering/browser acceptance does not approve this copy; database override version is separately audited by publication CAS/history"
"CMS RefundPolicy","sections.1.heading","en","messages/en.json:RefundPolicy.sections.1.heading","WTIA policy owner / ExCo","OWNER_POLICY_OR_BRANDING_SIGNOFF_REQUIRED","48e667bea56460baa091da6c9d7e3f42e78a63724d5cf5de6634059d135e1448","73272cc69ebc72bc8c552bb940b4a3eb6590c783","Existing fallback retained; engineering/browser acceptance does not approve this copy; database override version is separately audited by publication CAS/history"
"CMS RefundPolicy","sections.1.heading","zh-HK","messages/zh-HK.json:RefundPolicy.sections.1.heading","WTIA policy owner / ExCo","OWNER_POLICY_OR_BRANDING_SIGNOFF_REQUIRED","c0da74d251a9d15abeb9ff24802abf6055d595e4fcc8a006b59d6a31442a68c5","73272cc69ebc72bc8c552bb940b4a3eb6590c783","Existing fallback retained; engineering/browser acceptance does not approve this copy; database override version is separately audited by publication CAS/history"
"CMS RefundPolicy","sections.1.body.0","en","messages/en.json:RefundPolicy.sections.1.body.0","WTIA policy owner / ExCo","OWNER_POLICY_OR_BRANDING_SIGNOFF_REQUIRED","55f7bd82c48cede0ac1891ac6ae6d6162e73d395ec845ad3dc033f42e0b5e6f4","73272cc69ebc72bc8c552bb940b4a3eb6590c783","Existing fallback retained; engineering/browser acceptance does not approve this copy; database override version is separately audited by publication CAS/history"
"CMS RefundPolicy","sections.1.body.0","zh-HK","messages/zh-HK.json:RefundPolicy.sections.1.body.0","WTIA policy owner / ExCo","OWNER_POLICY_OR_BRANDING_SIGNOFF_REQUIRED","ce3a7ebdcfaa29e202088fee991c1b04b99c2ac0a5faa785b7c4139c3d085bd0","73272cc69ebc72bc8c552bb940b4a3eb6590c783","Existing fallback retained; engineering/browser acceptance does not approve this copy; database override version is separately audited by publication CAS/history"
"CMS RefundPolicy","sections.2.heading","en","messages/en.json:RefundPolicy.sections.2.heading","WTIA policy owner / ExCo","OWNER_POLICY_OR_BRANDING_SIGNOFF_REQUIRED","0dfd7a38d1b9de30ec3cb988130a2ef3b7740426ed5746b013d927b57463664d","73272cc69ebc72bc8c552bb940b4a3eb6590c783","Existing fallback retained; engineering/browser acceptance does not approve this copy; database override version is separately audited by publication CAS/history"
"CMS RefundPolicy","sections.2.heading","zh-HK","messages/zh-HK.json:RefundPolicy.sections.2.heading","WTIA policy owner / ExCo","OWNER_POLICY_OR_BRANDING_SIGNOFF_REQUIRED","1540657e334970fccb11879924a80bf25e55693b6c3d3aff0aec73f57080ec88","73272cc69ebc72bc8c552bb940b4a3eb6590c783","Existing fallback retained; engineering/browser acceptance does not approve this copy; database override version is separately audited by publication CAS/history"
"CMS RefundPolicy","sections.2.body.0","en","messages/en.json:RefundPolicy.sections.2.body.0","WTIA policy owner / ExCo","OWNER_POLICY_OR_BRANDING_SIGNOFF_REQUIRED","bcce2a4895bbc74948c1c4e2c3bdf647982a4b925924498461634476b8d0bd97","73272cc69ebc72bc8c552bb940b4a3eb6590c783","Existing fallback retained; engineering/browser acceptance does not approve this copy; database override version is separately audited by publication CAS/history"
"CMS RefundPolicy","sections.2.body.0","zh-HK","messages/zh-HK.json:RefundPolicy.sections.2.body.0","WTIA policy owner / ExCo","OWNER_POLICY_OR_BRANDING_SIGNOFF_REQUIRED","4c4fa3d4d1dff5a4326246343e83554d00bf80091edd9eeea20f5c78e834ad6a","73272cc69ebc72bc8c552bb940b4a3eb6590c783","Existing fallback retained; engineering/browser acceptance does not approve this copy; database override version is separately audited by publication CAS/history"
"CMS RefundPolicy","sections.3.heading","en","messages/en.json:RefundPolicy.sections.3.heading","WTIA policy owner / ExCo","OWNER_POLICY_OR_BRANDING_SIGNOFF_REQUIRED","1c5764defd1476415eb1256efc9a80ef6c0e90aadc1aedbd17f0ab11c77bced9","73272cc69ebc72bc8c552bb940b4a3eb6590c783","Existing fallback retained; engineering/browser acceptance does not approve this copy; database override version is separately audited by publication CAS/history"
"CMS RefundPolicy","sections.3.heading","zh-HK","messages/zh-HK.json:RefundPolicy.sections.3.heading","WTIA policy owner / ExCo","OWNER_POLICY_OR_BRANDING_SIGNOFF_REQUIRED","eebc684ef28de2c39aac83f3f437c06a11a231573c5ecf2a904aef4cd2c13797","73272cc69ebc72bc8c552bb940b4a3eb6590c783","Existing fallback retained; engineering/browser acceptance does not approve this copy; database override version is separately audited by publication CAS/history"
"CMS RefundPolicy","sections.3.body.0","en","messages/en.json:RefundPolicy.sections.3.body.0","WTIA policy owner / ExCo","OWNER_POLICY_OR_BRANDING_SIGNOFF_REQUIRED","c3125db87b1eb0356df733126f9bfe3526b462c3d7187327ccfc47587b36b73a","73272cc69ebc72bc8c552bb940b4a3eb6590c783","Existing fallback retained; engineering/browser acceptance does not approve this copy; database override version is separately audited by publication CAS/history"
"CMS RefundPolicy","sections.3.body.0","zh-HK","messages/zh-HK.json:RefundPolicy.sections.3.body.0","WTIA policy owner / ExCo","OWNER_POLICY_OR_BRANDING_SIGNOFF_REQUIRED","dbbed15a02b4c5018803bf0826a2bf54add1aefb5434241c22d1d51dea1be081","73272cc69ebc72bc8c552bb940b4a3eb6590c783","Existing fallback retained; engineering/browser acceptance does not approve this copy; database override version is separately audited by publication CAS/history"
"CMS AiTransparency","metaTitle","en","messages/en.json:AiTransparency.metaTitle","WTIA policy owner / ExCo","OWNER_POLICY_OR_BRANDING_SIGNOFF_REQUIRED","f8a5423cdad4d8bdd8c8f2c5851e401954b8a27df6c43774becfc26f4da664b9","73272cc69ebc72bc8c552bb940b4a3eb6590c783","Existing fallback retained; engineering/browser acceptance does not approve this copy; database override version is separately audited by publication CAS/history"
"CMS AiTransparency","metaTitle","zh-HK","messages/zh-HK.json:AiTransparency.metaTitle","WTIA policy owner / ExCo","OWNER_POLICY_OR_BRANDING_SIGNOFF_REQUIRED","41e8507f44fc24804ec9b5cb2d9222fac325ce3ce02cb78b56772a815c63b369","73272cc69ebc72bc8c552bb940b4a3eb6590c783","Existing fallback retained; engineering/browser acceptance does not approve this copy; database override version is separately audited by publication CAS/history"
"CMS AiTransparency","metaDescription","en","messages/en.json:AiTransparency.metaDescription","WTIA policy owner / ExCo","OWNER_POLICY_OR_BRANDING_SIGNOFF_REQUIRED","240b05a604d261c892311c2165e11a9f622490e55309fbbb4e521b7e47bb0744","73272cc69ebc72bc8c552bb940b4a3eb6590c783","Existing fallback retained; engineering/browser acceptance does not approve this copy; database override version is separately audited by publication CAS/history"
"CMS AiTransparency","metaDescription","zh-HK","messages/zh-HK.json:AiTransparency.metaDescription","WTIA policy owner / ExCo","OWNER_POLICY_OR_BRANDING_SIGNOFF_REQUIRED","99a9b72bffc317fec551f2006e286c585f56f5e3579e83aa4694bcf80545bbb1","73272cc69ebc72bc8c552bb940b4a3eb6590c783","Existing fallback retained; engineering/browser acceptance does not approve this copy; database override version is separately audited by publication CAS/history"
"CMS AiTransparency","eyebrow","en","messages/en.json:AiTransparency.eyebrow","WTIA policy owner / ExCo","OWNER_POLICY_OR_BRANDING_SIGNOFF_REQUIRED","7214beb0e5254bc3b8696315b648d75a62f793730930ad9e0ece01797817bee1","73272cc69ebc72bc8c552bb940b4a3eb6590c783","Existing fallback retained; engineering/browser acceptance does not approve this copy; database override version is separately audited by publication CAS/history"
"CMS AiTransparency","eyebrow","zh-HK","messages/zh-HK.json:AiTransparency.eyebrow","WTIA policy owner / ExCo","OWNER_POLICY_OR_BRANDING_SIGNOFF_REQUIRED","e35ffab0686fd30a81098438ba5aa33a459fb802e6b9b9aa8c5f35947a5be4c5","73272cc69ebc72bc8c552bb940b4a3eb6590c783","Existing fallback retained; engineering/browser acceptance does not approve this copy; database override version is separately audited by publication CAS/history"
"CMS AiTransparency","title","en","messages/en.json:AiTransparency.title","WTIA policy owner / ExCo","OWNER_POLICY_OR_BRANDING_SIGNOFF_REQUIRED","71cb5c92df6cc752057196fde56b0d6b8bd627fe95f6bcd6f60d82826e572f1d","73272cc69ebc72bc8c552bb940b4a3eb6590c783","Existing fallback retained; engineering/browser acceptance does not approve this copy; database override version is separately audited by publication CAS/history"
"CMS AiTransparency","title","zh-HK","messages/zh-HK.json:AiTransparency.title","WTIA policy owner / ExCo","OWNER_POLICY_OR_BRANDING_SIGNOFF_REQUIRED","ebf9870881ce7beef484422f5791200f6ec1ca438eb65c5e44940a3a57b77f18","73272cc69ebc72bc8c552bb940b4a3eb6590c783","Existing fallback retained; engineering/browser acceptance does not approve this copy; database override version is separately audited by publication CAS/history"
"CMS AiTransparency","description","en","messages/en.json:AiTransparency.description","WTIA policy owner / ExCo","OWNER_POLICY_OR_BRANDING_SIGNOFF_REQUIRED","2b5d21603b3134d92b4bc0ce2c7132e5fec944b7317cf8e85bce5dbd1cce1a27","73272cc69ebc72bc8c552bb940b4a3eb6590c783","Existing fallback retained; engineering/browser acceptance does not approve this copy; database override version is separately audited by publication CAS/history"
"CMS AiTransparency","description","zh-HK","messages/zh-HK.json:AiTransparency.description","WTIA policy owner / ExCo","OWNER_POLICY_OR_BRANDING_SIGNOFF_REQUIRED","a6a72de2e3c1a667c65cb15f697ba730d1ad397f2b27a79fb0646d8f7b23b38d","73272cc69ebc72bc8c552bb940b4a3eb6590c783","Existing fallback retained; engineering/browser acceptance does not approve this copy; database override version is separately audited by publication CAS/history"
"CMS AiTransparency","breadcrumbCurrent","en","messages/en.json:AiTransparency.breadcrumbCurrent","WTIA policy owner / ExCo","OWNER_POLICY_OR_BRANDING_SIGNOFF_REQUIRED","7214beb0e5254bc3b8696315b648d75a62f793730930ad9e0ece01797817bee1","73272cc69ebc72bc8c552bb940b4a3eb6590c783","Existing fallback retained; engineering/browser acceptance does not approve this copy; database override version is separately audited by publication CAS/history"
"CMS AiTransparency","breadcrumbCurrent","zh-HK","messages/zh-HK.json:AiTransparency.breadcrumbCurrent","WTIA policy owner / ExCo","OWNER_POLICY_OR_BRANDING_SIGNOFF_REQUIRED","e35ffab0686fd30a81098438ba5aa33a459fb802e6b9b9aa8c5f35947a5be4c5","73272cc69ebc72bc8c552bb940b4a3eb6590c783","Existing fallback retained; engineering/browser acceptance does not approve this copy; database override version is separately audited by publication CAS/history"
"CMS AiTransparency","sections.0.heading","en","messages/en.json:AiTransparency.sections.0.heading","WTIA policy owner / ExCo","OWNER_POLICY_OR_BRANDING_SIGNOFF_REQUIRED","62129d9541b51db8dbccc8b2eff753e91394b3257ee83e8f7c9c9e0b466ad238","73272cc69ebc72bc8c552bb940b4a3eb6590c783","Existing fallback retained; engineering/browser acceptance does not approve this copy; database override version is separately audited by publication CAS/history"
"CMS AiTransparency","sections.0.heading","zh-HK","messages/zh-HK.json:AiTransparency.sections.0.heading","WTIA policy owner / ExCo","OWNER_POLICY_OR_BRANDING_SIGNOFF_REQUIRED","797f74f042a5d4adf33f9c32d630cd588fe5b49a77d9a334d20af6eeb300b114","73272cc69ebc72bc8c552bb940b4a3eb6590c783","Existing fallback retained; engineering/browser acceptance does not approve this copy; database override version is separately audited by publication CAS/history"
"CMS AiTransparency","sections.0.body.0","en","messages/en.json:AiTransparency.sections.0.body.0","WTIA policy owner / ExCo","OWNER_POLICY_OR_BRANDING_SIGNOFF_REQUIRED","eb7061d43e1ff013b57ad74b891054a9802dc02c0a5f1240a55968d179df0870","73272cc69ebc72bc8c552bb940b4a3eb6590c783","Existing fallback retained; engineering/browser acceptance does not approve this copy; database override version is separately audited by publication CAS/history"
"CMS AiTransparency","sections.0.body.0","zh-HK","messages/zh-HK.json:AiTransparency.sections.0.body.0","WTIA policy owner / ExCo","OWNER_POLICY_OR_BRANDING_SIGNOFF_REQUIRED","72510c3678e2b917a526e94c688b62ce2bd36fcf770073140ccd2c67dcb0db2a","73272cc69ebc72bc8c552bb940b4a3eb6590c783","Existing fallback retained; engineering/browser acceptance does not approve this copy; database override version is separately audited by publication CAS/history"
"CMS AiTransparency","sections.1.heading","en","messages/en.json:AiTransparency.sections.1.heading","WTIA policy owner / ExCo","OWNER_POLICY_OR_BRANDING_SIGNOFF_REQUIRED","327b50aa4d9b15ab3733d5b861132d135cce77ccd39a64198361028e4b7c4021","73272cc69ebc72bc8c552bb940b4a3eb6590c783","Existing fallback retained; engineering/browser acceptance does not approve this copy; database override version is separately audited by publication CAS/history"
"CMS AiTransparency","sections.1.heading","zh-HK","messages/zh-HK.json:AiTransparency.sections.1.heading","WTIA policy owner / ExCo","OWNER_POLICY_OR_BRANDING_SIGNOFF_REQUIRED","3f6375da30c2801aca0e462dd9c585a68b184f1976f6361584503e46a56a834e","73272cc69ebc72bc8c552bb940b4a3eb6590c783","Existing fallback retained; engineering/browser acceptance does not approve this copy; database override version is separately audited by publication CAS/history"
"CMS AiTransparency","sections.1.body.0","en","messages/en.json:AiTransparency.sections.1.body.0","WTIA policy owner / ExCo","OWNER_POLICY_OR_BRANDING_SIGNOFF_REQUIRED","471d85142568ee1b3b1786a79e9a092bee1625f6b6f7bb8ab2fca2fe00fc550d","73272cc69ebc72bc8c552bb940b4a3eb6590c783","Existing fallback retained; engineering/browser acceptance does not approve this copy; database override version is separately audited by publication CAS/history"
"CMS AiTransparency","sections.1.body.0","zh-HK","messages/zh-HK.json:AiTransparency.sections.1.body.0","WTIA policy owner / ExCo","OWNER_POLICY_OR_BRANDING_SIGNOFF_REQUIRED","80c228a752c00c5e0ab014ceb3b987d9d7e7b105b9ef71b1867045e8d3448e27","73272cc69ebc72bc8c552bb940b4a3eb6590c783","Existing fallback retained; engineering/browser acceptance does not approve this copy; database override version is separately audited by publication CAS/history"
"CMS AiTransparency","sections.1.items.0","en","messages/en.json:AiTransparency.sections.1.items.0","WTIA policy owner / ExCo","OWNER_POLICY_OR_BRANDING_SIGNOFF_REQUIRED","23a3b2601b0054b83fb84e9e4a1642c1b8e8590182f8d27c7253c7930c611d77","73272cc69ebc72bc8c552bb940b4a3eb6590c783","Existing fallback retained; engineering/browser acceptance does not approve this copy; database override version is separately audited by publication CAS/history"
"CMS AiTransparency","sections.1.items.0","zh-HK","messages/zh-HK.json:AiTransparency.sections.1.items.0","WTIA policy owner / ExCo","OWNER_POLICY_OR_BRANDING_SIGNOFF_REQUIRED","06c0a437347f68fc3e9f5a8a8421b065f7cb831eafce9fa5661be231ecddf3d6","73272cc69ebc72bc8c552bb940b4a3eb6590c783","Existing fallback retained; engineering/browser acceptance does not approve this copy; database override version is separately audited by publication CAS/history"
"CMS AiTransparency","sections.1.items.1","en","messages/en.json:AiTransparency.sections.1.items.1","WTIA policy owner / ExCo","OWNER_POLICY_OR_BRANDING_SIGNOFF_REQUIRED","642ecc27e9559b60965c8b03251269deee0084d754e1fa72ad26da3c824d2e77","73272cc69ebc72bc8c552bb940b4a3eb6590c783","Existing fallback retained; engineering/browser acceptance does not approve this copy; database override version is separately audited by publication CAS/history"
"CMS AiTransparency","sections.1.items.1","zh-HK","messages/zh-HK.json:AiTransparency.sections.1.items.1","WTIA policy owner / ExCo","OWNER_POLICY_OR_BRANDING_SIGNOFF_REQUIRED","90d531b24256a8f1a1fe3c32b751d01d492377de543f9f6d62173ae51a6b29bd","73272cc69ebc72bc8c552bb940b4a3eb6590c783","Existing fallback retained; engineering/browser acceptance does not approve this copy; database override version is separately audited by publication CAS/history"
"CMS AiTransparency","sections.1.items.2","en","messages/en.json:AiTransparency.sections.1.items.2","WTIA policy owner / ExCo","OWNER_POLICY_OR_BRANDING_SIGNOFF_REQUIRED","06017bf3d9763cdca6b850f6cfc6a5964367640a2e8a9a9e5ff10917e0831b94","73272cc69ebc72bc8c552bb940b4a3eb6590c783","Existing fallback retained; engineering/browser acceptance does not approve this copy; database override version is separately audited by publication CAS/history"
"CMS AiTransparency","sections.1.items.2","zh-HK","messages/zh-HK.json:AiTransparency.sections.1.items.2","WTIA policy owner / ExCo","OWNER_POLICY_OR_BRANDING_SIGNOFF_REQUIRED","a7b89645d81c26068d5e48ed721e05a9552f641eba883678126b535fcc2a4e58","73272cc69ebc72bc8c552bb940b4a3eb6590c783","Existing fallback retained; engineering/browser acceptance does not approve this copy; database override version is separately audited by publication CAS/history"
"CMS AiTransparency","sections.1.items.3","en","messages/en.json:AiTransparency.sections.1.items.3","WTIA policy owner / ExCo","OWNER_POLICY_OR_BRANDING_SIGNOFF_REQUIRED","f2fb5741ac2407ebd4fe0abd6304690bbedc419c2a3d1e3d247a095351bbf8d9","73272cc69ebc72bc8c552bb940b4a3eb6590c783","Existing fallback retained; engineering/browser acceptance does not approve this copy; database override version is separately audited by publication CAS/history"
"CMS AiTransparency","sections.1.items.3","zh-HK","messages/zh-HK.json:AiTransparency.sections.1.items.3","WTIA policy owner / ExCo","OWNER_POLICY_OR_BRANDING_SIGNOFF_REQUIRED","2aa9934e473d1cc4c1e1e4e7925a549642bf69e4349a0b68bc172a5773ff8bd8","73272cc69ebc72bc8c552bb940b4a3eb6590c783","Existing fallback retained; engineering/browser acceptance does not approve this copy; database override version is separately audited by publication CAS/history"
"CMS AiTransparency","sections.2.heading","en","messages/en.json:AiTransparency.sections.2.heading","WTIA policy owner / ExCo","OWNER_POLICY_OR_BRANDING_SIGNOFF_REQUIRED","7736ca27cfea766524f01fcaad65bf8a6282ebc6572c7b3bf1201ebb7fe832a5","73272cc69ebc72bc8c552bb940b4a3eb6590c783","Existing fallback retained; engineering/browser acceptance does not approve this copy; database override version is separately audited by publication CAS/history"
"CMS AiTransparency","sections.2.heading","zh-HK","messages/zh-HK.json:AiTransparency.sections.2.heading","WTIA policy owner / ExCo","OWNER_POLICY_OR_BRANDING_SIGNOFF_REQUIRED","a8d52ab461355277a3e676dd0084544ff9938cd6d24d0090ebb5556388c910af","73272cc69ebc72bc8c552bb940b4a3eb6590c783","Existing fallback retained; engineering/browser acceptance does not approve this copy; database override version is separately audited by publication CAS/history"
"CMS AiTransparency","sections.2.body.0","en","messages/en.json:AiTransparency.sections.2.body.0","WTIA policy owner / ExCo","OWNER_POLICY_OR_BRANDING_SIGNOFF_REQUIRED","1e3917777fe10109008470341eade96f70ea665b874c55ebdd2b42399adce8de","73272cc69ebc72bc8c552bb940b4a3eb6590c783","Existing fallback retained; engineering/browser acceptance does not approve this copy; database override version is separately audited by publication CAS/history"
"CMS AiTransparency","sections.2.body.0","zh-HK","messages/zh-HK.json:AiTransparency.sections.2.body.0","WTIA policy owner / ExCo","OWNER_POLICY_OR_BRANDING_SIGNOFF_REQUIRED","8a73aee1cf2cc9edc652320cb63b4c9cf7ee9c9a4dd4eb3135c4e7f8189f1f60","73272cc69ebc72bc8c552bb940b4a3eb6590c783","Existing fallback retained; engineering/browser acceptance does not approve this copy; database override version is separately audited by publication CAS/history"
"CMS AiTransparency","sections.3.heading","en","messages/en.json:AiTransparency.sections.3.heading","WTIA policy owner / ExCo","OWNER_POLICY_OR_BRANDING_SIGNOFF_REQUIRED","01cde86a9f71c7b895223e8d805a8eca792215d000590b605d7afa1a7f93eae9","73272cc69ebc72bc8c552bb940b4a3eb6590c783","Existing fallback retained; engineering/browser acceptance does not approve this copy; database override version is separately audited by publication CAS/history"
"CMS AiTransparency","sections.3.heading","zh-HK","messages/zh-HK.json:AiTransparency.sections.3.heading","WTIA policy owner / ExCo","OWNER_POLICY_OR_BRANDING_SIGNOFF_REQUIRED","e9f3006212cc0344985b9e3cd9dcc36d99f8863f381fd38d3981c8c8f9e02c65","73272cc69ebc72bc8c552bb940b4a3eb6590c783","Existing fallback retained; engineering/browser acceptance does not approve this copy; database override version is separately audited by publication CAS/history"
"CMS AiTransparency","sections.3.body.0","en","messages/en.json:AiTransparency.sections.3.body.0","WTIA policy owner / ExCo","OWNER_POLICY_OR_BRANDING_SIGNOFF_REQUIRED","c4fa3e91d13c6321067c91b4dad273b1ec0a2c79be6260a9316afdc22c969188","73272cc69ebc72bc8c552bb940b4a3eb6590c783","Existing fallback retained; engineering/browser acceptance does not approve this copy; database override version is separately audited by publication CAS/history"
"CMS AiTransparency","sections.3.body.0","zh-HK","messages/zh-HK.json:AiTransparency.sections.3.body.0","WTIA policy owner / ExCo","OWNER_POLICY_OR_BRANDING_SIGNOFF_REQUIRED","a000111c5a5c52db95344238b6fb88d317945a0997909766e441a0106b4c97e6","73272cc69ebc72bc8c552bb940b4a3eb6590c783","Existing fallback retained; engineering/browser acceptance does not approve this copy; database override version is separately audited by publication CAS/history"
"CMS AiTransparency","sections.3.items.0","en","messages/en.json:AiTransparency.sections.3.items.0","WTIA policy owner / ExCo","OWNER_POLICY_OR_BRANDING_SIGNOFF_REQUIRED","365882d33b7c6115dd4c49d1027da5673da4a2ff4ef28b7234fd67c49758d636","73272cc69ebc72bc8c552bb940b4a3eb6590c783","Existing fallback retained; engineering/browser acceptance does not approve this copy; database override version is separately audited by publication CAS/history"
"CMS AiTransparency","sections.3.items.0","zh-HK","messages/zh-HK.json:AiTransparency.sections.3.items.0","WTIA policy owner / ExCo","OWNER_POLICY_OR_BRANDING_SIGNOFF_REQUIRED","b6278b03b184b5e3f6c67261dc0fe2a22ecfa16da1a96b03c0918efd84f3b125","73272cc69ebc72bc8c552bb940b4a3eb6590c783","Existing fallback retained; engineering/browser acceptance does not approve this copy; database override version is separately audited by publication CAS/history"
"CMS AiTransparency","sections.3.items.1","en","messages/en.json:AiTransparency.sections.3.items.1","WTIA policy owner / ExCo","OWNER_POLICY_OR_BRANDING_SIGNOFF_REQUIRED","2f96008b25925a2b4dded8ba18241d8758b021f02b55727c1b251ea7c7ab5ce7","73272cc69ebc72bc8c552bb940b4a3eb6590c783","Existing fallback retained; engineering/browser acceptance does not approve this copy; database override version is separately audited by publication CAS/history"
"CMS AiTransparency","sections.3.items.1","zh-HK","messages/zh-HK.json:AiTransparency.sections.3.items.1","WTIA policy owner / ExCo","OWNER_POLICY_OR_BRANDING_SIGNOFF_REQUIRED","478b485ef2083ba8574e4cb2151db27ad229aa1337ba1fb287c69530dd21ec13","73272cc69ebc72bc8c552bb940b4a3eb6590c783","Existing fallback retained; engineering/browser acceptance does not approve this copy; database override version is separately audited by publication CAS/history"
"CMS AiTransparency","sections.3.items.2","en","messages/en.json:AiTransparency.sections.3.items.2","WTIA policy owner / ExCo","OWNER_POLICY_OR_BRANDING_SIGNOFF_REQUIRED","509adb6cb681434fc7a16f1ed08c4f83194406c0f9bdd3894e2e4d16a59ecaf5","73272cc69ebc72bc8c552bb940b4a3eb6590c783","Existing fallback retained; engineering/browser acceptance does not approve this copy; database override version is separately audited by publication CAS/history"
"CMS AiTransparency","sections.3.items.2","zh-HK","messages/zh-HK.json:AiTransparency.sections.3.items.2","WTIA policy owner / ExCo","OWNER_POLICY_OR_BRANDING_SIGNOFF_REQUIRED","f65d2939227c0458b910bb08cd7f614cd437880377c7c41fcd07528a6b4ed599","73272cc69ebc72bc8c552bb940b4a3eb6590c783","Existing fallback retained; engineering/browser acceptance does not approve this copy; database override version is separately audited by publication CAS/history"
"CMS AiTransparency","sections.3.items.3","en","messages/en.json:AiTransparency.sections.3.items.3","WTIA policy owner / ExCo","OWNER_POLICY_OR_BRANDING_SIGNOFF_REQUIRED","c5efe3cadf907a974e2d3a4729eb95c8db1f57b3906a6fefdd430b9d47817c5d","73272cc69ebc72bc8c552bb940b4a3eb6590c783","Existing fallback retained; engineering/browser acceptance does not approve this copy; database override version is separately audited by publication CAS/history"
"CMS AiTransparency","sections.3.items.3","zh-HK","messages/zh-HK.json:AiTransparency.sections.3.items.3","WTIA policy owner / ExCo","OWNER_POLICY_OR_BRANDING_SIGNOFF_REQUIRED","c0c3d980f94e8d6d26924c2707f4ca52f139557e39edb1f89893bd62369435b4","73272cc69ebc72bc8c552bb940b4a3eb6590c783","Existing fallback retained; engineering/browser acceptance does not approve this copy; database override version is separately audited by publication CAS/history"
"CMS AiTransparency","sections.3.items.4","en","messages/en.json:AiTransparency.sections.3.items.4","WTIA policy owner / ExCo","OWNER_POLICY_OR_BRANDING_SIGNOFF_REQUIRED","9648fee30b2fdb5a91bd49c01705de4fb47ee6a8668bb1a60620b7b365f32144","73272cc69ebc72bc8c552bb940b4a3eb6590c783","Existing fallback retained; engineering/browser acceptance does not approve this copy; database override version is separately audited by publication CAS/history"
"CMS AiTransparency","sections.3.items.4","zh-HK","messages/zh-HK.json:AiTransparency.sections.3.items.4","WTIA policy owner / ExCo","OWNER_POLICY_OR_BRANDING_SIGNOFF_REQUIRED","30f554df6876123c5fe597495101e965259ce4323aa24ca572848264bfc349ba","73272cc69ebc72bc8c552bb940b4a3eb6590c783","Existing fallback retained; engineering/browser acceptance does not approve this copy; database override version is separately audited by publication CAS/history"
"CMS AiTransparency","sections.3.items.5","en","messages/en.json:AiTransparency.sections.3.items.5","WTIA policy owner / ExCo","OWNER_POLICY_OR_BRANDING_SIGNOFF_REQUIRED","bc7230f08f2738b15bf9c09a64ac8eb4dce276c40882c3e7ca387be131cfda1b","73272cc69ebc72bc8c552bb940b4a3eb6590c783","Existing fallback retained; engineering/browser acceptance does not approve this copy; database override version is separately audited by publication CAS/history"
"CMS AiTransparency","sections.3.items.5","zh-HK","messages/zh-HK.json:AiTransparency.sections.3.items.5","WTIA policy owner / ExCo","OWNER_POLICY_OR_BRANDING_SIGNOFF_REQUIRED","1f542cc7ea6ca561ded172f458ef9593cca3f4149f7caebf595f2b914f9a4b91","73272cc69ebc72bc8c552bb940b4a3eb6590c783","Existing fallback retained; engineering/browser acceptance does not approve this copy; database override version is separately audited by publication CAS/history"
"CMS AiTransparency","sections.4.heading","en","messages/en.json:AiTransparency.sections.4.heading","WTIA policy owner / ExCo","OWNER_POLICY_OR_BRANDING_SIGNOFF_REQUIRED","34853ecc8dd2bcfc8158f3e4f699ca1676a0965104534f16b91ecd79f54d5980","73272cc69ebc72bc8c552bb940b4a3eb6590c783","Existing fallback retained; engineering/browser acceptance does not approve this copy; database override version is separately audited by publication CAS/history"
"CMS AiTransparency","sections.4.heading","zh-HK","messages/zh-HK.json:AiTransparency.sections.4.heading","WTIA policy owner / ExCo","OWNER_POLICY_OR_BRANDING_SIGNOFF_REQUIRED","14664577d52df0a7e164b5fe7615fa4232a001735c4afbda2c67e999a57ec676","73272cc69ebc72bc8c552bb940b4a3eb6590c783","Existing fallback retained; engineering/browser acceptance does not approve this copy; database override version is separately audited by publication CAS/history"
"CMS AiTransparency","sections.4.body.0","en","messages/en.json:AiTransparency.sections.4.body.0","WTIA policy owner / ExCo","OWNER_POLICY_OR_BRANDING_SIGNOFF_REQUIRED","939ef4e60992c35b4288faa40ee0624bb5fec14269434feb16c6cc16668c2d4f","73272cc69ebc72bc8c552bb940b4a3eb6590c783","Existing fallback retained; engineering/browser acceptance does not approve this copy; database override version is separately audited by publication CAS/history"
"CMS AiTransparency","sections.4.body.0","zh-HK","messages/zh-HK.json:AiTransparency.sections.4.body.0","WTIA policy owner / ExCo","OWNER_POLICY_OR_BRANDING_SIGNOFF_REQUIRED","a6c8aefe92b4f5609758caa6fc9a352697ce11f888986ab8836998903d3c833f","73272cc69ebc72bc8c552bb940b4a3eb6590c783","Existing fallback retained; engineering/browser acceptance does not approve this copy; database override version is separately audited by publication CAS/history"
"CMS AiTransparency","sections.5.heading","en","messages/en.json:AiTransparency.sections.5.heading","WTIA policy owner / ExCo","OWNER_POLICY_OR_BRANDING_SIGNOFF_REQUIRED","33a47df5f122fe95146b8c03969f80bdb42ec6ca22fe5f12b8b81812039b219e","73272cc69ebc72bc8c552bb940b4a3eb6590c783","Existing fallback retained; engineering/browser acceptance does not approve this copy; database override version is separately audited by publication CAS/history"
"CMS AiTransparency","sections.5.heading","zh-HK","messages/zh-HK.json:AiTransparency.sections.5.heading","WTIA policy owner / ExCo","OWNER_POLICY_OR_BRANDING_SIGNOFF_REQUIRED","4031fe0f9243496f11bace415c39d4010d69b5cb86b2953033957800da6dbe31","73272cc69ebc72bc8c552bb940b4a3eb6590c783","Existing fallback retained; engineering/browser acceptance does not approve this copy; database override version is separately audited by publication CAS/history"
"CMS AiTransparency","sections.5.body.0","en","messages/en.json:AiTransparency.sections.5.body.0","WTIA policy owner / ExCo","OWNER_POLICY_OR_BRANDING_SIGNOFF_REQUIRED","79fc9a6d088fce32641f3ed081262fd402e1dc5ada71d76ad919ba04a6bc026a","73272cc69ebc72bc8c552bb940b4a3eb6590c783","Existing fallback retained; engineering/browser acceptance does not approve this copy; database override version is separately audited by publication CAS/history"
"CMS AiTransparency","sections.5.body.0","zh-HK","messages/zh-HK.json:AiTransparency.sections.5.body.0","WTIA policy owner / ExCo","OWNER_POLICY_OR_BRANDING_SIGNOFF_REQUIRED","ac0e2ca067b5f688e80e804cb2c6c2b1a86fa11e09ba1c1da40c288f81f87500","73272cc69ebc72bc8c552bb940b4a3eb6590c783","Existing fallback retained; engineering/browser acceptance does not approve this copy; database override version is separately audited by publication CAS/history"
"CMS AiTransparency","sections.6.heading","en","messages/en.json:AiTransparency.sections.6.heading","WTIA policy owner / ExCo","OWNER_POLICY_OR_BRANDING_SIGNOFF_REQUIRED","ead9392d79713cf4749134e7cb7ad163d932af23934832e66b9d49a31469bca1","73272cc69ebc72bc8c552bb940b4a3eb6590c783","Existing fallback retained; engineering/browser acceptance does not approve this copy; database override version is separately audited by publication CAS/history"
"CMS AiTransparency","sections.6.heading","zh-HK","messages/zh-HK.json:AiTransparency.sections.6.heading","WTIA policy owner / ExCo","OWNER_POLICY_OR_BRANDING_SIGNOFF_REQUIRED","70190466c0f7f01bf7fc78a2e6fdbeb6a48c23db5f355f6bdb322e8ef64464e0","73272cc69ebc72bc8c552bb940b4a3eb6590c783","Existing fallback retained; engineering/browser acceptance does not approve this copy; database override version is separately audited by publication CAS/history"
"CMS AiTransparency","sections.6.body.0","en","messages/en.json:AiTransparency.sections.6.body.0","WTIA policy owner / ExCo","OWNER_POLICY_OR_BRANDING_SIGNOFF_REQUIRED","5bcdd1924dec1eb64c3106abdb3a9e3df337fee0641d6074069e8db342ce3dd1","73272cc69ebc72bc8c552bb940b4a3eb6590c783","Existing fallback retained; engineering/browser acceptance does not approve this copy; database override version is separately audited by publication CAS/history"
"CMS AiTransparency","sections.6.body.0","zh-HK","messages/zh-HK.json:AiTransparency.sections.6.body.0","WTIA policy owner / ExCo","OWNER_POLICY_OR_BRANDING_SIGNOFF_REQUIRED","5960facf5e39f24d7af73cdb5fd688bb6b1e1e2033edda3453eac1814ec25cd5","73272cc69ebc72bc8c552bb940b4a3eb6590c783","Existing fallback retained; engineering/browser acceptance does not approve this copy; database override version is separately audited by publication CAS/history"
"CMS AiTransparency","aiOpsLink","en","messages/en.json:AiTransparency.aiOpsLink","WTIA policy owner / ExCo","OWNER_POLICY_OR_BRANDING_SIGNOFF_REQUIRED","70f810a30e9ccd0e3f1ee5ff1bf244e7343bad5fe5bdef6f7758ebcea0966223","73272cc69ebc72bc8c552bb940b4a3eb6590c783","Existing fallback retained; engineering/browser acceptance does not approve this copy; database override version is separately audited by publication CAS/history"
"CMS AiTransparency","aiOpsLink","zh-HK","messages/zh-HK.json:AiTransparency.aiOpsLink","WTIA policy owner / ExCo","OWNER_POLICY_OR_BRANDING_SIGNOFF_REQUIRED","55f5c1d5a5203bf7afbcce2127797de337fd7b6e21df209f71f4d3b655e069c0","73272cc69ebc72bc8c552bb940b4a3eb6590c783","Existing fallback retained; engineering/browser acceptance does not approve this copy; database override version is separately audited by publication CAS/history"
"CMS Programmes","metaTitle","en","messages/en.json:Programmes.metaTitle","WTIA content owner","EXISTING_SHIPPED_COPY_OWNER_RECONFIRMATION_PENDING","cbfb2b9baac96f9ffd7ededf72dfa242f69e4f7b1094b7df8c2ecfa8857d0189","73272cc69ebc72bc8c552bb940b4a3eb6590c783","Existing fallback retained; engineering/browser acceptance does not approve this copy; database override version is separately audited by publication CAS/history"
"CMS Programmes","metaTitle","zh-HK","messages/zh-HK.json:Programmes.metaTitle","WTIA content owner","EXISTING_SHIPPED_COPY_OWNER_RECONFIRMATION_PENDING","00289cbaabc563acef109bc80143ffd1801a5bb8b49acdafe96acd87fef4e0d3","73272cc69ebc72bc8c552bb940b4a3eb6590c783","Existing fallback retained; engineering/browser acceptance does not approve this copy; database override version is separately audited by publication CAS/history"
"CMS Programmes","metaDescription","en","messages/en.json:Programmes.metaDescription","WTIA content owner","EXISTING_SHIPPED_COPY_OWNER_RECONFIRMATION_PENDING","29adcef72552d45f1a3fdfc206bce0c3a5a30705e2159c1564b67b9894b6587b","73272cc69ebc72bc8c552bb940b4a3eb6590c783","Existing fallback retained; engineering/browser acceptance does not approve this copy; database override version is separately audited by publication CAS/history"
"CMS Programmes","metaDescription","zh-HK","messages/zh-HK.json:Programmes.metaDescription","WTIA content owner","EXISTING_SHIPPED_COPY_OWNER_RECONFIRMATION_PENDING","5b931cce7493de9713702a8851acaebc04fa7d355ef0fe465ff9738774839dbf","73272cc69ebc72bc8c552bb940b4a3eb6590c783","Existing fallback retained; engineering/browser acceptance does not approve this copy; database override version is separately audited by publication CAS/history"
"CMS Programmes","hero.eyebrow","en","messages/en.json:Programmes.hero.eyebrow","WTIA content owner","EXISTING_SHIPPED_COPY_OWNER_RECONFIRMATION_PENDING","fa30eb1626dfa28907402e64277fed4c47fe162a6175fbffe696b867c749e341","73272cc69ebc72bc8c552bb940b4a3eb6590c783","Existing fallback retained; engineering/browser acceptance does not approve this copy; database override version is separately audited by publication CAS/history"
"CMS Programmes","hero.eyebrow","zh-HK","messages/zh-HK.json:Programmes.hero.eyebrow","WTIA content owner","EXISTING_SHIPPED_COPY_OWNER_RECONFIRMATION_PENDING","b16fd89ba48fb35832648ef3479c60dd8cbbaf59fa235017d6b76d09a02f03be","73272cc69ebc72bc8c552bb940b4a3eb6590c783","Existing fallback retained; engineering/browser acceptance does not approve this copy; database override version is separately audited by publication CAS/history"
"CMS Programmes","hero.title","en","messages/en.json:Programmes.hero.title","WTIA content owner","EXISTING_SHIPPED_COPY_OWNER_RECONFIRMATION_PENDING","4cc646751c068e1d18f31ab8ddeaa0e51cbf7d6e3244a120c8e0bd3ea630a712","73272cc69ebc72bc8c552bb940b4a3eb6590c783","Existing fallback retained; engineering/browser acceptance does not approve this copy; database override version is separately audited by publication CAS/history"
"CMS Programmes","hero.title","zh-HK","messages/zh-HK.json:Programmes.hero.title","WTIA content owner","EXISTING_SHIPPED_COPY_OWNER_RECONFIRMATION_PENDING","572bd1d4c2ee88ac8ccf0af8f0ae4d3e8a789256835f3df9de1120ccb9694842","73272cc69ebc72bc8c552bb940b4a3eb6590c783","Existing fallback retained; engineering/browser acceptance does not approve this copy; database override version is separately audited by publication CAS/history"
"CMS Programmes","hero.lead","en","messages/en.json:Programmes.hero.lead","WTIA content owner","EXISTING_SHIPPED_COPY_OWNER_RECONFIRMATION_PENDING","e125f607274e670ff156a03f3f97fd0b7c1d0848d0b4211bd2092163b7b0a8ef","73272cc69ebc72bc8c552bb940b4a3eb6590c783","Existing fallback retained; engineering/browser acceptance does not approve this copy; database override version is separately audited by publication CAS/history"
"CMS Programmes","hero.lead","zh-HK","messages/zh-HK.json:Programmes.hero.lead","WTIA content owner","EXISTING_SHIPPED_COPY_OWNER_RECONFIRMATION_PENDING","3c8db23ca2e36544914e334d1353da695cb4c5253984c5fc5e35cbdc903606d1","73272cc69ebc72bc8c552bb940b4a3eb6590c783","Existing fallback retained; engineering/browser acceptance does not approve this copy; database override version is separately audited by publication CAS/history"
"CMS Programmes","hero.breadcrumbCurrent","en","messages/en.json:Programmes.hero.breadcrumbCurrent","WTIA content owner","EXISTING_SHIPPED_COPY_OWNER_RECONFIRMATION_PENDING","fa30eb1626dfa28907402e64277fed4c47fe162a6175fbffe696b867c749e341","73272cc69ebc72bc8c552bb940b4a3eb6590c783","Existing fallback retained; engineering/browser acceptance does not approve this copy; database override version is separately audited by publication CAS/history"
"CMS Programmes","hero.breadcrumbCurrent","zh-HK","messages/zh-HK.json:Programmes.hero.breadcrumbCurrent","WTIA content owner","EXISTING_SHIPPED_COPY_OWNER_RECONFIRMATION_PENDING","77830a4c4ad7855696d23c173314afc6a49f8248d157e70b70241dbedd24413f","73272cc69ebc72bc8c552bb940b4a3eb6590c783","Existing fallback retained; engineering/browser acceptance does not approve this copy; database override version is separately audited by publication CAS/history"
"CMS Programmes","groupings.label","en","messages/en.json:Programmes.groupings.label","WTIA content owner","EXISTING_SHIPPED_COPY_OWNER_RECONFIRMATION_PENDING","27adeb3f4ff0a223a0e095f012e4f148e364dff9af72b1a1b2e819bbe39a04af","73272cc69ebc72bc8c552bb940b4a3eb6590c783","Existing fallback retained; engineering/browser acceptance does not approve this copy; database override version is separately audited by publication CAS/history"
"CMS Programmes","groupings.label","zh-HK","messages/zh-HK.json:Programmes.groupings.label","WTIA content owner","EXISTING_SHIPPED_COPY_OWNER_RECONFIRMATION_PENDING","208f5df9be9e2adc2caef8ef677ec6d3c9d9149f9e6b07ac4239d33e40c4a101","73272cc69ebc72bc8c552bb940b4a3eb6590c783","Existing fallback retained; engineering/browser acceptance does not approve this copy; database override version is separately audited by publication CAS/history"
"CMS Programmes","groupings.catalogue","en","messages/en.json:Programmes.groupings.catalogue","WTIA content owner","EXISTING_SHIPPED_COPY_OWNER_RECONFIRMATION_PENDING","b85a02ac809a6fcd6fe92746d4176974cf3439db5f9c815a04afe7156a22d319","73272cc69ebc72bc8c552bb940b4a3eb6590c783","Existing fallback retained; engineering/browser acceptance does not approve this copy; database override version is separately audited by publication CAS/history"
"CMS Programmes","groupings.catalogue","zh-HK","messages/zh-HK.json:Programmes.groupings.catalogue","WTIA content owner","EXISTING_SHIPPED_COPY_OWNER_RECONFIRMATION_PENDING","476071afc33903d7fd637f825de3a83a846f1558d48dd6a8acae6effa757a48d","73272cc69ebc72bc8c552bb940b4a3eb6590c783","Existing fallback retained; engineering/browser acceptance does not approve this copy; database override version is separately audited by publication CAS/history"
"CMS Programmes","groupings.launchpad","en","messages/en.json:Programmes.groupings.launchpad","WTIA content owner","EXISTING_SHIPPED_COPY_OWNER_RECONFIRMATION_PENDING","679d6a8675720bcdf41f63080c061143906d17b683bd843f96a624dd3891a3d8","73272cc69ebc72bc8c552bb940b4a3eb6590c783","Existing fallback retained; engineering/browser acceptance does not approve this copy; database override version is separately audited by publication CAS/history"
"CMS Programmes","groupings.launchpad","zh-HK","messages/zh-HK.json:Programmes.groupings.launchpad","WTIA content owner","EXISTING_SHIPPED_COPY_OWNER_RECONFIRMATION_PENDING","5dfe26c8f8ac93686dcd4e2ffe132bfebfa6698b19acbb624cdb2eb1fb1d59f0","73272cc69ebc72bc8c552bb940b4a3eb6590c783","Existing fallback retained; engineering/browser acceptance does not approve this copy; database override version is separately audited by publication CAS/history"
"CMS Programmes","groupings.history","en","messages/en.json:Programmes.groupings.history","WTIA content owner","EXISTING_SHIPPED_COPY_OWNER_RECONFIRMATION_PENDING","56c02fbc721271e31396842db943d7c6d2c5195db8e9ccab88c0c0c7b03140f6","73272cc69ebc72bc8c552bb940b4a3eb6590c783","Existing fallback retained; engineering/browser acceptance does not approve this copy; database override version is separately audited by publication CAS/history"
"CMS Programmes","groupings.history","zh-HK","messages/zh-HK.json:Programmes.groupings.history","WTIA content owner","EXISTING_SHIPPED_COPY_OWNER_RECONFIRMATION_PENDING","66f3215df5383157f9e5860f146d428feb908102873c634466bc98e2110ce33b","73272cc69ebc72bc8c552bb940b4a3eb6590c783","Existing fallback retained; engineering/browser acceptance does not approve this copy; database override version is separately audited by publication CAS/history"
"CMS Programmes","open.eyebrow","en","messages/en.json:Programmes.open.eyebrow","WTIA content owner","EXISTING_SHIPPED_COPY_OWNER_RECONFIRMATION_PENDING","b85a02ac809a6fcd6fe92746d4176974cf3439db5f9c815a04afe7156a22d319","73272cc69ebc72bc8c552bb940b4a3eb6590c783","Existing fallback retained; engineering/browser acceptance does not approve this copy; database override version is separately audited by publication CAS/history"
"CMS Programmes","open.eyebrow","zh-HK","messages/zh-HK.json:Programmes.open.eyebrow","WTIA content owner","EXISTING_SHIPPED_COPY_OWNER_RECONFIRMATION_PENDING","476071afc33903d7fd637f825de3a83a846f1558d48dd6a8acae6effa757a48d","73272cc69ebc72bc8c552bb940b4a3eb6590c783","Existing fallback retained; engineering/browser acceptance does not approve this copy; database override version is separately audited by publication CAS/history"
"CMS Programmes","open.title","en","messages/en.json:Programmes.open.title","WTIA content owner","EXISTING_SHIPPED_COPY_OWNER_RECONFIRMATION_PENDING","0eedea9b3a09103a87b61976e1a5d73ce493ea5102305038d7c5958d1194c601","73272cc69ebc72bc8c552bb940b4a3eb6590c783","Existing fallback retained; engineering/browser acceptance does not approve this copy; database override version is separately audited by publication CAS/history"
"CMS Programmes","open.title","zh-HK","messages/zh-HK.json:Programmes.open.title","WTIA content owner","EXISTING_SHIPPED_COPY_OWNER_RECONFIRMATION_PENDING","903b2c9b9bf071820acfb2e604f59c0c6988e014f351557e3e79495f2ef7c4b5","73272cc69ebc72bc8c552bb940b4a3eb6590c783","Existing fallback retained; engineering/browser acceptance does not approve this copy; database override version is separately audited by publication CAS/history"
"CMS Programmes","open.intro","en","messages/en.json:Programmes.open.intro","WTIA content owner","EXISTING_SHIPPED_COPY_OWNER_RECONFIRMATION_PENDING","268159f3737846c1fbdefc7f6d0703520e245d8dfa360baeb377d6aca51df6e1","73272cc69ebc72bc8c552bb940b4a3eb6590c783","Existing fallback retained; engineering/browser acceptance does not approve this copy; database override version is separately audited by publication CAS/history"
"CMS Programmes","open.intro","zh-HK","messages/zh-HK.json:Programmes.open.intro","WTIA content owner","EXISTING_SHIPPED_COPY_OWNER_RECONFIRMATION_PENDING","8fb50ab22c3933b1ac2b99e143b13ccbf2d3c92ba160341f97a4844808709507","73272cc69ebc72bc8c552bb940b4a3eb6590c783","Existing fallback retained; engineering/browser acceptance does not approve this copy; database override version is separately audited by publication CAS/history"
"CMS Programmes","open.statusLabel","en","messages/en.json:Programmes.open.statusLabel","WTIA content owner","EXISTING_SHIPPED_COPY_OWNER_RECONFIRMATION_PENDING","a2246b7f62ebb360a80d0dbf144123d9e0e3298b07176acec0289337e9be3e2b","73272cc69ebc72bc8c552bb940b4a3eb6590c783","Existing fallback retained; engineering/browser acceptance does not approve this copy; database override version is separately audited by publication CAS/history"
"CMS Programmes","open.statusLabel","zh-HK","messages/zh-HK.json:Programmes.open.statusLabel","WTIA content owner","EXISTING_SHIPPED_COPY_OWNER_RECONFIRMATION_PENDING","1847dbbba4587d402115f8d09dbc51654be830f3498542b356f7b564517335de","73272cc69ebc72bc8c552bb940b4a3eb6590c783","Existing fallback retained; engineering/browser acceptance does not approve this copy; database override version is separately audited by publication CAS/history"
"CMS Programmes","open.emptyTitle","en","messages/en.json:Programmes.open.emptyTitle","WTIA content owner","EXISTING_SHIPPED_COPY_OWNER_RECONFIRMATION_PENDING","97eac2c1c59d4ca0053787bf86b728ec208cf29d8e03e1c4ab822582927d64ee","73272cc69ebc72bc8c552bb940b4a3eb6590c783","Existing fallback retained; engineering/browser acceptance does not approve this copy; database override version is separately audited by publication CAS/history"
"CMS Programmes","open.emptyTitle","zh-HK","messages/zh-HK.json:Programmes.open.emptyTitle","WTIA content owner","EXISTING_SHIPPED_COPY_OWNER_RECONFIRMATION_PENDING","bc0a82b89fc8e691e8ecbe8e071995bca118c24a6dd94da4cdd64ba5d545bb29","73272cc69ebc72bc8c552bb940b4a3eb6590c783","Existing fallback retained; engineering/browser acceptance does not approve this copy; database override version is separately audited by publication CAS/history"
"CMS Programmes","open.emptyCopy","en","messages/en.json:Programmes.open.emptyCopy","WTIA content owner","EXISTING_SHIPPED_COPY_OWNER_RECONFIRMATION_PENDING","704d3c2e5d51bc876356e90e81aa38b1e97894804f9fe511df14808753709e4c","73272cc69ebc72bc8c552bb940b4a3eb6590c783","Existing fallback retained; engineering/browser acceptance does not approve this copy; database override version is separately audited by publication CAS/history"
"CMS Programmes","open.emptyCopy","zh-HK","messages/zh-HK.json:Programmes.open.emptyCopy","WTIA content owner","EXISTING_SHIPPED_COPY_OWNER_RECONFIRMATION_PENDING","76fea5444b92740439c24a05d5d9480c686c3928e93ce6e2896d052ea6675cc3","73272cc69ebc72bc8c552bb940b4a3eb6590c783","Existing fallback retained; engineering/browser acceptance does not approve this copy; database override version is separately audited by publication CAS/history"
"CMS Programmes","open.action","en","messages/en.json:Programmes.open.action","WTIA content owner","EXISTING_SHIPPED_COPY_OWNER_RECONFIRMATION_PENDING","f91961bce232db1235d2d127f270de43c24c39b93cbc69182392a2ef7a1dadd7","73272cc69ebc72bc8c552bb940b4a3eb6590c783","Existing fallback retained; engineering/browser acceptance does not approve this copy; database override version is separately audited by publication CAS/history"
"CMS Programmes","open.action","zh-HK","messages/zh-HK.json:Programmes.open.action","WTIA content owner","EXISTING_SHIPPED_COPY_OWNER_RECONFIRMATION_PENDING","550ade59d79046974296c21c104f1710dd17bdb86ff06e50e1c102c7b9ea4611","73272cc69ebc72bc8c552bb940b4a3eb6590c783","Existing fallback retained; engineering/browser acceptance does not approve this copy; database override version is separately audited by publication CAS/history"
"CMS Programmes","open.mailSubject","en","messages/en.json:Programmes.open.mailSubject","WTIA content owner","EXISTING_SHIPPED_COPY_OWNER_RECONFIRMATION_PENDING","6be7c2c487ab5ed9b73bb71127e2936a5b76a80781530b63c6ec5ac69a78f826","73272cc69ebc72bc8c552bb940b4a3eb6590c783","Existing fallback retained; engineering/browser acceptance does not approve this copy; database override version is separately audited by publication CAS/history"
"CMS Programmes","open.mailSubject","zh-HK","messages/zh-HK.json:Programmes.open.mailSubject","WTIA content owner","EXISTING_SHIPPED_COPY_OWNER_RECONFIRMATION_PENDING","ae71a4ad9086adb184d3e426f7711183791d96ce71c234ca0d13414d2a260b3d","73272cc69ebc72bc8c552bb940b4a3eb6590c783","Existing fallback retained; engineering/browser acceptance does not approve this copy; database override version is separately audited by publication CAS/history"
"CMS Programmes","catalogue.eyebrow","en","messages/en.json:Programmes.catalogue.eyebrow","WTIA content owner","EXISTING_SHIPPED_COPY_OWNER_RECONFIRMATION_PENDING","3065c8a15d7ca94969603b3e53ffd7ded5b04b3204e5067d242779ea17f22b75","73272cc69ebc72bc8c552bb940b4a3eb6590c783","Existing fallback retained; engineering/browser acceptance does not approve this copy; database override version is separately audited by publication CAS/history"
"CMS Programmes","catalogue.eyebrow","zh-HK","messages/zh-HK.json:Programmes.catalogue.eyebrow","WTIA content owner","EXISTING_SHIPPED_COPY_OWNER_RECONFIRMATION_PENDING","e5c66b5b8d56fa0611b990d8e5fcdec78501455ebec802202ad795923d06efca","73272cc69ebc72bc8c552bb940b4a3eb6590c783","Existing fallback retained; engineering/browser acceptance does not approve this copy; database override version is separately audited by publication CAS/history"
"CMS Programmes","catalogue.title","en","messages/en.json:Programmes.catalogue.title","WTIA content owner","EXISTING_SHIPPED_COPY_OWNER_RECONFIRMATION_PENDING","57ce7d7355c09a00d2deed34cf6530abd5e34de4a1e3cb8d791551796ece3c6d","73272cc69ebc72bc8c552bb940b4a3eb6590c783","Existing fallback retained; engineering/browser acceptance does not approve this copy; database override version is separately audited by publication CAS/history"
"CMS Programmes","catalogue.title","zh-HK","messages/zh-HK.json:Programmes.catalogue.title","WTIA content owner","EXISTING_SHIPPED_COPY_OWNER_RECONFIRMATION_PENDING","0beceed742d8dd42009a01be123e4a719bdcd305ad60ff49a999a63fab08191a","73272cc69ebc72bc8c552bb940b4a3eb6590c783","Existing fallback retained; engineering/browser acceptance does not approve this copy; database override version is separately audited by publication CAS/history"
"CMS Programmes","catalogue.intro","en","messages/en.json:Programmes.catalogue.intro","WTIA content owner","EXISTING_SHIPPED_COPY_OWNER_RECONFIRMATION_PENDING","fa5bdf9d4b57f2ca589b4b2b6122491a468686e465e2dadcad037ef1b8b4dbb9","73272cc69ebc72bc8c552bb940b4a3eb6590c783","Existing fallback retained; engineering/browser acceptance does not approve this copy; database override version is separately audited by publication CAS/history"
"CMS Programmes","catalogue.intro","zh-HK","messages/zh-HK.json:Programmes.catalogue.intro","WTIA content owner","EXISTING_SHIPPED_COPY_OWNER_RECONFIRMATION_PENDING","08ab629f14d1fc0e52d84f21a22876b8cafb2f26c079a9533d271c7ef31c68fd","73272cc69ebc72bc8c552bb940b4a3eb6590c783","Existing fallback retained; engineering/browser acceptance does not approve this copy; database override version is separately audited by publication CAS/history"
"CMS Programmes","launchpad.eyebrow","en","messages/en.json:Programmes.launchpad.eyebrow","WTIA content owner","EXISTING_SHIPPED_COPY_OWNER_RECONFIRMATION_PENDING","679d6a8675720bcdf41f63080c061143906d17b683bd843f96a624dd3891a3d8","73272cc69ebc72bc8c552bb940b4a3eb6590c783","Existing fallback retained; engineering/browser acceptance does not approve this copy; database override version is separately audited by publication CAS/history"
"CMS Programmes","launchpad.eyebrow","zh-HK","messages/zh-HK.json:Programmes.launchpad.eyebrow","WTIA content owner","EXISTING_SHIPPED_COPY_OWNER_RECONFIRMATION_PENDING","5dfe26c8f8ac93686dcd4e2ffe132bfebfa6698b19acbb624cdb2eb1fb1d59f0","73272cc69ebc72bc8c552bb940b4a3eb6590c783","Existing fallback retained; engineering/browser acceptance does not approve this copy; database override version is separately audited by publication CAS/history"
"CMS Programmes","launchpad.title","en","messages/en.json:Programmes.launchpad.title","WTIA content owner","EXISTING_SHIPPED_COPY_OWNER_RECONFIRMATION_PENDING","22a23a5caaf70396c72e6bc9799149cd8edec261632298725aa170fd9e77ff68","73272cc69ebc72bc8c552bb940b4a3eb6590c783","Existing fallback retained; engineering/browser acceptance does not approve this copy; database override version is separately audited by publication CAS/history"
"CMS Programmes","launchpad.title","zh-HK","messages/zh-HK.json:Programmes.launchpad.title","WTIA content owner","EXISTING_SHIPPED_COPY_OWNER_RECONFIRMATION_PENDING","5748e747faf833449f24d785007166965e1ecbe998628941e64ae1d5f89c99ea","73272cc69ebc72bc8c552bb940b4a3eb6590c783","Existing fallback retained; engineering/browser acceptance does not approve this copy; database override version is separately audited by publication CAS/history"
"CMS Programmes","launchpad.copy","en","messages/en.json:Programmes.launchpad.copy","WTIA content owner","EXISTING_SHIPPED_COPY_OWNER_RECONFIRMATION_PENDING","690fdda17168ba7ca295fdb8e9464825741cc3c0f8bb0cda2258050230b8aeb9","73272cc69ebc72bc8c552bb940b4a3eb6590c783","Existing fallback retained; engineering/browser acceptance does not approve this copy; database override version is separately audited by publication CAS/history"
"CMS Programmes","launchpad.copy","zh-HK","messages/zh-HK.json:Programmes.launchpad.copy","WTIA content owner","EXISTING_SHIPPED_COPY_OWNER_RECONFIRMATION_PENDING","0a3e1283ac79ab797e0859074cf98768dc9c1785a84d50b6438b9e805b1cd672","73272cc69ebc72bc8c552bb940b4a3eb6590c783","Existing fallback retained; engineering/browser acceptance does not approve this copy; database override version is separately audited by publication CAS/history"
"CMS Programmes","launchpad.action","en","messages/en.json:Programmes.launchpad.action","WTIA content owner","EXISTING_SHIPPED_COPY_OWNER_RECONFIRMATION_PENDING","478c23700cd02a87d8b751ab1a81d390c3ddc97c2209564532004145ea6c6e61","73272cc69ebc72bc8c552bb940b4a3eb6590c783","Existing fallback retained; engineering/browser acceptance does not approve this copy; database override version is separately audited by publication CAS/history"
"CMS Programmes","launchpad.action","zh-HK","messages/zh-HK.json:Programmes.launchpad.action","WTIA content owner","EXISTING_SHIPPED_COPY_OWNER_RECONFIRMATION_PENDING","3c38e55296b89c112190bff1e11582e5a4b26d689dcf254b90adb58e27709e1c","73272cc69ebc72bc8c552bb940b4a3eb6590c783","Existing fallback retained; engineering/browser acceptance does not approve this copy; database override version is separately audited by publication CAS/history"
"CMS Programmes","history.eyebrow","en","messages/en.json:Programmes.history.eyebrow","WTIA content owner","EXISTING_SHIPPED_COPY_OWNER_RECONFIRMATION_PENDING","56c02fbc721271e31396842db943d7c6d2c5195db8e9ccab88c0c0c7b03140f6","73272cc69ebc72bc8c552bb940b4a3eb6590c783","Existing fallback retained; engineering/browser acceptance does not approve this copy; database override version is separately audited by publication CAS/history"
"CMS Programmes","history.eyebrow","zh-HK","messages/zh-HK.json:Programmes.history.eyebrow","WTIA content owner","EXISTING_SHIPPED_COPY_OWNER_RECONFIRMATION_PENDING","66f3215df5383157f9e5860f146d428feb908102873c634466bc98e2110ce33b","73272cc69ebc72bc8c552bb940b4a3eb6590c783","Existing fallback retained; engineering/browser acceptance does not approve this copy; database override version is separately audited by publication CAS/history"
"CMS Programmes","history.title","en","messages/en.json:Programmes.history.title","WTIA content owner","EXISTING_SHIPPED_COPY_OWNER_RECONFIRMATION_PENDING","901f1f7d9625a013568fa74241f0197d1f172fee8ee25c8c4abe214f45c10596","73272cc69ebc72bc8c552bb940b4a3eb6590c783","Existing fallback retained; engineering/browser acceptance does not approve this copy; database override version is separately audited by publication CAS/history"
"CMS Programmes","history.title","zh-HK","messages/zh-HK.json:Programmes.history.title","WTIA content owner","EXISTING_SHIPPED_COPY_OWNER_RECONFIRMATION_PENDING","30ece412482aaf34b873ad83eaec90f5f38bd486944d3c1f00bb9df721e4652a","73272cc69ebc72bc8c552bb940b4a3eb6590c783","Existing fallback retained; engineering/browser acceptance does not approve this copy; database override version is separately audited by publication CAS/history"
"CMS Programmes","history.intro","en","messages/en.json:Programmes.history.intro","WTIA content owner","EXISTING_SHIPPED_COPY_OWNER_RECONFIRMATION_PENDING","c3f52a24677cb0f8c5ab0571620213899e64924ff09ea45ce33ef192358879cc","73272cc69ebc72bc8c552bb940b4a3eb6590c783","Existing fallback retained; engineering/browser acceptance does not approve this copy; database override version is separately audited by publication CAS/history"
"CMS Programmes","history.intro","zh-HK","messages/zh-HK.json:Programmes.history.intro","WTIA content owner","EXISTING_SHIPPED_COPY_OWNER_RECONFIRMATION_PENDING","726ebd956651a17eb3b6801ffc2e6443193259b02125b7bf85fe6819567d4f26","73272cc69ebc72bc8c552bb940b4a3eb6590c783","Existing fallback retained; engineering/browser acceptance does not approve this copy; database override version is separately audited by publication CAS/history"
"CMS Programmes","history.span","en","messages/en.json:Programmes.history.span","WTIA content owner","EXISTING_SHIPPED_COPY_OWNER_RECONFIRMATION_PENDING","a97d98bce0ce23fdeba5ba319373aad1bf9c2cdbd4fd58098c740052993d6fa2","73272cc69ebc72bc8c552bb940b4a3eb6590c783","Existing fallback retained; engineering/browser acceptance does not approve this copy; database override version is separately audited by publication CAS/history"
"CMS Programmes","history.span","zh-HK","messages/zh-HK.json:Programmes.history.span","WTIA content owner","EXISTING_SHIPPED_COPY_OWNER_RECONFIRMATION_PENDING","a97d98bce0ce23fdeba5ba319373aad1bf9c2cdbd4fd58098c740052993d6fa2","73272cc69ebc72bc8c552bb940b4a3eb6590c783","Existing fallback retained; engineering/browser acceptance does not approve this copy; database override version is separately audited by publication CAS/history"
"CMS Programmes","history.editions","en","messages/en.json:Programmes.history.editions","WTIA content owner","EXISTING_SHIPPED_COPY_OWNER_RECONFIRMATION_PENDING","5e8a650088bccc923cec65659caa48dbafd5ff544a483a57859794132e57cd64","73272cc69ebc72bc8c552bb940b4a3eb6590c783","Existing fallback retained; engineering/browser acceptance does not approve this copy; database override version is separately audited by publication CAS/history"
"CMS Programmes","history.editions","zh-HK","messages/zh-HK.json:Programmes.history.editions","WTIA content owner","EXISTING_SHIPPED_COPY_OWNER_RECONFIRMATION_PENDING","ec8906da31697b504fc519cd824517fc0f1dd9409d4b18b7a3f11643f3acb543","73272cc69ebc72bc8c552bb940b4a3eb6590c783","Existing fallback retained; engineering/browser acceptance does not approve this copy; database override version is separately audited by publication CAS/history"
"CMS Programmes","history.credential","en","messages/en.json:Programmes.history.credential","WTIA content owner","EXISTING_SHIPPED_COPY_OWNER_RECONFIRMATION_PENDING","c56c427f18ed0a1672ef012e4b53d4e5a01d8627bd5eda8ff510a6a03a74ab8a","73272cc69ebc72bc8c552bb940b4a3eb6590c783","Existing fallback retained; engineering/browser acceptance does not approve this copy; database override version is separately audited by publication CAS/history"
"CMS Programmes","history.credential","zh-HK","messages/zh-HK.json:Programmes.history.credential","WTIA content owner","EXISTING_SHIPPED_COPY_OWNER_RECONFIRMATION_PENDING","3c857070b4ef3436832f5cab175f1f1671779703336af07397cc8cf602e6d165","73272cc69ebc72bc8c552bb940b4a3eb6590c783","Existing fallback retained; engineering/browser acceptance does not approve this copy; database override version is separately audited by publication CAS/history"
"CMS Programmes","history.events","en","messages/en.json:Programmes.history.events","WTIA content owner","EXISTING_SHIPPED_COPY_OWNER_RECONFIRMATION_PENDING","5a15cd5a5c7b10ca24ced30e8d1ab2c79a8f6a1e911dfb77726d184b3ef87c18","73272cc69ebc72bc8c552bb940b4a3eb6590c783","Existing fallback retained; engineering/browser acceptance does not approve this copy; database override version is separately audited by publication CAS/history"
"CMS Programmes","history.events","zh-HK","messages/zh-HK.json:Programmes.history.events","WTIA content owner","EXISTING_SHIPPED_COPY_OWNER_RECONFIRMATION_PENDING","5cab793ff190e0d60c9f884cacc50c3f246b68287cbbc39b2ffd7ff496294692","73272cc69ebc72bc8c552bb940b4a3eb6590c783","Existing fallback retained; engineering/browser acceptance does not approve this copy; database override version is separately audited by publication CAS/history"
"CMS Programmes","history.partner","en","messages/en.json:Programmes.history.partner","WTIA content owner","EXISTING_SHIPPED_COPY_OWNER_RECONFIRMATION_PENDING","f51d25ad4afc423479a5c08ae10f39baafa0eb6da3e5f3d2678d47c113077e95","73272cc69ebc72bc8c552bb940b4a3eb6590c783","Existing fallback retained; engineering/browser acceptance does not approve this copy; database override version is separately audited by publication CAS/history"
"CMS Programmes","history.partner","zh-HK","messages/zh-HK.json:Programmes.history.partner","WTIA content owner","EXISTING_SHIPPED_COPY_OWNER_RECONFIRMATION_PENDING","6d42e24894ca5cbe962b162625f0da4bb26927ab9baa8e92df980565675ebcaf","73272cc69ebc72bc8c552bb940b4a3eb6590c783","Existing fallback retained; engineering/browser acceptance does not approve this copy; database override version is separately audited by publication CAS/history"
"CMS Partners","metaTitle","en","messages/en.json:Partners.metaTitle","WTIA content owner","EXISTING_SHIPPED_COPY_OWNER_RECONFIRMATION_PENDING","3129de319d7ef4d108efa358603161843a315e2474fb1f2994983c11961d2240","73272cc69ebc72bc8c552bb940b4a3eb6590c783","Existing fallback retained; engineering/browser acceptance does not approve this copy; database override version is separately audited by publication CAS/history"
"CMS Partners","metaTitle","zh-HK","messages/zh-HK.json:Partners.metaTitle","WTIA content owner","EXISTING_SHIPPED_COPY_OWNER_RECONFIRMATION_PENDING","6ad74030d381e613d41ef2c2cd533928d4c6944af49eefa3b8345cdf5715e0c9","73272cc69ebc72bc8c552bb940b4a3eb6590c783","Existing fallback retained; engineering/browser acceptance does not approve this copy; database override version is separately audited by publication CAS/history"
"CMS Partners","metaDescription","en","messages/en.json:Partners.metaDescription","WTIA content owner","EXISTING_SHIPPED_COPY_OWNER_RECONFIRMATION_PENDING","59532f7d8a5113698e2378a5727ae98a89a271c6846658774f1f2efe20f6ef72","73272cc69ebc72bc8c552bb940b4a3eb6590c783","Existing fallback retained; engineering/browser acceptance does not approve this copy; database override version is separately audited by publication CAS/history"
"CMS Partners","metaDescription","zh-HK","messages/zh-HK.json:Partners.metaDescription","WTIA content owner","EXISTING_SHIPPED_COPY_OWNER_RECONFIRMATION_PENDING","80544b058f3e37f2537e8477811279bf3e085e17ef30487d47aac2297f777c57","73272cc69ebc72bc8c552bb940b4a3eb6590c783","Existing fallback retained; engineering/browser acceptance does not approve this copy; database override version is separately audited by publication CAS/history"
"CMS Partners","hero.eyebrow","en","messages/en.json:Partners.hero.eyebrow","WTIA content owner","EXISTING_SHIPPED_COPY_OWNER_RECONFIRMATION_PENDING","5a83b99ecad9757d6ba1a5f084f5d4dbc06611964574a8422eac049f9ff03b40","73272cc69ebc72bc8c552bb940b4a3eb6590c783","Existing fallback retained; engineering/browser acceptance does not approve this copy; database override version is separately audited by publication CAS/history"
"CMS Partners","hero.eyebrow","zh-HK","messages/zh-HK.json:Partners.hero.eyebrow","WTIA content owner","EXISTING_SHIPPED_COPY_OWNER_RECONFIRMATION_PENDING","2d791c6c00522ccce0228647bb7ca361dc8efc28f4ea40b63b565c925e73edb0","73272cc69ebc72bc8c552bb940b4a3eb6590c783","Existing fallback retained; engineering/browser acceptance does not approve this copy; database override version is separately audited by publication CAS/history"
"CMS Partners","hero.title","en","messages/en.json:Partners.hero.title","WTIA content owner","EXISTING_SHIPPED_COPY_OWNER_RECONFIRMATION_PENDING","500e89945504f09503897006accec41b0a41e30bf703156d68c6adb1f769006b","73272cc69ebc72bc8c552bb940b4a3eb6590c783","Existing fallback retained; engineering/browser acceptance does not approve this copy; database override version is separately audited by publication CAS/history"
"CMS Partners","hero.title","zh-HK","messages/zh-HK.json:Partners.hero.title","WTIA content owner","EXISTING_SHIPPED_COPY_OWNER_RECONFIRMATION_PENDING","b216ec2b8ce704c17e51db8146aba4d915b94eb2c32a75acffcfc5d523b0b524","73272cc69ebc72bc8c552bb940b4a3eb6590c783","Existing fallback retained; engineering/browser acceptance does not approve this copy; database override version is separately audited by publication CAS/history"
"CMS Partners","hero.lead","en","messages/en.json:Partners.hero.lead","WTIA content owner","EXISTING_SHIPPED_COPY_OWNER_RECONFIRMATION_PENDING","fa437d36afe7bb986c78cca27c45653150f02b0e8915ebe9c6e3d682922ffd0b","73272cc69ebc72bc8c552bb940b4a3eb6590c783","Existing fallback retained; engineering/browser acceptance does not approve this copy; database override version is separately audited by publication CAS/history"
"CMS Partners","hero.lead","zh-HK","messages/zh-HK.json:Partners.hero.lead","WTIA content owner","EXISTING_SHIPPED_COPY_OWNER_RECONFIRMATION_PENDING","7aa7f52d1f98260328b1838d4180eb2bf5d4d35681d9395e41104de928f107ec","73272cc69ebc72bc8c552bb940b4a3eb6590c783","Existing fallback retained; engineering/browser acceptance does not approve this copy; database override version is separately audited by publication CAS/history"
"CMS Partners","hero.breadcrumbCurrent","en","messages/en.json:Partners.hero.breadcrumbCurrent","WTIA content owner","EXISTING_SHIPPED_COPY_OWNER_RECONFIRMATION_PENDING","2801b535bfda3bb73f77a9e6ef1d8330d1d72cefc8d7ffdb27ed51070b7bc2ab","73272cc69ebc72bc8c552bb940b4a3eb6590c783","Existing fallback retained; engineering/browser acceptance does not approve this copy; database override version is separately audited by publication CAS/history"
"CMS Partners","hero.breadcrumbCurrent","zh-HK","messages/zh-HK.json:Partners.hero.breadcrumbCurrent","WTIA content owner","EXISTING_SHIPPED_COPY_OWNER_RECONFIRMATION_PENDING","0bf04edd6d586d7b6d7fc5031492d5f7e2f80497ffcd45ecc9ad46585746f2c7","73272cc69ebc72bc8c552bb940b4a3eb6590c783","Existing fallback retained; engineering/browser acceptance does not approve this copy; database override version is separately audited by publication CAS/history"
"CMS Partners","sourceNote.eyebrow","en","messages/en.json:Partners.sourceNote.eyebrow","WTIA content owner","EXISTING_SHIPPED_COPY_OWNER_RECONFIRMATION_PENDING","9966d5ea9feeea57b3a41836833a5cf96512eacdfd52d7e647d3dae695b497b6","73272cc69ebc72bc8c552bb940b4a3eb6590c783","Existing fallback retained; engineering/browser acceptance does not approve this copy; database override version is separately audited by publication CAS/history"
"CMS Partners","sourceNote.eyebrow","zh-HK","messages/zh-HK.json:Partners.sourceNote.eyebrow","WTIA content owner","EXISTING_SHIPPED_COPY_OWNER_RECONFIRMATION_PENDING","ef3516a4548e75dacc747afb604296f84e0a1613682f04c493eddf78ff81e5e5","73272cc69ebc72bc8c552bb940b4a3eb6590c783","Existing fallback retained; engineering/browser acceptance does not approve this copy; database override version is separately audited by publication CAS/history"
"CMS Partners","sourceNote.title","en","messages/en.json:Partners.sourceNote.title","WTIA content owner","EXISTING_SHIPPED_COPY_OWNER_RECONFIRMATION_PENDING","862410120717d7a22b4cb21a6f554970ef5c4f5ba339af93bc935c9196098282","73272cc69ebc72bc8c552bb940b4a3eb6590c783","Existing fallback retained; engineering/browser acceptance does not approve this copy; database override version is separately audited by publication CAS/history"
"CMS Partners","sourceNote.title","zh-HK","messages/zh-HK.json:Partners.sourceNote.title","WTIA content owner","EXISTING_SHIPPED_COPY_OWNER_RECONFIRMATION_PENDING","43941686b85eb2a0077ba1572d9849a4ff879e1df492662819af08ac48570620","73272cc69ebc72bc8c552bb940b4a3eb6590c783","Existing fallback retained; engineering/browser acceptance does not approve this copy; database override version is separately audited by publication CAS/history"
"CMS Partners","sourceNote.copy","en","messages/en.json:Partners.sourceNote.copy","WTIA content owner","EXISTING_SHIPPED_COPY_OWNER_RECONFIRMATION_PENDING","7b722b24f4b7bca20ce7d45d5b5333bbe325098a9da61c96a54596f6911fb8cf","73272cc69ebc72bc8c552bb940b4a3eb6590c783","Existing fallback retained; engineering/browser acceptance does not approve this copy; database override version is separately audited by publication CAS/history"
"CMS Partners","sourceNote.copy","zh-HK","messages/zh-HK.json:Partners.sourceNote.copy","WTIA content owner","EXISTING_SHIPPED_COPY_OWNER_RECONFIRMATION_PENDING","a281b2df0a634b6eee4a09aaabcd458dd82b5d98e88140c42d8d50a4583d86b5","73272cc69ebc72bc8c552bb940b4a3eb6590c783","Existing fallback retained; engineering/browser acceptance does not approve this copy; database override version is separately audited by publication CAS/history"
"CMS Partners","sourceNote.count","en","messages/en.json:Partners.sourceNote.count","WTIA content owner","EXISTING_SHIPPED_COPY_OWNER_RECONFIRMATION_PENDING","4e59f69a26a18b1cfbe90c63859396fe8b76348abb1e673435a4e84f7a0c62f7","73272cc69ebc72bc8c552bb940b4a3eb6590c783","Existing fallback retained; engineering/browser acceptance does not approve this copy; database override version is separately audited by publication CAS/history"
"CMS Partners","sourceNote.count","zh-HK","messages/zh-HK.json:Partners.sourceNote.count","WTIA content owner","EXISTING_SHIPPED_COPY_OWNER_RECONFIRMATION_PENDING","a0d006ea74aee78e6d5264430f926a750a392c02d545b60ceb150eec53baec72","73272cc69ebc72bc8c552bb940b4a3eb6590c783","Existing fallback retained; engineering/browser acceptance does not approve this copy; database override version is separately audited by publication CAS/history"
"CMS Partners","categories.label","en","messages/en.json:Partners.categories.label","WTIA content owner","EXISTING_SHIPPED_COPY_OWNER_RECONFIRMATION_PENDING","339f5640b41da01555419799694a4e51f47c24098091a35a328a71144083dcbf","73272cc69ebc72bc8c552bb940b4a3eb6590c783","Existing fallback retained; engineering/browser acceptance does not approve this copy; database override version is separately audited by publication CAS/history"
"CMS Partners","categories.label","zh-HK","messages/zh-HK.json:Partners.categories.label","WTIA content owner","EXISTING_SHIPPED_COPY_OWNER_RECONFIRMATION_PENDING","646c31aaa6af2008e2e910ff4a6a68b3744c8c9b2b99d867ce87208fe29096f9","73272cc69ebc72bc8c552bb940b4a3eb6590c783","Existing fallback retained; engineering/browser acceptance does not approve this copy; database override version is separately audited by publication CAS/history"
"CMS Partners","categories.supporting","en","messages/en.json:Partners.categories.supporting","WTIA content owner","EXISTING_SHIPPED_COPY_OWNER_RECONFIRMATION_PENDING","c1221b29b82b5c9f5723c1f1f95dade4c36a6525029197730ec0cffab4c37907","73272cc69ebc72bc8c552bb940b4a3eb6590c783","Existing fallback retained; engineering/browser acceptance does not approve this copy; database override version is separately audited by publication CAS/history"
"CMS Partners","categories.supporting","zh-HK","messages/zh-HK.json:Partners.categories.supporting","WTIA content owner","EXISTING_SHIPPED_COPY_OWNER_RECONFIRMATION_PENDING","aafe20924cb7a08b3d9c83db9c327d5a22654f2ad6ebdcfc62390a5eec68a95c","73272cc69ebc72bc8c552bb940b4a3eb6590c783","Existing fallback retained; engineering/browser acceptance does not approve this copy; database override version is separately audited by publication CAS/history"
"CMS Partners","categories.regional","en","messages/en.json:Partners.categories.regional","WTIA content owner","EXISTING_SHIPPED_COPY_OWNER_RECONFIRMATION_PENDING","a89c8c81e20b5725d5b4e27d2689122e575e50ae26a6fa0a3d7f528c7393f4e2","73272cc69ebc72bc8c552bb940b4a3eb6590c783","Existing fallback retained; engineering/browser acceptance does not approve this copy; database override version is separately audited by publication CAS/history"
"CMS Partners","categories.regional","zh-HK","messages/zh-HK.json:Partners.categories.regional","WTIA content owner","EXISTING_SHIPPED_COPY_OWNER_RECONFIRMATION_PENDING","f1096029b2e2fcfa20ee5008e581c9e5209a252f0f8818c993a5d254ba89844c","73272cc69ebc72bc8c552bb940b4a3eb6590c783","Existing fallback retained; engineering/browser acceptance does not approve this copy; database override version is separately audited by publication CAS/history"
"CMS Partners","categories.media","en","messages/en.json:Partners.categories.media","WTIA content owner","EXISTING_SHIPPED_COPY_OWNER_RECONFIRMATION_PENDING","55bd4664a70293ed727abbd7ad7c1e7878294fe89c9c204c479aea7192b1e617","73272cc69ebc72bc8c552bb940b4a3eb6590c783","Existing fallback retained; engineering/browser acceptance does not approve this copy; database override version is separately audited by publication CAS/history"
"CMS Partners","categories.media","zh-HK","messages/zh-HK.json:Partners.categories.media","WTIA content owner","EXISTING_SHIPPED_COPY_OWNER_RECONFIRMATION_PENDING","c5050e21f7519ab54e67e1ff7d067bf5a8a5ba157b1321888258d84067b347ab","73272cc69ebc72bc8c552bb940b4a3eb6590c783","Existing fallback retained; engineering/browser acceptance does not approve this copy; database override version is separately audited by publication CAS/history"
"CMS Partners","categories.programme","en","messages/en.json:Partners.categories.programme","WTIA content owner","EXISTING_SHIPPED_COPY_OWNER_RECONFIRMATION_PENDING","873f6f5df25b56bd5b26d120146038512b157d213d2a2b232bae9f15375d2c1c","73272cc69ebc72bc8c552bb940b4a3eb6590c783","Existing fallback retained; engineering/browser acceptance does not approve this copy; database override version is separately audited by publication CAS/history"
"CMS Partners","categories.programme","zh-HK","messages/zh-HK.json:Partners.categories.programme","WTIA content owner","EXISTING_SHIPPED_COPY_OWNER_RECONFIRMATION_PENDING","c3eee1f7cb99c5ca1f9a8ee1b6303f157597e4010e06e3793d817157df28c74a","73272cc69ebc72bc8c552bb940b4a3eb6590c783","Existing fallback retained; engineering/browser acceptance does not approve this copy; database override version is separately audited by publication CAS/history"
"CMS Partners","categories.sponsor","en","messages/en.json:Partners.categories.sponsor","WTIA content owner","OWNER_POLICY_OR_BRANDING_SIGNOFF_REQUIRED","fb25859680c3d25a19060c92e867ea1722eb07d8c522b2c9c445092bc1728b2b","73272cc69ebc72bc8c552bb940b4a3eb6590c783","Existing fallback retained; engineering/browser acceptance does not approve this copy; database override version is separately audited by publication CAS/history"
"CMS Partners","categories.sponsor","zh-HK","messages/zh-HK.json:Partners.categories.sponsor","WTIA content owner","OWNER_POLICY_OR_BRANDING_SIGNOFF_REQUIRED","805737b3497c8a1b614bc300bd34c870323bbe15f09326a9f3383d221154481e","73272cc69ebc72bc8c552bb940b4a3eb6590c783","Existing fallback retained; engineering/browser acceptance does not approve this copy; database override version is separately audited by publication CAS/history"
"CMS Partners","group.eyebrow","en","messages/en.json:Partners.group.eyebrow","WTIA content owner","EXISTING_SHIPPED_COPY_OWNER_RECONFIRMATION_PENDING","fdfac0ae1ad92fe6f17628812a2ff5718751fed483eeb85b30724b80741074d4","73272cc69ebc72bc8c552bb940b4a3eb6590c783","Existing fallback retained; engineering/browser acceptance does not approve this copy; database override version is separately audited by publication CAS/history"
"CMS Partners","group.eyebrow","zh-HK","messages/zh-HK.json:Partners.group.eyebrow","WTIA content owner","EXISTING_SHIPPED_COPY_OWNER_RECONFIRMATION_PENDING","897ca40eaf03bf543f6d0270859899ce1fe0b2722440946ff0551d166f100d5c","73272cc69ebc72bc8c552bb940b4a3eb6590c783","Existing fallback retained; engineering/browser acceptance does not approve this copy; database override version is separately audited by publication CAS/history"
"CMS Partners","group.count","en","messages/en.json:Partners.group.count","WTIA content owner","EXISTING_SHIPPED_COPY_OWNER_RECONFIRMATION_PENDING","feeb99574316025cbeb46993d4a004dea4cc543a0dfdbd01708b74ff81b84296","73272cc69ebc72bc8c552bb940b4a3eb6590c783","Existing fallback retained; engineering/browser acceptance does not approve this copy; database override version is separately audited by publication CAS/history"
"CMS Partners","group.count","zh-HK","messages/zh-HK.json:Partners.group.count","WTIA content owner","EXISTING_SHIPPED_COPY_OWNER_RECONFIRMATION_PENDING","a51fcbdd8052fd79ad222dbc836eb93986481b75a1a4bf62a9c4c7667c5a1f42","73272cc69ebc72bc8c552bb940b4a3eb6590c783","Existing fallback retained; engineering/browser acceptance does not approve this copy; database override version is separately audited by publication CAS/history"
"CMS Partners","record.badge","en","messages/en.json:Partners.record.badge","WTIA content owner","EXISTING_SHIPPED_COPY_OWNER_RECONFIRMATION_PENDING","6f1ae41c329a02b6f0b33eb687686283da03805bff6950b580df5620d68a59e4","73272cc69ebc72bc8c552bb940b4a3eb6590c783","Existing fallback retained; engineering/browser acceptance does not approve this copy; database override version is separately audited by publication CAS/history"
"CMS Partners","record.badge","zh-HK","messages/zh-HK.json:Partners.record.badge","WTIA content owner","EXISTING_SHIPPED_COPY_OWNER_RECONFIRMATION_PENDING","b40e763fda312e09928277c760ad1e703fe701cee197ccb3009394934c62941b","73272cc69ebc72bc8c552bb940b4a3eb6590c783","Existing fallback retained; engineering/browser acceptance does not approve this copy; database override version is separately audited by publication CAS/history"
"CMS Partners","record.relationship","en","messages/en.json:Partners.record.relationship","WTIA content owner","EXISTING_SHIPPED_COPY_OWNER_RECONFIRMATION_PENDING","d41f052b63974f9bcde8a8b2073f5843eb0d13767fcea7273afb5b3d45549072","73272cc69ebc72bc8c552bb940b4a3eb6590c783","Existing fallback retained; engineering/browser acceptance does not approve this copy; database override version is separately audited by publication CAS/history"
"CMS Partners","record.relationship","zh-HK","messages/zh-HK.json:Partners.record.relationship","WTIA content owner","EXISTING_SHIPPED_COPY_OWNER_RECONFIRMATION_PENDING","d0e97bc73f659a73b3632da0c9fba6e58fbf7e2d0f15f204f711ae91dcc44cc3","73272cc69ebc72bc8c552bb940b4a3eb6590c783","Existing fallback retained; engineering/browser acceptance does not approve this copy; database override version is separately audited by publication CAS/history"
"CMS Partners","record.relationshipCopy.supporting","en","messages/en.json:Partners.record.relationshipCopy.supporting","WTIA content owner","EXISTING_SHIPPED_COPY_OWNER_RECONFIRMATION_PENDING","756406e92292a3d79c3056102e34b0378322b618fb916f0913fe6d18f92f7866","73272cc69ebc72bc8c552bb940b4a3eb6590c783","Existing fallback retained; engineering/browser acceptance does not approve this copy; database override version is separately audited by publication CAS/history"
"CMS Partners","record.relationshipCopy.supporting","zh-HK","messages/zh-HK.json:Partners.record.relationshipCopy.supporting","WTIA content owner","EXISTING_SHIPPED_COPY_OWNER_RECONFIRMATION_PENDING","7925ac05907862915a718f9ad72dd6fc703ab730dbc1416281c5d0ab07a22768","73272cc69ebc72bc8c552bb940b4a3eb6590c783","Existing fallback retained; engineering/browser acceptance does not approve this copy; database override version is separately audited by publication CAS/history"
"CMS Partners","record.relationshipCopy.regional","en","messages/en.json:Partners.record.relationshipCopy.regional","WTIA content owner","EXISTING_SHIPPED_COPY_OWNER_RECONFIRMATION_PENDING","8185fd76ecc48c03a580b2630462a38becbe844fde3dab4cd632cc3dd6137c90","73272cc69ebc72bc8c552bb940b4a3eb6590c783","Existing fallback retained; engineering/browser acceptance does not approve this copy; database override version is separately audited by publication CAS/history"
"CMS Partners","record.relationshipCopy.regional","zh-HK","messages/zh-HK.json:Partners.record.relationshipCopy.regional","WTIA content owner","EXISTING_SHIPPED_COPY_OWNER_RECONFIRMATION_PENDING","9fa21f37ab71132ca1b5047f056d17fe57263837cad03684b7e45220a4972258","73272cc69ebc72bc8c552bb940b4a3eb6590c783","Existing fallback retained; engineering/browser acceptance does not approve this copy; database override version is separately audited by publication CAS/history"
"CMS Partners","record.relationshipCopy.media","en","messages/en.json:Partners.record.relationshipCopy.media","WTIA content owner","EXISTING_SHIPPED_COPY_OWNER_RECONFIRMATION_PENDING","e036d257139bfe267635a089d851c4cf8892872e62c0234ae39fb81d0b026e6b","73272cc69ebc72bc8c552bb940b4a3eb6590c783","Existing fallback retained; engineering/browser acceptance does not approve this copy; database override version is separately audited by publication CAS/history"
"CMS Partners","record.relationshipCopy.media","zh-HK","messages/zh-HK.json:Partners.record.relationshipCopy.media","WTIA content owner","EXISTING_SHIPPED_COPY_OWNER_RECONFIRMATION_PENDING","8cb4f22716afb2404647f866381f7ab70cefd29e97d65ea40c9062ee369a8d1c","73272cc69ebc72bc8c552bb940b4a3eb6590c783","Existing fallback retained; engineering/browser acceptance does not approve this copy; database override version is separately audited by publication CAS/history"
"CMS Partners","record.relationshipCopy.programme","en","messages/en.json:Partners.record.relationshipCopy.programme","WTIA content owner","EXISTING_SHIPPED_COPY_OWNER_RECONFIRMATION_PENDING","e6361263cec029adc57f83cb97b4a6258f1fea85adc25742f2d290d6a828940a","73272cc69ebc72bc8c552bb940b4a3eb6590c783","Existing fallback retained; engineering/browser acceptance does not approve this copy; database override version is separately audited by publication CAS/history"
"CMS Partners","record.relationshipCopy.programme","zh-HK","messages/zh-HK.json:Partners.record.relationshipCopy.programme","WTIA content owner","EXISTING_SHIPPED_COPY_OWNER_RECONFIRMATION_PENDING","49df20a677758c8c5363f14122591c6d89bf88c594d75b142d82178c77ad69d2","73272cc69ebc72bc8c552bb940b4a3eb6590c783","Existing fallback retained; engineering/browser acceptance does not approve this copy; database override version is separately audited by publication CAS/history"
"CMS Partners","record.relationshipCopy.sponsor","en","messages/en.json:Partners.record.relationshipCopy.sponsor","WTIA content owner","OWNER_POLICY_OR_BRANDING_SIGNOFF_REQUIRED","c43218955b8ff05cd1f548e19931037cdfa9e862f29b377e5034dda7335248e5","73272cc69ebc72bc8c552bb940b4a3eb6590c783","Existing fallback retained; engineering/browser acceptance does not approve this copy; database override version is separately audited by publication CAS/history"
"CMS Partners","record.relationshipCopy.sponsor","zh-HK","messages/zh-HK.json:Partners.record.relationshipCopy.sponsor","WTIA content owner","OWNER_POLICY_OR_BRANDING_SIGNOFF_REQUIRED","838efbbb16127e64714ed7f68120d056fdb8d0e908eed7d2c3c1b0180d5fab76","73272cc69ebc72bc8c552bb940b4a3eb6590c783","Existing fallback retained; engineering/browser acceptance does not approve this copy; database override version is separately audited by publication CAS/history"
"CMS Partners","record.website","en","messages/en.json:Partners.record.website","WTIA content owner","EXISTING_SHIPPED_COPY_OWNER_RECONFIRMATION_PENDING","2ab8c9aaa23c16b432d6d6074fd0fd7e7f03e231bcca7849e1c7fde768d44b53","73272cc69ebc72bc8c552bb940b4a3eb6590c783","Existing fallback retained; engineering/browser acceptance does not approve this copy; database override version is separately audited by publication CAS/history"
"CMS Partners","record.website","zh-HK","messages/zh-HK.json:Partners.record.website","WTIA content owner","EXISTING_SHIPPED_COPY_OWNER_RECONFIRMATION_PENDING","d36e3e169486b9c01d93d6946ce3d58530f300c3715bcd7a4859b3173738935b","73272cc69ebc72bc8c552bb940b4a3eb6590c783","Existing fallback retained; engineering/browser acceptance does not approve this copy; database override version is separately audited by publication CAS/history"
"CMS Partners","record.status","en","messages/en.json:Partners.record.status","WTIA content owner","EXISTING_SHIPPED_COPY_OWNER_RECONFIRMATION_PENDING","c173724ef8ab1f91511a79a7504354233454f5eece1d816a9dc97e8b4b1580e8","73272cc69ebc72bc8c552bb940b4a3eb6590c783","Existing fallback retained; engineering/browser acceptance does not approve this copy; database override version is separately audited by publication CAS/history"
"CMS Partners","record.status","zh-HK","messages/zh-HK.json:Partners.record.status","WTIA content owner","EXISTING_SHIPPED_COPY_OWNER_RECONFIRMATION_PENDING","34d0bac40b736d58675906ae059795b3252e3b777176c38508e6fead07ba0579","73272cc69ebc72bc8c552bb940b4a3eb6590c783","Existing fallback retained; engineering/browser acceptance does not approve this copy; database override version is separately audited by publication CAS/history"
"CMS Partners","record.confirmed","en","messages/en.json:Partners.record.confirmed","WTIA content owner","EXISTING_SHIPPED_COPY_OWNER_RECONFIRMATION_PENDING","1da89e38ae34514604983a27391ccf65db56e21c6621b974e1992f8f6dbf189a","73272cc69ebc72bc8c552bb940b4a3eb6590c783","Existing fallback retained; engineering/browser acceptance does not approve this copy; database override version is separately audited by publication CAS/history"
"CMS Partners","record.confirmed","zh-HK","messages/zh-HK.json:Partners.record.confirmed","WTIA content owner","EXISTING_SHIPPED_COPY_OWNER_RECONFIRMATION_PENDING","c0726e379d07de7dda8c715418b79549f593babc9b774e20a98a1b03a7db161e","73272cc69ebc72bc8c552bb940b4a3eb6590c783","Existing fallback retained; engineering/browser acceptance does not approve this copy; database override version is separately audited by publication CAS/history"
"CMS Partners","record.since","en","messages/en.json:Partners.record.since","WTIA content owner","EXISTING_SHIPPED_COPY_OWNER_RECONFIRMATION_PENDING","6c5c1a19698c5e6b334e74fb87e993dd8f93726acaa12552b3644cb2ee346975","73272cc69ebc72bc8c552bb940b4a3eb6590c783","Existing fallback retained; engineering/browser acceptance does not approve this copy; database override version is separately audited by publication CAS/history"
"CMS Partners","record.since","zh-HK","messages/zh-HK.json:Partners.record.since","WTIA content owner","EXISTING_SHIPPED_COPY_OWNER_RECONFIRMATION_PENDING","cf6456300722ca2718ff122f97b9a504f479159ae76f2928989ff4233e2fbac4","73272cc69ebc72bc8c552bb940b4a3eb6590c783","Existing fallback retained; engineering/browser acceptance does not approve this copy; database override version is separately audited by publication CAS/history"
"CMS Partners","record.window","en","messages/en.json:Partners.record.window","WTIA content owner","EXISTING_SHIPPED_COPY_OWNER_RECONFIRMATION_PENDING","a1d81323687c1163c5add25d94a484bf3a6b540d6fab5354f6b9a87cd7c79dcb","73272cc69ebc72bc8c552bb940b4a3eb6590c783","Existing fallback retained; engineering/browser acceptance does not approve this copy; database override version is separately audited by publication CAS/history"
"CMS Partners","record.window","zh-HK","messages/zh-HK.json:Partners.record.window","WTIA content owner","EXISTING_SHIPPED_COPY_OWNER_RECONFIRMATION_PENDING","7e6e75d732668c88e3736fcb361ad7de117cc5149b0ccf7c48dcd12829163fbf","73272cc69ebc72bc8c552bb940b4a3eb6590c783","Existing fallback retained; engineering/browser acceptance does not approve this copy; database override version is separately audited by publication CAS/history"
"CMS Partners","empty.label","en","messages/en.json:Partners.empty.label","WTIA content owner","EXISTING_SHIPPED_COPY_OWNER_RECONFIRMATION_PENDING","2862061eebc30f5c059d49e0a02f455dd52f4d5b2772cfd5b9d220c0f06f48a9","73272cc69ebc72bc8c552bb940b4a3eb6590c783","Existing fallback retained; engineering/browser acceptance does not approve this copy; database override version is separately audited by publication CAS/history"
"CMS Partners","empty.label","zh-HK","messages/zh-HK.json:Partners.empty.label","WTIA content owner","EXISTING_SHIPPED_COPY_OWNER_RECONFIRMATION_PENDING","b40e763fda312e09928277c760ad1e703fe701cee197ccb3009394934c62941b","73272cc69ebc72bc8c552bb940b4a3eb6590c783","Existing fallback retained; engineering/browser acceptance does not approve this copy; database override version is separately audited by publication CAS/history"
"CMS Partners","empty.title","en","messages/en.json:Partners.empty.title","WTIA content owner","EXISTING_SHIPPED_COPY_OWNER_RECONFIRMATION_PENDING","b593076fe37634ce691aa9aaf4eed0b62852fd087152817d346cbdc0761a6d68","73272cc69ebc72bc8c552bb940b4a3eb6590c783","Existing fallback retained; engineering/browser acceptance does not approve this copy; database override version is separately audited by publication CAS/history"
"CMS Partners","empty.title","zh-HK","messages/zh-HK.json:Partners.empty.title","WTIA content owner","EXISTING_SHIPPED_COPY_OWNER_RECONFIRMATION_PENDING","951e536e65620adb5674e9dc608b80fed43ec928256f152691c2d9c010ff31c4","73272cc69ebc72bc8c552bb940b4a3eb6590c783","Existing fallback retained; engineering/browser acceptance does not approve this copy; database override version is separately audited by publication CAS/history"
"CMS Partners","empty.copy","en","messages/en.json:Partners.empty.copy","WTIA content owner","EXISTING_SHIPPED_COPY_OWNER_RECONFIRMATION_PENDING","09748c177dfdf795cc6d1037aaefeb114e861e3760581c6c83bac2830b2b9221","73272cc69ebc72bc8c552bb940b4a3eb6590c783","Existing fallback retained; engineering/browser acceptance does not approve this copy; database override version is separately audited by publication CAS/history"
"CMS Partners","empty.copy","zh-HK","messages/zh-HK.json:Partners.empty.copy","WTIA content owner","EXISTING_SHIPPED_COPY_OWNER_RECONFIRMATION_PENDING","2318022310033fd7b3f5998f8af4d24afd86f5d44daf10994cbd0598e585d223","73272cc69ebc72bc8c552bb940b4a3eb6590c783","Existing fallback retained; engineering/browser acceptance does not approve this copy; database override version is separately audited by publication CAS/history"
"CMS Partners","empty.action","en","messages/en.json:Partners.empty.action","WTIA content owner","EXISTING_SHIPPED_COPY_OWNER_RECONFIRMATION_PENDING","bb4874bfd49c8ee8e98303952a9ea160cdd9b31c859ecd0ce6c763577961e8e9","73272cc69ebc72bc8c552bb940b4a3eb6590c783","Existing fallback retained; engineering/browser acceptance does not approve this copy; database override version is separately audited by publication CAS/history"
"CMS Partners","empty.action","zh-HK","messages/zh-HK.json:Partners.empty.action","WTIA content owner","EXISTING_SHIPPED_COPY_OWNER_RECONFIRMATION_PENDING","fc7cc779f705eed24b84977c9a4ec788680f8ec593b0a8846e12d389df8f2047","73272cc69ebc72bc8c552bb940b4a3eb6590c783","Existing fallback retained; engineering/browser acceptance does not approve this copy; database override version is separately audited by publication CAS/history"
"CMS Partners","update.eyebrow","en","messages/en.json:Partners.update.eyebrow","WTIA content owner","EXISTING_SHIPPED_COPY_OWNER_RECONFIRMATION_PENDING","8b1c020edd2c73bc824331ce92111ef871ff54b070afcf4cd684c31b5a58f5af","73272cc69ebc72bc8c552bb940b4a3eb6590c783","Existing fallback retained; engineering/browser acceptance does not approve this copy; database override version is separately audited by publication CAS/history"
"CMS Partners","update.eyebrow","zh-HK","messages/zh-HK.json:Partners.update.eyebrow","WTIA content owner","EXISTING_SHIPPED_COPY_OWNER_RECONFIRMATION_PENDING","d78982694e55904f7b09d68981890023b327254ae4bb82ddabbf97b0d1c8862d","73272cc69ebc72bc8c552bb940b4a3eb6590c783","Existing fallback retained; engineering/browser acceptance does not approve this copy; database override version is separately audited by publication CAS/history"
"CMS Partners","update.title","en","messages/en.json:Partners.update.title","WTIA content owner","EXISTING_SHIPPED_COPY_OWNER_RECONFIRMATION_PENDING","bb2331db7ac41e54f5daa70078d055822bd11dfe9c1e89ddfd42dcf6d298076b","73272cc69ebc72bc8c552bb940b4a3eb6590c783","Existing fallback retained; engineering/browser acceptance does not approve this copy; database override version is separately audited by publication CAS/history"
"CMS Partners","update.title","zh-HK","messages/zh-HK.json:Partners.update.title","WTIA content owner","EXISTING_SHIPPED_COPY_OWNER_RECONFIRMATION_PENDING","567f6ae4874ae2bf1be413702a7b84e134204b04d8a5f5b7cde98d269e03e90c","73272cc69ebc72bc8c552bb940b4a3eb6590c783","Existing fallback retained; engineering/browser acceptance does not approve this copy; database override version is separately audited by publication CAS/history"
"CMS Partners","update.copy","en","messages/en.json:Partners.update.copy","WTIA content owner","EXISTING_SHIPPED_COPY_OWNER_RECONFIRMATION_PENDING","748c5a3a2b3198b0b5e94b1784adf320ea2ec07be150949592df232732b6ea8a","73272cc69ebc72bc8c552bb940b4a3eb6590c783","Existing fallback retained; engineering/browser acceptance does not approve this copy; database override version is separately audited by publication CAS/history"
"CMS Partners","update.copy","zh-HK","messages/zh-HK.json:Partners.update.copy","WTIA content owner","EXISTING_SHIPPED_COPY_OWNER_RECONFIRMATION_PENDING","af29de89eb36e281f08c9dfef62df7e125159070ef92f37838bf8eb29076aaf6","73272cc69ebc72bc8c552bb940b4a3eb6590c783","Existing fallback retained; engineering/browser acceptance does not approve this copy; database override version is separately audited by publication CAS/history"
"CMS Partners","update.action","en","messages/en.json:Partners.update.action","WTIA content owner","EXISTING_SHIPPED_COPY_OWNER_RECONFIRMATION_PENDING","bb4874bfd49c8ee8e98303952a9ea160cdd9b31c859ecd0ce6c763577961e8e9","73272cc69ebc72bc8c552bb940b4a3eb6590c783","Existing fallback retained; engineering/browser acceptance does not approve this copy; database override version is separately audited by publication CAS/history"
"CMS Partners","update.action","zh-HK","messages/zh-HK.json:Partners.update.action","WTIA content owner","EXISTING_SHIPPED_COPY_OWNER_RECONFIRMATION_PENDING","fc7cc779f705eed24b84977c9a4ec788680f8ec593b0a8846e12d389df8f2047","73272cc69ebc72bc8c552bb940b4a3eb6590c783","Existing fallback retained; engineering/browser acceptance does not approve this copy; database override version is separately audited by publication CAS/history"
"CMS MarketingExtras","footerTagline","en","messages/en.json:MarketingExtras.footerTagline","WTIA content owner","EXISTING_SHIPPED_COPY_OWNER_RECONFIRMATION_PENDING","ec23b18a99aac4183cddf8c59f15adc75cdf397a5f69aba90a0b37066c528a73","73272cc69ebc72bc8c552bb940b4a3eb6590c783","Existing fallback retained; engineering/browser acceptance does not approve this copy; database override version is separately audited by publication CAS/history"
"CMS MarketingExtras","footerTagline","zh-HK","messages/zh-HK.json:MarketingExtras.footerTagline","WTIA content owner","EXISTING_SHIPPED_COPY_OWNER_RECONFIRMATION_PENDING","ec23b18a99aac4183cddf8c59f15adc75cdf397a5f69aba90a0b37066c528a73","73272cc69ebc72bc8c552bb940b4a3eb6590c783","Existing fallback retained; engineering/browser acceptance does not approve this copy; database override version is separately audited by publication CAS/history"
"programme asa","id","typed","content/programs/asa.ts:id","WTIA programme / content owner","ARCHIVE_SOURCED_OR_EXPLICIT_DRAFT_OWNER_SIGNOFF_PENDING","f52498b5b1457b476da8195b9627eff773b9a3ffcdaf8e419748edf0ddcecc47","73272cc69ebc72bc8c552bb940b4a3eb6590c783","Read current typed record source comments with corrected programme claims review; source transcription is not fresh WTIA approval; no new brand, winner, funder, count or entitlement invented"
"programme asa","editions[0].labelEn","en","content/programs/asa.ts:editions[0].labelEn","WTIA programme / content owner","ARCHIVE_SOURCED_OR_EXPLICIT_DRAFT_OWNER_SIGNOFF_PENDING","48ea9b3b7f138ed6d44281ee561abbb0a425afd13dead432f1b2cfbb291300a5","73272cc69ebc72bc8c552bb940b4a3eb6590c783","Read current typed record source comments with corrected programme claims review; source transcription is not fresh WTIA approval; no new brand, winner, funder, count or entitlement invented"
"programme asa","editions[0].labelZh","zh-HK","content/programs/asa.ts:editions[0].labelZh","WTIA programme / content owner","ARCHIVE_SOURCED_OR_EXPLICIT_DRAFT_OWNER_SIGNOFF_PENDING","48ea9b3b7f138ed6d44281ee561abbb0a425afd13dead432f1b2cfbb291300a5","73272cc69ebc72bc8c552bb940b4a3eb6590c783","Read current typed record source comments with corrected programme claims review; source transcription is not fresh WTIA approval; no new brand, winner, funder, count or entitlement invented"
"programme asa","editions[0].yearStart","typed","content/programs/asa.ts:editions[0].yearStart","WTIA programme / content owner","ARCHIVE_SOURCED_OR_EXPLICIT_DRAFT_OWNER_SIGNOFF_PENDING","7931aa2a1bed855457d1ddf6bc06ab4406a9fba0579045a4d6ff78f9c07c440f","73272cc69ebc72bc8c552bb940b4a3eb6590c783","Read current typed record source comments with corrected programme claims review; source transcription is not fresh WTIA approval; no new brand, winner, funder, count or entitlement invented"
"programme asa","editions[0].funder.kind","typed","content/programs/asa.ts:editions[0].funder.kind","WTIA programme / content owner","ARCHIVE_SOURCED_OR_EXPLICIT_DRAFT_OWNER_SIGNOFF_PENDING","6a1f654b03850bc338f9de5366c409cd3d8f7ffe72100f21a7ed58bd36998bda","73272cc69ebc72bc8c552bb940b4a3eb6590c783","Read current typed record source comments with corrected programme claims review; source transcription is not fresh WTIA approval; no new brand, winner, funder, count or entitlement invented"
"programme asa","editions[0].regions.kind","typed","content/programs/asa.ts:editions[0].regions.kind","WTIA programme / content owner","ARCHIVE_SOURCED_OR_EXPLICIT_DRAFT_OWNER_SIGNOFF_PENDING","cfa4e28cf15bc31d57c2009bc3ebcecac04da556c5ce0658d68655777c606a73","73272cc69ebc72bc8c552bb940b4a3eb6590c783","Read current typed record source comments with corrected programme claims review; source transcription is not fresh WTIA approval; no new brand, winner, funder, count or entitlement invented"
"programme asa","editions[0].regions.count","typed","content/programs/asa.ts:editions[0].regions.count","WTIA programme / content owner","ARCHIVE_SOURCED_OR_EXPLICIT_DRAFT_OWNER_SIGNOFF_PENDING","7902699be42c8a8e46fbbb4501726517e86b22c56a189f7625a6da49081b2451","73272cc69ebc72bc8c552bb940b4a3eb6590c783","Read current typed record source comments with corrected programme claims review; source transcription is not fresh WTIA approval; no new brand, winner, funder, count or entitlement invented"
"programme asa","editions[0].winners.kind","typed","content/programs/asa.ts:editions[0].winners.kind","WTIA programme / content owner","ARCHIVE_SOURCED_OR_EXPLICIT_DRAFT_OWNER_SIGNOFF_PENDING","40912d2098796621f4c8ce1af94a599197c96ca5685deb2b1bea82432cc081ea","73272cc69ebc72bc8c552bb940b4a3eb6590c783","Read current typed record source comments with corrected programme claims review; source transcription is not fresh WTIA approval; no new brand, winner, funder, count or entitlement invented"
"programme asa","editions[1].labelEn","en","content/programs/asa.ts:editions[1].labelEn","WTIA programme / content owner","ARCHIVE_SOURCED_OR_EXPLICIT_DRAFT_OWNER_SIGNOFF_PENDING","a6205d19e7261c10c367872d646750c09c3c421e422047fffd4b67e8ae3e8271","73272cc69ebc72bc8c552bb940b4a3eb6590c783","Read current typed record source comments with corrected programme claims review; source transcription is not fresh WTIA approval; no new brand, winner, funder, count or entitlement invented"
"programme asa","editions[1].labelZh","zh-HK","content/programs/asa.ts:editions[1].labelZh","WTIA programme / content owner","ARCHIVE_SOURCED_OR_EXPLICIT_DRAFT_OWNER_SIGNOFF_PENDING","a6205d19e7261c10c367872d646750c09c3c421e422047fffd4b67e8ae3e8271","73272cc69ebc72bc8c552bb940b4a3eb6590c783","Read current typed record source comments with corrected programme claims review; source transcription is not fresh WTIA approval; no new brand, winner, funder, count or entitlement invented"
"programme asa","editions[1].yearStart","typed","content/programs/asa.ts:editions[1].yearStart","WTIA programme / content owner","ARCHIVE_SOURCED_OR_EXPLICIT_DRAFT_OWNER_SIGNOFF_PENDING","a85e9db4851f7cd3efb8db7bf69a07cfb97bc528b72785a9cff7bdfef7e2279d","73272cc69ebc72bc8c552bb940b4a3eb6590c783","Read current typed record source comments with corrected programme claims review; source transcription is not fresh WTIA approval; no new brand, winner, funder, count or entitlement invented"
"programme asa","editions[1].funder.kind","typed","content/programs/asa.ts:editions[1].funder.kind","WTIA programme / content owner","ARCHIVE_SOURCED_OR_EXPLICIT_DRAFT_OWNER_SIGNOFF_PENDING","6a1f654b03850bc338f9de5366c409cd3d8f7ffe72100f21a7ed58bd36998bda","73272cc69ebc72bc8c552bb940b4a3eb6590c783","Read current typed record source comments with corrected programme claims review; source transcription is not fresh WTIA approval; no new brand, winner, funder, count or entitlement invented"
"programme asa","editions[1].regions.kind","typed","content/programs/asa.ts:editions[1].regions.kind","WTIA programme / content owner","ARCHIVE_SOURCED_OR_EXPLICIT_DRAFT_OWNER_SIGNOFF_PENDING","40912d2098796621f4c8ce1af94a599197c96ca5685deb2b1bea82432cc081ea","73272cc69ebc72bc8c552bb940b4a3eb6590c783","Read current typed record source comments with corrected programme claims review; source transcription is not fresh WTIA approval; no new brand, winner, funder, count or entitlement invented"
"programme asa","editions[1].winners.kind","typed","content/programs/asa.ts:editions[1].winners.kind","WTIA programme / content owner","ARCHIVE_SOURCED_OR_EXPLICIT_DRAFT_OWNER_SIGNOFF_PENDING","40912d2098796621f4c8ce1af94a599197c96ca5685deb2b1bea82432cc081ea","73272cc69ebc72bc8c552bb940b4a3eb6590c783","Read current typed record source comments with corrected programme claims review; source transcription is not fresh WTIA approval; no new brand, winner, funder, count or entitlement invented"
"programme asa","editions[2].labelEn","en","content/programs/asa.ts:editions[2].labelEn","WTIA programme / content owner","ARCHIVE_SOURCED_OR_EXPLICIT_DRAFT_OWNER_SIGNOFF_PENDING","89ea08da37ce50fbc9905fb90642c9b8522217cb4010e8a07969eed6d62f62b6","73272cc69ebc72bc8c552bb940b4a3eb6590c783","Read current typed record source comments with corrected programme claims review; source transcription is not fresh WTIA approval; no new brand, winner, funder, count or entitlement invented"
"programme asa","editions[2].labelZh","zh-HK","content/programs/asa.ts:editions[2].labelZh","WTIA programme / content owner","ARCHIVE_SOURCED_OR_EXPLICIT_DRAFT_OWNER_SIGNOFF_PENDING","89ea08da37ce50fbc9905fb90642c9b8522217cb4010e8a07969eed6d62f62b6","73272cc69ebc72bc8c552bb940b4a3eb6590c783","Read current typed record source comments with corrected programme claims review; source transcription is not fresh WTIA approval; no new brand, winner, funder, count or entitlement invented"
"programme asa","editions[2].yearStart","typed","content/programs/asa.ts:editions[2].yearStart","WTIA programme / content owner","ARCHIVE_SOURCED_OR_EXPLICIT_DRAFT_OWNER_SIGNOFF_PENDING","da6e2f539726fabd1f8cd7c9469a22b36769137975b28abc65fe2dc29e659b77","73272cc69ebc72bc8c552bb940b4a3eb6590c783","Read current typed record source comments with corrected programme claims review; source transcription is not fresh WTIA approval; no new brand, winner, funder, count or entitlement invented"
"programme asa","editions[2].funder.kind","typed","content/programs/asa.ts:editions[2].funder.kind","WTIA programme / content owner","ARCHIVE_SOURCED_OR_EXPLICIT_DRAFT_OWNER_SIGNOFF_PENDING","6a1f654b03850bc338f9de5366c409cd3d8f7ffe72100f21a7ed58bd36998bda","73272cc69ebc72bc8c552bb940b4a3eb6590c783","Read current typed record source comments with corrected programme claims review; source transcription is not fresh WTIA approval; no new brand, winner, funder, count or entitlement invented"
"programme asa","editions[2].regions.kind","typed","content/programs/asa.ts:editions[2].regions.kind","WTIA programme / content owner","ARCHIVE_SOURCED_OR_EXPLICIT_DRAFT_OWNER_SIGNOFF_PENDING","cfa4e28cf15bc31d57c2009bc3ebcecac04da556c5ce0658d68655777c606a73","73272cc69ebc72bc8c552bb940b4a3eb6590c783","Read current typed record source comments with corrected programme claims review; source transcription is not fresh WTIA approval; no new brand, winner, funder, count or entitlement invented"
"programme asa","editions[2].regions.count","typed","content/programs/asa.ts:editions[2].regions.count","WTIA programme / content owner","ARCHIVE_SOURCED_OR_EXPLICIT_DRAFT_OWNER_SIGNOFF_PENDING","19581e27de7ced00ff1ce50b2047e7a567c76b1cbaebabe5ef03f7c3017bb5b7","73272cc69ebc72bc8c552bb940b4a3eb6590c783","Read current typed record source comments with corrected programme claims review; source transcription is not fresh WTIA approval; no new brand, winner, funder, count or entitlement invented"
"programme asa","editions[2].winners.kind","typed","content/programs/asa.ts:editions[2].winners.kind","WTIA programme / content owner","ARCHIVE_SOURCED_OR_EXPLICIT_DRAFT_OWNER_SIGNOFF_PENDING","40912d2098796621f4c8ce1af94a599197c96ca5685deb2b1bea82432cc081ea","73272cc69ebc72bc8c552bb940b4a3eb6590c783","Read current typed record source comments with corrected programme claims review; source transcription is not fresh WTIA approval; no new brand, winner, funder, count or entitlement invented"
"programme asa","editions[3].labelEn","en","content/programs/asa.ts:editions[3].labelEn","WTIA programme / content owner","ARCHIVE_SOURCED_OR_EXPLICIT_DRAFT_OWNER_SIGNOFF_PENDING","5b32869fec0d67950c028d6bfc5ee1d8fa9efdca4ebd1333600efec65eb95ba2","73272cc69ebc72bc8c552bb940b4a3eb6590c783","Read current typed record source comments with corrected programme claims review; source transcription is not fresh WTIA approval; no new brand, winner, funder, count or entitlement invented"
"programme asa","editions[3].labelZh","zh-HK","content/programs/asa.ts:editions[3].labelZh","WTIA programme / content owner","ARCHIVE_SOURCED_OR_EXPLICIT_DRAFT_OWNER_SIGNOFF_PENDING","5b32869fec0d67950c028d6bfc5ee1d8fa9efdca4ebd1333600efec65eb95ba2","73272cc69ebc72bc8c552bb940b4a3eb6590c783","Read current typed record source comments with corrected programme claims review; source transcription is not fresh WTIA approval; no new brand, winner, funder, count or entitlement invented"
"programme asa","editions[3].yearStart","typed","content/programs/asa.ts:editions[3].yearStart","WTIA programme / content owner","ARCHIVE_SOURCED_OR_EXPLICIT_DRAFT_OWNER_SIGNOFF_PENDING","46e67c525617663b392a53c0e94ba79e62db62a851fb175ae87756d4e73c9718","73272cc69ebc72bc8c552bb940b4a3eb6590c783","Read current typed record source comments with corrected programme claims review; source transcription is not fresh WTIA approval; no new brand, winner, funder, count or entitlement invented"
"programme asa","editions[3].funder.kind","typed","content/programs/asa.ts:editions[3].funder.kind","WTIA programme / content owner","ARCHIVE_SOURCED_OR_EXPLICIT_DRAFT_OWNER_SIGNOFF_PENDING","6ea2cc6389d4c832777612a884a024a36a4f96b28989ceb22d2356c96c46d873","73272cc69ebc72bc8c552bb940b4a3eb6590c783","Read current typed record source comments with corrected programme claims review; source transcription is not fresh WTIA approval; no new brand, winner, funder, count or entitlement invented"
"programme asa","editions[3].funder.agency","typed","content/programs/asa.ts:editions[3].funder.agency","WTIA programme / content owner","ARCHIVE_SOURCED_OR_EXPLICIT_DRAFT_OWNER_SIGNOFF_PENDING","1bdc5c58d39ac0da2738e432ffbcb714e4f62341c2467852c637d11f76c38495","73272cc69ebc72bc8c552bb940b4a3eb6590c783","Read current typed record source comments with corrected programme claims review; source transcription is not fresh WTIA approval; no new brand, winner, funder, count or entitlement invented"
"programme asa","editions[3].funder.initiative","typed","content/programs/asa.ts:editions[3].funder.initiative","WTIA programme / content owner","ARCHIVE_SOURCED_OR_EXPLICIT_DRAFT_OWNER_SIGNOFF_PENDING","74234e98afe7498fb5daf1f36ac2d78acc339464f950703b8c019892f982b90b","73272cc69ebc72bc8c552bb940b4a3eb6590c783","Read current typed record source comments with corrected programme claims review; source transcription is not fresh WTIA approval; no new brand, winner, funder, count or entitlement invented"
"programme asa","editions[3].regions.kind","typed","content/programs/asa.ts:editions[3].regions.kind","WTIA programme / content owner","ARCHIVE_SOURCED_OR_EXPLICIT_DRAFT_OWNER_SIGNOFF_PENDING","a87d0fe015d4a00cf142616cb650c124441d0da99ba194103e4224eeb74aa008","73272cc69ebc72bc8c552bb940b4a3eb6590c783","Read current typed record source comments with corrected programme claims review; source transcription is not fresh WTIA approval; no new brand, winner, funder, count or entitlement invented"
"programme asa","editions[3].regions.count","typed","content/programs/asa.ts:editions[3].regions.count","WTIA programme / content owner","ARCHIVE_SOURCED_OR_EXPLICIT_DRAFT_OWNER_SIGNOFF_PENDING","4fc82b26aecb47d2868c4efbe3581732a3e7cbcc6c2efb32062c08170a05eeb8","73272cc69ebc72bc8c552bb940b4a3eb6590c783","Read current typed record source comments with corrected programme claims review; source transcription is not fresh WTIA approval; no new brand, winner, funder, count or entitlement invented"
"programme asa","editions[3].winners.kind","typed","content/programs/asa.ts:editions[3].winners.kind","WTIA programme / content owner","ARCHIVE_SOURCED_OR_EXPLICIT_DRAFT_OWNER_SIGNOFF_PENDING","40912d2098796621f4c8ce1af94a599197c96ca5685deb2b1bea82432cc081ea","73272cc69ebc72bc8c552bb940b4a3eb6590c783","Read current typed record source comments with corrected programme claims review; source transcription is not fresh WTIA approval; no new brand, winner, funder, count or entitlement invented"
"programme asa","editions[4].labelEn","en","content/programs/asa.ts:editions[4].labelEn","WTIA programme / content owner","ARCHIVE_SOURCED_OR_EXPLICIT_DRAFT_OWNER_SIGNOFF_PENDING","c0a099631421cbe2fd8d8802097965c4f1f8b7e1c78e904f1bd8ba2122836148","73272cc69ebc72bc8c552bb940b4a3eb6590c783","Read current typed record source comments with corrected programme claims review; source transcription is not fresh WTIA approval; no new brand, winner, funder, count or entitlement invented"
"programme asa","editions[4].labelZh","zh-HK","content/programs/asa.ts:editions[4].labelZh","WTIA programme / content owner","ARCHIVE_SOURCED_OR_EXPLICIT_DRAFT_OWNER_SIGNOFF_PENDING","c0a099631421cbe2fd8d8802097965c4f1f8b7e1c78e904f1bd8ba2122836148","73272cc69ebc72bc8c552bb940b4a3eb6590c783","Read current typed record source comments with corrected programme claims review; source transcription is not fresh WTIA approval; no new brand, winner, funder, count or entitlement invented"
"programme asa","editions[4].yearStart","typed","content/programs/asa.ts:editions[4].yearStart","WTIA programme / content owner","ARCHIVE_SOURCED_OR_EXPLICIT_DRAFT_OWNER_SIGNOFF_PENDING","152e69cf3c8e76c8d8b0aed924ddd1708e4c68624611af33d52c2c2814dd5df9","73272cc69ebc72bc8c552bb940b4a3eb6590c783","Read current typed record source comments with corrected programme claims review; source transcription is not fresh WTIA approval; no new brand, winner, funder, count or entitlement invented"
"programme asa","editions[4].funder.kind","typed","content/programs/asa.ts:editions[4].funder.kind","WTIA programme / content owner","ARCHIVE_SOURCED_OR_EXPLICIT_DRAFT_OWNER_SIGNOFF_PENDING","6ea2cc6389d4c832777612a884a024a36a4f96b28989ceb22d2356c96c46d873","73272cc69ebc72bc8c552bb940b4a3eb6590c783","Read current typed record source comments with corrected programme claims review; source transcription is not fresh WTIA approval; no new brand, winner, funder, count or entitlement invented"
"programme asa","editions[4].funder.agency","typed","content/programs/asa.ts:editions[4].funder.agency","WTIA programme / content owner","ARCHIVE_SOURCED_OR_EXPLICIT_DRAFT_OWNER_SIGNOFF_PENDING","1bdc5c58d39ac0da2738e432ffbcb714e4f62341c2467852c637d11f76c38495","73272cc69ebc72bc8c552bb940b4a3eb6590c783","Read current typed record source comments with corrected programme claims review; source transcription is not fresh WTIA approval; no new brand, winner, funder, count or entitlement invented"
"programme asa","editions[4].funder.initiative","typed","content/programs/asa.ts:editions[4].funder.initiative","WTIA programme / content owner","ARCHIVE_SOURCED_OR_EXPLICIT_DRAFT_OWNER_SIGNOFF_PENDING","74234e98afe7498fb5daf1f36ac2d78acc339464f950703b8c019892f982b90b","73272cc69ebc72bc8c552bb940b4a3eb6590c783","Read current typed record source comments with corrected programme claims review; source transcription is not fresh WTIA approval; no new brand, winner, funder, count or entitlement invented"
"programme asa","editions[4].regions.kind","typed","content/programs/asa.ts:editions[4].regions.kind","WTIA programme / content owner","ARCHIVE_SOURCED_OR_EXPLICIT_DRAFT_OWNER_SIGNOFF_PENDING","a87d0fe015d4a00cf142616cb650c124441d0da99ba194103e4224eeb74aa008","73272cc69ebc72bc8c552bb940b4a3eb6590c783","Read current typed record source comments with corrected programme claims review; source transcription is not fresh WTIA approval; no new brand, winner, funder, count or entitlement invented"
"programme asa","editions[4].regions.count","typed","content/programs/asa.ts:editions[4].regions.count","WTIA programme / content owner","ARCHIVE_SOURCED_OR_EXPLICIT_DRAFT_OWNER_SIGNOFF_PENDING","3fdba35f04dc8c462986c992bcf875546257113072a909c162f7e470e581e278","73272cc69ebc72bc8c552bb940b4a3eb6590c783","Read current typed record source comments with corrected programme claims review; source transcription is not fresh WTIA approval; no new brand, winner, funder, count or entitlement invented"
"programme asa","editions[4].winners.kind","typed","content/programs/asa.ts:editions[4].winners.kind","WTIA programme / content owner","ARCHIVE_SOURCED_OR_EXPLICIT_DRAFT_OWNER_SIGNOFF_PENDING","40912d2098796621f4c8ce1af94a599197c96ca5685deb2b1bea82432cc081ea","73272cc69ebc72bc8c552bb940b4a3eb6590c783","Read current typed record source comments with corrected programme claims review; source transcription is not fresh WTIA approval; no new brand, winner, funder, count or entitlement invented"
"programme asa","editions[5].labelEn","en","content/programs/asa.ts:editions[5].labelEn","WTIA programme / content owner","ARCHIVE_SOURCED_OR_EXPLICIT_DRAFT_OWNER_SIGNOFF_PENDING","bcd38e69a6533b0915cad9894a20494da5bf550bfa58955d5f8cd78be2f5961a","73272cc69ebc72bc8c552bb940b4a3eb6590c783","Read current typed record source comments with corrected programme claims review; source transcription is not fresh WTIA approval; no new brand, winner, funder, count or entitlement invented"
"programme asa","editions[5].labelZh","zh-HK","content/programs/asa.ts:editions[5].labelZh","WTIA programme / content owner","ARCHIVE_SOURCED_OR_EXPLICIT_DRAFT_OWNER_SIGNOFF_PENDING","bcd38e69a6533b0915cad9894a20494da5bf550bfa58955d5f8cd78be2f5961a","73272cc69ebc72bc8c552bb940b4a3eb6590c783","Read current typed record source comments with corrected programme claims review; source transcription is not fresh WTIA approval; no new brand, winner, funder, count or entitlement invented"
"programme asa","editions[5].yearStart","typed","content/programs/asa.ts:editions[5].yearStart","WTIA programme / content owner","ARCHIVE_SOURCED_OR_EXPLICIT_DRAFT_OWNER_SIGNOFF_PENDING","73a2af8864fc500fa49048bf3003776c19938f360e56bd03663866fb3087884a","73272cc69ebc72bc8c552bb940b4a3eb6590c783","Read current typed record source comments with corrected programme claims review; source transcription is not fresh WTIA approval; no new brand, winner, funder, count or entitlement invented"
"programme asa","editions[5].funder.kind","typed","content/programs/asa.ts:editions[5].funder.kind","WTIA programme / content owner","ARCHIVE_SOURCED_OR_EXPLICIT_DRAFT_OWNER_SIGNOFF_PENDING","6ea2cc6389d4c832777612a884a024a36a4f96b28989ceb22d2356c96c46d873","73272cc69ebc72bc8c552bb940b4a3eb6590c783","Read current typed record source comments with corrected programme claims review; source transcription is not fresh WTIA approval; no new brand, winner, funder, count or entitlement invented"
"programme asa","editions[5].funder.agency","typed","content/programs/asa.ts:editions[5].funder.agency","WTIA programme / content owner","ARCHIVE_SOURCED_OR_EXPLICIT_DRAFT_OWNER_SIGNOFF_PENDING","1bdc5c58d39ac0da2738e432ffbcb714e4f62341c2467852c637d11f76c38495","73272cc69ebc72bc8c552bb940b4a3eb6590c783","Read current typed record source comments with corrected programme claims review; source transcription is not fresh WTIA approval; no new brand, winner, funder, count or entitlement invented"
"programme asa","editions[5].funder.initiative.en","en","content/programs/asa.ts:editions[5].funder.initiative.en","WTIA programme / content owner","ARCHIVE_SOURCED_OR_EXPLICIT_DRAFT_OWNER_SIGNOFF_PENDING","6a508e6adae5c9b579857ff552d20976d1d284b38d14170270e43186aa163e73","73272cc69ebc72bc8c552bb940b4a3eb6590c783","Read current typed record source comments with corrected programme claims review; source transcription is not fresh WTIA approval; no new brand, winner, funder, count or entitlement invented"
"programme asa","editions[5].funder.initiative.zh","zh-HK","content/programs/asa.ts:editions[5].funder.initiative.zh","WTIA programme / content owner","ARCHIVE_SOURCED_OR_EXPLICIT_DRAFT_OWNER_SIGNOFF_PENDING","efc89386b0c83f2b76d8eaf9322c3ceafe56486a7199d0621867054eae39db4b","73272cc69ebc72bc8c552bb940b4a3eb6590c783","Read current typed record source comments with corrected programme claims review; source transcription is not fresh WTIA approval; no new brand, winner, funder, count or entitlement invented"
"programme asa","editions[5].regions.kind","typed","content/programs/asa.ts:editions[5].regions.kind","WTIA programme / content owner","ARCHIVE_SOURCED_OR_EXPLICIT_DRAFT_OWNER_SIGNOFF_PENDING","a87d0fe015d4a00cf142616cb650c124441d0da99ba194103e4224eeb74aa008","73272cc69ebc72bc8c552bb940b4a3eb6590c783","Read current typed record source comments with corrected programme claims review; source transcription is not fresh WTIA approval; no new brand, winner, funder, count or entitlement invented"
"programme asa","editions[5].regions.count","typed","content/programs/asa.ts:editions[5].regions.count","WTIA programme / content owner","ARCHIVE_SOURCED_OR_EXPLICIT_DRAFT_OWNER_SIGNOFF_PENDING","e629fa6598d732768f7c726b4b621285f9c3b85303900aa912017db7617d8bdb","73272cc69ebc72bc8c552bb940b4a3eb6590c783","Read current typed record source comments with corrected programme claims review; source transcription is not fresh WTIA approval; no new brand, winner, funder, count or entitlement invented"
"programme asa","editions[5].winners.kind","typed","content/programs/asa.ts:editions[5].winners.kind","WTIA programme / content owner","ARCHIVE_SOURCED_OR_EXPLICIT_DRAFT_OWNER_SIGNOFF_PENDING","85d7eeea400286bfdc24e7b9ba6af14fddc30ecadd118cd8514f0c23725e845c","73272cc69ebc72bc8c552bb940b4a3eb6590c783","Read current typed record source comments with corrected programme claims review; source transcription is not fresh WTIA approval; no new brand, winner, funder, count or entitlement invented"
"programme asa","editions[5].winners.url","typed","content/programs/asa.ts:editions[5].winners.url","WTIA programme / content owner","ARCHIVE_SOURCED_OR_EXPLICIT_DRAFT_OWNER_SIGNOFF_PENDING","9b2c27894f6c543715ab50bea5125afa2fadf9f1e413f591bd4f0f4827134aca","73272cc69ebc72bc8c552bb940b4a3eb6590c783","Read current typed record source comments with corrected programme claims review; source transcription is not fresh WTIA approval; no new brand, winner, funder, count or entitlement invented"
"programme asa","editions[6].labelEn","en","content/programs/asa.ts:editions[6].labelEn","WTIA programme / content owner","ARCHIVE_SOURCED_OR_EXPLICIT_DRAFT_OWNER_SIGNOFF_PENDING","82625acd40270bcd4b2c9c475e966ece3a421ddaa3b7c11dc6064e9746ff8283","73272cc69ebc72bc8c552bb940b4a3eb6590c783","Read current typed record source comments with corrected programme claims review; source transcription is not fresh WTIA approval; no new brand, winner, funder, count or entitlement invented"
"programme asa","editions[6].labelZh","zh-HK","content/programs/asa.ts:editions[6].labelZh","WTIA programme / content owner","ARCHIVE_SOURCED_OR_EXPLICIT_DRAFT_OWNER_SIGNOFF_PENDING","82625acd40270bcd4b2c9c475e966ece3a421ddaa3b7c11dc6064e9746ff8283","73272cc69ebc72bc8c552bb940b4a3eb6590c783","Read current typed record source comments with corrected programme claims review; source transcription is not fresh WTIA approval; no new brand, winner, funder, count or entitlement invented"
"programme asa","editions[6].yearStart","typed","content/programs/asa.ts:editions[6].yearStart","WTIA programme / content owner","ARCHIVE_SOURCED_OR_EXPLICIT_DRAFT_OWNER_SIGNOFF_PENDING","1bea20e1df19b12013976de2b5e0e3d1fb4ba088b59fe53642c324298b21ffd9","73272cc69ebc72bc8c552bb940b4a3eb6590c783","Read current typed record source comments with corrected programme claims review; source transcription is not fresh WTIA approval; no new brand, winner, funder, count or entitlement invented"
"programme asa","editions[6].funder.kind","typed","content/programs/asa.ts:editions[6].funder.kind","WTIA programme / content owner","ARCHIVE_SOURCED_OR_EXPLICIT_DRAFT_OWNER_SIGNOFF_PENDING","6ea2cc6389d4c832777612a884a024a36a4f96b28989ceb22d2356c96c46d873","73272cc69ebc72bc8c552bb940b4a3eb6590c783","Read current typed record source comments with corrected programme claims review; source transcription is not fresh WTIA approval; no new brand, winner, funder, count or entitlement invented"
"programme asa","editions[6].funder.agency","typed","content/programs/asa.ts:editions[6].funder.agency","WTIA programme / content owner","ARCHIVE_SOURCED_OR_EXPLICIT_DRAFT_OWNER_SIGNOFF_PENDING","1bdc5c58d39ac0da2738e432ffbcb714e4f62341c2467852c637d11f76c38495","73272cc69ebc72bc8c552bb940b4a3eb6590c783","Read current typed record source comments with corrected programme claims review; source transcription is not fresh WTIA approval; no new brand, winner, funder, count or entitlement invented"
"programme asa","editions[6].funder.initiative","typed","content/programs/asa.ts:editions[6].funder.initiative","WTIA programme / content owner","ARCHIVE_SOURCED_OR_EXPLICIT_DRAFT_OWNER_SIGNOFF_PENDING","74234e98afe7498fb5daf1f36ac2d78acc339464f950703b8c019892f982b90b","73272cc69ebc72bc8c552bb940b4a3eb6590c783","Read current typed record source comments with corrected programme claims review; source transcription is not fresh WTIA approval; no new brand, winner, funder, count or entitlement invented"
"programme asa","editions[6].regions.kind","typed","content/programs/asa.ts:editions[6].regions.kind","WTIA programme / content owner","ARCHIVE_SOURCED_OR_EXPLICIT_DRAFT_OWNER_SIGNOFF_PENDING","a87d0fe015d4a00cf142616cb650c124441d0da99ba194103e4224eeb74aa008","73272cc69ebc72bc8c552bb940b4a3eb6590c783","Read current typed record source comments with corrected programme claims review; source transcription is not fresh WTIA approval; no new brand, winner, funder, count or entitlement invented"
"programme asa","editions[6].regions.count","typed","content/programs/asa.ts:editions[6].regions.count","WTIA programme / content owner","ARCHIVE_SOURCED_OR_EXPLICIT_DRAFT_OWNER_SIGNOFF_PENDING","3fdba35f04dc8c462986c992bcf875546257113072a909c162f7e470e581e278","73272cc69ebc72bc8c552bb940b4a3eb6590c783","Read current typed record source comments with corrected programme claims review; source transcription is not fresh WTIA approval; no new brand, winner, funder, count or entitlement invented"
"programme asa","editions[6].winners.kind","typed","content/programs/asa.ts:editions[6].winners.kind","WTIA programme / content owner","ARCHIVE_SOURCED_OR_EXPLICIT_DRAFT_OWNER_SIGNOFF_PENDING","40912d2098796621f4c8ce1af94a599197c96ca5685deb2b1bea82432cc081ea","73272cc69ebc72bc8c552bb940b4a3eb6590c783","Read current typed record source comments with corrected programme claims review; source transcription is not fresh WTIA approval; no new brand, winner, funder, count or entitlement invented"
"programme asa","editions[7].labelEn","en","content/programs/asa.ts:editions[7].labelEn","WTIA programme / content owner","ARCHIVE_SOURCED_OR_EXPLICIT_DRAFT_OWNER_SIGNOFF_PENDING","5b0d1d2ab9abbdaa3e56d63ffbd219eeaea1b39bbe9851539165e3af15b6a176","73272cc69ebc72bc8c552bb940b4a3eb6590c783","Read current typed record source comments with corrected programme claims review; source transcription is not fresh WTIA approval; no new brand, winner, funder, count or entitlement invented"
"programme asa","editions[7].labelZh","zh-HK","content/programs/asa.ts:editions[7].labelZh","WTIA programme / content owner","ARCHIVE_SOURCED_OR_EXPLICIT_DRAFT_OWNER_SIGNOFF_PENDING","34d5eb0abb6282f4541d714756adb62404aae022dd2e5acbf81ad08ee0d52514","73272cc69ebc72bc8c552bb940b4a3eb6590c783","Read current typed record source comments with corrected programme claims review; source transcription is not fresh WTIA approval; no new brand, winner, funder, count or entitlement invented"
"programme asa","editions[7].yearStart","typed","content/programs/asa.ts:editions[7].yearStart","WTIA programme / content owner","ARCHIVE_SOURCED_OR_EXPLICIT_DRAFT_OWNER_SIGNOFF_PENDING","b1ab1e892617f210425f658cf1d361b5489028c8771b56d845fe1c62c1fbc8b0","73272cc69ebc72bc8c552bb940b4a3eb6590c783","Read current typed record source comments with corrected programme claims review; source transcription is not fresh WTIA approval; no new brand, winner, funder, count or entitlement invented"
"programme asa","editions[7].funder.kind","typed","content/programs/asa.ts:editions[7].funder.kind","WTIA programme / content owner","ARCHIVE_SOURCED_OR_EXPLICIT_DRAFT_OWNER_SIGNOFF_PENDING","6ea2cc6389d4c832777612a884a024a36a4f96b28989ceb22d2356c96c46d873","73272cc69ebc72bc8c552bb940b4a3eb6590c783","Read current typed record source comments with corrected programme claims review; source transcription is not fresh WTIA approval; no new brand, winner, funder, count or entitlement invented"
"programme asa","editions[7].funder.agency","typed","content/programs/asa.ts:editions[7].funder.agency","WTIA programme / content owner","ARCHIVE_SOURCED_OR_EXPLICIT_DRAFT_OWNER_SIGNOFF_PENDING","1bdc5c58d39ac0da2738e432ffbcb714e4f62341c2467852c637d11f76c38495","73272cc69ebc72bc8c552bb940b4a3eb6590c783","Read current typed record source comments with corrected programme claims review; source transcription is not fresh WTIA approval; no new brand, winner, funder, count or entitlement invented"
"programme asa","editions[7].funder.initiative","typed","content/programs/asa.ts:editions[7].funder.initiative","WTIA programme / content owner","ARCHIVE_SOURCED_OR_EXPLICIT_DRAFT_OWNER_SIGNOFF_PENDING","74234e98afe7498fb5daf1f36ac2d78acc339464f950703b8c019892f982b90b","73272cc69ebc72bc8c552bb940b4a3eb6590c783","Read current typed record source comments with corrected programme claims review; source transcription is not fresh WTIA approval; no new brand, winner, funder, count or entitlement invented"
"programme asa","editions[7].regions.kind","typed","content/programs/asa.ts:editions[7].regions.kind","WTIA programme / content owner","ARCHIVE_SOURCED_OR_EXPLICIT_DRAFT_OWNER_SIGNOFF_PENDING","40912d2098796621f4c8ce1af94a599197c96ca5685deb2b1bea82432cc081ea","73272cc69ebc72bc8c552bb940b4a3eb6590c783","Read current typed record source comments with corrected programme claims review; source transcription is not fresh WTIA approval; no new brand, winner, funder, count or entitlement invented"
"programme asa","editions[7].winners.kind","typed","content/programs/asa.ts:editions[7].winners.kind","WTIA programme / content owner","ARCHIVE_SOURCED_OR_EXPLICIT_DRAFT_OWNER_SIGNOFF_PENDING","40912d2098796621f4c8ce1af94a599197c96ca5685deb2b1bea82432cc081ea","73272cc69ebc72bc8c552bb940b4a3eb6590c783","Read current typed record source comments with corrected programme claims review; source transcription is not fresh WTIA approval; no new brand, winner, funder, count or entitlement invented"
"programme asa","editions[8].labelEn","en","content/programs/asa.ts:editions[8].labelEn","WTIA programme / content owner","ARCHIVE_SOURCED_OR_EXPLICIT_DRAFT_OWNER_SIGNOFF_PENDING","7222d2035526b6006a3f22402bb9815c94537000d5efcfa44e5c1f095bd19579","73272cc69ebc72bc8c552bb940b4a3eb6590c783","Read current typed record source comments with corrected programme claims review; source transcription is not fresh WTIA approval; no new brand, winner, funder, count or entitlement invented"
"programme asa","editions[8].labelZh","zh-HK","content/programs/asa.ts:editions[8].labelZh","WTIA programme / content owner","ARCHIVE_SOURCED_OR_EXPLICIT_DRAFT_OWNER_SIGNOFF_PENDING","7222d2035526b6006a3f22402bb9815c94537000d5efcfa44e5c1f095bd19579","73272cc69ebc72bc8c552bb940b4a3eb6590c783","Read current typed record source comments with corrected programme claims review; source transcription is not fresh WTIA approval; no new brand, winner, funder, count or entitlement invented"
"programme asa","editions[8].yearStart","typed","content/programs/asa.ts:editions[8].yearStart","WTIA programme / content owner","ARCHIVE_SOURCED_OR_EXPLICIT_DRAFT_OWNER_SIGNOFF_PENDING","6557739a67283a8de383fc5c0997fbec7c5721a46f28f3235fc9607598d9016b","73272cc69ebc72bc8c552bb940b4a3eb6590c783","Read current typed record source comments with corrected programme claims review; source transcription is not fresh WTIA approval; no new brand, winner, funder, count or entitlement invented"
"programme asa","editions[8].funder.kind","typed","content/programs/asa.ts:editions[8].funder.kind","WTIA programme / content owner","ARCHIVE_SOURCED_OR_EXPLICIT_DRAFT_OWNER_SIGNOFF_PENDING","6ea2cc6389d4c832777612a884a024a36a4f96b28989ceb22d2356c96c46d873","73272cc69ebc72bc8c552bb940b4a3eb6590c783","Read current typed record source comments with corrected programme claims review; source transcription is not fresh WTIA approval; no new brand, winner, funder, count or entitlement invented"
"programme asa","editions[8].funder.agency","typed","content/programs/asa.ts:editions[8].funder.agency","WTIA programme / content owner","ARCHIVE_SOURCED_OR_EXPLICIT_DRAFT_OWNER_SIGNOFF_PENDING","ed0a4c74d0775a40cfe598003499c0a0cfd3135e14dfe70013390218e283169f","73272cc69ebc72bc8c552bb940b4a3eb6590c783","Read current typed record source comments with corrected programme claims review; source transcription is not fresh WTIA approval; no new brand, winner, funder, count or entitlement invented"
"programme asa","editions[8].funder.initiative.en","en","content/programs/asa.ts:editions[8].funder.initiative.en","WTIA programme / content owner","ARCHIVE_SOURCED_OR_EXPLICIT_DRAFT_OWNER_SIGNOFF_PENDING","6a508e6adae5c9b579857ff552d20976d1d284b38d14170270e43186aa163e73","73272cc69ebc72bc8c552bb940b4a3eb6590c783","Read current typed record source comments with corrected programme claims review; source transcription is not fresh WTIA approval; no new brand, winner, funder, count or entitlement invented"
"programme asa","editions[8].funder.initiative.zh","zh-HK","content/programs/asa.ts:editions[8].funder.initiative.zh","WTIA programme / content owner","ARCHIVE_SOURCED_OR_EXPLICIT_DRAFT_OWNER_SIGNOFF_PENDING","efc89386b0c83f2b76d8eaf9322c3ceafe56486a7199d0621867054eae39db4b","73272cc69ebc72bc8c552bb940b4a3eb6590c783","Read current typed record source comments with corrected programme claims review; source transcription is not fresh WTIA approval; no new brand, winner, funder, count or entitlement invented"
"programme asa","editions[8].regions.kind","typed","content/programs/asa.ts:editions[8].regions.kind","WTIA programme / content owner","ARCHIVE_SOURCED_OR_EXPLICIT_DRAFT_OWNER_SIGNOFF_PENDING","a87d0fe015d4a00cf142616cb650c124441d0da99ba194103e4224eeb74aa008","73272cc69ebc72bc8c552bb940b4a3eb6590c783","Read current typed record source comments with corrected programme claims review; source transcription is not fresh WTIA approval; no new brand, winner, funder, count or entitlement invented"
"programme asa","editions[8].regions.count","typed","content/programs/asa.ts:editions[8].regions.count","WTIA programme / content owner","ARCHIVE_SOURCED_OR_EXPLICIT_DRAFT_OWNER_SIGNOFF_PENDING","b17ef6d19c7a5b1ee83b907c595526dcb1eb06db8227d650d5dda0a9f4ce8cd9","73272cc69ebc72bc8c552bb940b4a3eb6590c783","Read current typed record source comments with corrected programme claims review; source transcription is not fresh WTIA approval; no new brand, winner, funder, count or entitlement invented"
"programme asa","editions[8].winners.kind","typed","content/programs/asa.ts:editions[8].winners.kind","WTIA programme / content owner","ARCHIVE_SOURCED_OR_EXPLICIT_DRAFT_OWNER_SIGNOFF_PENDING","577f4dedb30ed669e09944f735e84f415fe90f3affd1af04a4d599b7e1a08d7f","73272cc69ebc72bc8c552bb940b4a3eb6590c783","Read current typed record source comments with corrected programme claims review; source transcription is not fresh WTIA approval; no new brand, winner, funder, count or entitlement invented"
"programme asa","editions[8].winners.entries[0].nameEn","en","content/programs/asa.ts:editions[8].winners.entries[0].nameEn","WTIA programme / content owner","ARCHIVE_SOURCED_OR_EXPLICIT_DRAFT_OWNER_SIGNOFF_PENDING","23b6a9837b0728b31071c061cb6e820b9c118668f5890c1fbbfd4ac5c4cedcb0","73272cc69ebc72bc8c552bb940b4a3eb6590c783","Read current typed record source comments with corrected programme claims review; source transcription is not fresh WTIA approval; no new brand, winner, funder, count or entitlement invented"
"programme asa","editions[8].winners.entries[0].nameZh","zh-HK","content/programs/asa.ts:editions[8].winners.entries[0].nameZh","WTIA programme / content owner","ARCHIVE_SOURCED_OR_EXPLICIT_DRAFT_OWNER_SIGNOFF_PENDING","23b6a9837b0728b31071c061cb6e820b9c118668f5890c1fbbfd4ac5c4cedcb0","73272cc69ebc72bc8c552bb940b4a3eb6590c783","Read current typed record source comments with corrected programme claims review; source transcription is not fresh WTIA approval; no new brand, winner, funder, count or entitlement invented"
"programme asa","editions[8].winners.entries[0].categoryEn","en","content/programs/asa.ts:editions[8].winners.entries[0].categoryEn","WTIA programme / content owner","ARCHIVE_SOURCED_OR_EXPLICIT_DRAFT_OWNER_SIGNOFF_PENDING","3c3d9b8fbf811def30cd744905ae00a439676f2195ec168ac102be9e02a1ff6f","73272cc69ebc72bc8c552bb940b4a3eb6590c783","Read current typed record source comments with corrected programme claims review; source transcription is not fresh WTIA approval; no new brand, winner, funder, count or entitlement invented"
"programme asa","editions[8].winners.entries[0].categoryZh","zh-HK","content/programs/asa.ts:editions[8].winners.entries[0].categoryZh","WTIA programme / content owner","ARCHIVE_SOURCED_OR_EXPLICIT_DRAFT_OWNER_SIGNOFF_PENDING","3c3d9b8fbf811def30cd744905ae00a439676f2195ec168ac102be9e02a1ff6f","73272cc69ebc72bc8c552bb940b4a3eb6590c783","Read current typed record source comments with corrected programme claims review; source transcription is not fresh WTIA approval; no new brand, winner, funder, count or entitlement invented"
"programme asa","editions[8].winners.entries[1].nameEn","en","content/programs/asa.ts:editions[8].winners.entries[1].nameEn","WTIA programme / content owner","ARCHIVE_SOURCED_OR_EXPLICIT_DRAFT_OWNER_SIGNOFF_PENDING","eb3996d05458ea50c57bf4e7c15e10550a444e7cdf5b1713300cd0ec609c29db","73272cc69ebc72bc8c552bb940b4a3eb6590c783","Read current typed record source comments with corrected programme claims review; source transcription is not fresh WTIA approval; no new brand, winner, funder, count or entitlement invented"
"programme asa","editions[8].winners.entries[1].nameZh","zh-HK","content/programs/asa.ts:editions[8].winners.entries[1].nameZh","WTIA programme / content owner","ARCHIVE_SOURCED_OR_EXPLICIT_DRAFT_OWNER_SIGNOFF_PENDING","eb3996d05458ea50c57bf4e7c15e10550a444e7cdf5b1713300cd0ec609c29db","73272cc69ebc72bc8c552bb940b4a3eb6590c783","Read current typed record source comments with corrected programme claims review; source transcription is not fresh WTIA approval; no new brand, winner, funder, count or entitlement invented"
"programme asa","editions[8].winners.entries[1].categoryEn","en","content/programs/asa.ts:editions[8].winners.entries[1].categoryEn","WTIA programme / content owner","ARCHIVE_SOURCED_OR_EXPLICIT_DRAFT_OWNER_SIGNOFF_PENDING","3cfa0f19add9da7626cc17c879b302742ef12fc71f6d223b3de323d68316f88e","73272cc69ebc72bc8c552bb940b4a3eb6590c783","Read current typed record source comments with corrected programme claims review; source transcription is not fresh WTIA approval; no new brand, winner, funder, count or entitlement invented"
"programme asa","editions[8].winners.entries[1].categoryZh","zh-HK","content/programs/asa.ts:editions[8].winners.entries[1].categoryZh","WTIA programme / content owner","ARCHIVE_SOURCED_OR_EXPLICIT_DRAFT_OWNER_SIGNOFF_PENDING","3cfa0f19add9da7626cc17c879b302742ef12fc71f6d223b3de323d68316f88e","73272cc69ebc72bc8c552bb940b4a3eb6590c783","Read current typed record source comments with corrected programme claims review; source transcription is not fresh WTIA approval; no new brand, winner, funder, count or entitlement invented"
"programme asa","editions[8].winners.entries[2].nameEn","en","content/programs/asa.ts:editions[8].winners.entries[2].nameEn","WTIA programme / content owner","ARCHIVE_SOURCED_OR_EXPLICIT_DRAFT_OWNER_SIGNOFF_PENDING","7eb031044004e0c73085bebfcd496899fcc1a165ef00726192ef589cc4699a60","73272cc69ebc72bc8c552bb940b4a3eb6590c783","Read current typed record source comments with corrected programme claims review; source transcription is not fresh WTIA approval; no new brand, winner, funder, count or entitlement invented"
"programme asa","editions[8].winners.entries[2].nameZh","zh-HK","content/programs/asa.ts:editions[8].winners.entries[2].nameZh","WTIA programme / content owner","ARCHIVE_SOURCED_OR_EXPLICIT_DRAFT_OWNER_SIGNOFF_PENDING","7eb031044004e0c73085bebfcd496899fcc1a165ef00726192ef589cc4699a60","73272cc69ebc72bc8c552bb940b4a3eb6590c783","Read current typed record source comments with corrected programme claims review; source transcription is not fresh WTIA approval; no new brand, winner, funder, count or entitlement invented"
"programme asa","editions[8].winners.entries[2].categoryEn","en","content/programs/asa.ts:editions[8].winners.entries[2].categoryEn","WTIA programme / content owner","ARCHIVE_SOURCED_OR_EXPLICIT_DRAFT_OWNER_SIGNOFF_PENDING","08a2a7c2c9aef1c6457093debe1736f196c71d30fc7bdd13422000454d4f5b65","73272cc69ebc72bc8c552bb940b4a3eb6590c783","Read current typed record source comments with corrected programme claims review; source transcription is not fresh WTIA approval; no new brand, winner, funder, count or entitlement invented"
"programme asa","editions[8].winners.entries[2].categoryZh","zh-HK","content/programs/asa.ts:editions[8].winners.entries[2].categoryZh","WTIA programme / content owner","ARCHIVE_SOURCED_OR_EXPLICIT_DRAFT_OWNER_SIGNOFF_PENDING","08a2a7c2c9aef1c6457093debe1736f196c71d30fc7bdd13422000454d4f5b65","73272cc69ebc72bc8c552bb940b4a3eb6590c783","Read current typed record source comments with corrected programme claims review; source transcription is not fresh WTIA approval; no new brand, winner, funder, count or entitlement invented"
"programme asa","editions[8].winners.entries[3].nameEn","en","content/programs/asa.ts:editions[8].winners.entries[3].nameEn","WTIA programme / content owner","ARCHIVE_SOURCED_OR_EXPLICIT_DRAFT_OWNER_SIGNOFF_PENDING","8d5b36cd9b5d156b1178c0397faacff2519ec0d6393d0a449e860064b473c003","73272cc69ebc72bc8c552bb940b4a3eb6590c783","Read current typed record source comments with corrected programme claims review; source transcription is not fresh WTIA approval; no new brand, winner, funder, count or entitlement invented"
"programme asa","editions[8].winners.entries[3].nameZh","zh-HK","content/programs/asa.ts:editions[8].winners.entries[3].nameZh","WTIA programme / content owner","ARCHIVE_SOURCED_OR_EXPLICIT_DRAFT_OWNER_SIGNOFF_PENDING","8d5b36cd9b5d156b1178c0397faacff2519ec0d6393d0a449e860064b473c003","73272cc69ebc72bc8c552bb940b4a3eb6590c783","Read current typed record source comments with corrected programme claims review; source transcription is not fresh WTIA approval; no new brand, winner, funder, count or entitlement invented"
"programme asa","editions[8].winners.entries[3].categoryEn","en","content/programs/asa.ts:editions[8].winners.entries[3].categoryEn","WTIA programme / content owner","ARCHIVE_SOURCED_OR_EXPLICIT_DRAFT_OWNER_SIGNOFF_PENDING","a118196ce4219b6784e49aa352ef7bf9c74924dfbe5fee478be8d48919a2ed7c","73272cc69ebc72bc8c552bb940b4a3eb6590c783","Read current typed record source comments with corrected programme claims review; source transcription is not fresh WTIA approval; no new brand, winner, funder, count or entitlement invented"
"programme asa","editions[8].winners.entries[3].categoryZh","zh-HK","content/programs/asa.ts:editions[8].winners.entries[3].categoryZh","WTIA programme / content owner","ARCHIVE_SOURCED_OR_EXPLICIT_DRAFT_OWNER_SIGNOFF_PENDING","a118196ce4219b6784e49aa352ef7bf9c74924dfbe5fee478be8d48919a2ed7c","73272cc69ebc72bc8c552bb940b4a3eb6590c783","Read current typed record source comments with corrected programme claims review; source transcription is not fresh WTIA approval; no new brand, winner, funder, count or entitlement invented"
"programme asa","editions[8].winners.entries[4].nameEn","en","content/programs/asa.ts:editions[8].winners.entries[4].nameEn","WTIA programme / content owner","ARCHIVE_SOURCED_OR_EXPLICIT_DRAFT_OWNER_SIGNOFF_PENDING","19112dbadbccc19c0fdd373c4c784903befb41215fd7f25f6699810e96b5d0b8","73272cc69ebc72bc8c552bb940b4a3eb6590c783","Read current typed record source comments with corrected programme claims review; source transcription is not fresh WTIA approval; no new brand, winner, funder, count or entitlement invented"
"programme asa","editions[8].winners.entries[4].nameZh","zh-HK","content/programs/asa.ts:editions[8].winners.entries[4].nameZh","WTIA programme / content owner","ARCHIVE_SOURCED_OR_EXPLICIT_DRAFT_OWNER_SIGNOFF_PENDING","19112dbadbccc19c0fdd373c4c784903befb41215fd7f25f6699810e96b5d0b8","73272cc69ebc72bc8c552bb940b4a3eb6590c783","Read current typed record source comments with corrected programme claims review; source transcription is not fresh WTIA approval; no new brand, winner, funder, count or entitlement invented"
"programme asa","editions[8].winners.entries[4].categoryEn","en","content/programs/asa.ts:editions[8].winners.entries[4].categoryEn","WTIA programme / content owner","ARCHIVE_SOURCED_OR_EXPLICIT_DRAFT_OWNER_SIGNOFF_PENDING","d781fd5804608b10298bc846a7bf44473d2b0544d2300e48ebaca53c6ecd370e","73272cc69ebc72bc8c552bb940b4a3eb6590c783","Read current typed record source comments with corrected programme claims review; source transcription is not fresh WTIA approval; no new brand, winner, funder, count or entitlement invented"
"programme asa","editions[8].winners.entries[4].categoryZh","zh-HK","content/programs/asa.ts:editions[8].winners.entries[4].categoryZh","WTIA programme / content owner","ARCHIVE_SOURCED_OR_EXPLICIT_DRAFT_OWNER_SIGNOFF_PENDING","d781fd5804608b10298bc846a7bf44473d2b0544d2300e48ebaca53c6ecd370e","73272cc69ebc72bc8c552bb940b4a3eb6590c783","Read current typed record source comments with corrected programme claims review; source transcription is not fresh WTIA approval; no new brand, winner, funder, count or entitlement invented"
"programme asa","editions[8].winners.entries[5].nameEn","en","content/programs/asa.ts:editions[8].winners.entries[5].nameEn","WTIA programme / content owner","ARCHIVE_SOURCED_OR_EXPLICIT_DRAFT_OWNER_SIGNOFF_PENDING","062c8fbe35d29a732894b40a27935a079a6e86dbfeba92e5bff0d5286e4762d9","73272cc69ebc72bc8c552bb940b4a3eb6590c783","Read current typed record source comments with corrected programme claims review; source transcription is not fresh WTIA approval; no new brand, winner, funder, count or entitlement invented"
"programme asa","editions[8].winners.entries[5].nameZh","zh-HK","content/programs/asa.ts:editions[8].winners.entries[5].nameZh","WTIA programme / content owner","ARCHIVE_SOURCED_OR_EXPLICIT_DRAFT_OWNER_SIGNOFF_PENDING","062c8fbe35d29a732894b40a27935a079a6e86dbfeba92e5bff0d5286e4762d9","73272cc69ebc72bc8c552bb940b4a3eb6590c783","Read current typed record source comments with corrected programme claims review; source transcription is not fresh WTIA approval; no new brand, winner, funder, count or entitlement invented"
"programme asa","editions[8].winners.entries[5].categoryEn","en","content/programs/asa.ts:editions[8].winners.entries[5].categoryEn","WTIA programme / content owner","ARCHIVE_SOURCED_OR_EXPLICIT_DRAFT_OWNER_SIGNOFF_PENDING","4ca64ad6d52dbe0dbabbcc189eb633cce1fcaa2af19a8c565c055bae6281d1d5","73272cc69ebc72bc8c552bb940b4a3eb6590c783","Read current typed record source comments with corrected programme claims review; source transcription is not fresh WTIA approval; no new brand, winner, funder, count or entitlement invented"
"programme asa","editions[8].winners.entries[5].categoryZh","zh-HK","content/programs/asa.ts:editions[8].winners.entries[5].categoryZh","WTIA programme / content owner","ARCHIVE_SOURCED_OR_EXPLICIT_DRAFT_OWNER_SIGNOFF_PENDING","4ca64ad6d52dbe0dbabbcc189eb633cce1fcaa2af19a8c565c055bae6281d1d5","73272cc69ebc72bc8c552bb940b4a3eb6590c783","Read current typed record source comments with corrected programme claims review; source transcription is not fresh WTIA approval; no new brand, winner, funder, count or entitlement invented"
"programme asa","editions[8].winners.entries[6].nameEn","en","content/programs/asa.ts:editions[8].winners.entries[6].nameEn","WTIA programme / content owner","ARCHIVE_SOURCED_OR_EXPLICIT_DRAFT_OWNER_SIGNOFF_PENDING","c158884fe1e84bfe5a06e5218bd75f04ff0f16a34de47cb013a05614ed78ba67","73272cc69ebc72bc8c552bb940b4a3eb6590c783","Read current typed record source comments with corrected programme claims review; source transcription is not fresh WTIA approval; no new brand, winner, funder, count or entitlement invented"
"programme asa","editions[8].winners.entries[6].nameZh","zh-HK","content/programs/asa.ts:editions[8].winners.entries[6].nameZh","WTIA programme / content owner","ARCHIVE_SOURCED_OR_EXPLICIT_DRAFT_OWNER_SIGNOFF_PENDING","c158884fe1e84bfe5a06e5218bd75f04ff0f16a34de47cb013a05614ed78ba67","73272cc69ebc72bc8c552bb940b4a3eb6590c783","Read current typed record source comments with corrected programme claims review; source transcription is not fresh WTIA approval; no new brand, winner, funder, count or entitlement invented"
"programme asa","editions[8].winners.entries[6].categoryEn","en","content/programs/asa.ts:editions[8].winners.entries[6].categoryEn","WTIA programme / content owner","ARCHIVE_SOURCED_OR_EXPLICIT_DRAFT_OWNER_SIGNOFF_PENDING","71b681b251ec0b820c9aeaec2987f411a16e008225f7265d81f751d0fe97f20e","73272cc69ebc72bc8c552bb940b4a3eb6590c783","Read current typed record source comments with corrected programme claims review; source transcription is not fresh WTIA approval; no new brand, winner, funder, count or entitlement invented"
"programme asa","editions[8].winners.entries[6].categoryZh","zh-HK","content/programs/asa.ts:editions[8].winners.entries[6].categoryZh","WTIA programme / content owner","ARCHIVE_SOURCED_OR_EXPLICIT_DRAFT_OWNER_SIGNOFF_PENDING","71b681b251ec0b820c9aeaec2987f411a16e008225f7265d81f751d0fe97f20e","73272cc69ebc72bc8c552bb940b4a3eb6590c783","Read current typed record source comments with corrected programme claims review; source transcription is not fresh WTIA approval; no new brand, winner, funder, count or entitlement invented"
"programme asa","editions[8].winners.entries[7].nameEn","en","content/programs/asa.ts:editions[8].winners.entries[7].nameEn","WTIA programme / content owner","ARCHIVE_SOURCED_OR_EXPLICIT_DRAFT_OWNER_SIGNOFF_PENDING","ec7e88c2ea1ff06e23a6e20b261dad1ef99375437fb7ed210cd17dffd8cdca2a","73272cc69ebc72bc8c552bb940b4a3eb6590c783","Read current typed record source comments with corrected programme claims review; source transcription is not fresh WTIA approval; no new brand, winner, funder, count or entitlement invented"
"programme asa","editions[8].winners.entries[7].nameZh","zh-HK","content/programs/asa.ts:editions[8].winners.entries[7].nameZh","WTIA programme / content owner","ARCHIVE_SOURCED_OR_EXPLICIT_DRAFT_OWNER_SIGNOFF_PENDING","ec7e88c2ea1ff06e23a6e20b261dad1ef99375437fb7ed210cd17dffd8cdca2a","73272cc69ebc72bc8c552bb940b4a3eb6590c783","Read current typed record source comments with corrected programme claims review; source transcription is not fresh WTIA approval; no new brand, winner, funder, count or entitlement invented"
"programme asa","editions[8].winners.entries[7].categoryEn","en","content/programs/asa.ts:editions[8].winners.entries[7].categoryEn","WTIA programme / content owner","ARCHIVE_SOURCED_OR_EXPLICIT_DRAFT_OWNER_SIGNOFF_PENDING","e9aa5f1087573ba749930314732f63e7194eafde63c26856c0cd03110221d3dd","73272cc69ebc72bc8c552bb940b4a3eb6590c783","Read current typed record source comments with corrected programme claims review; source transcription is not fresh WTIA approval; no new brand, winner, funder, count or entitlement invented"
"programme asa","editions[8].winners.entries[7].categoryZh","zh-HK","content/programs/asa.ts:editions[8].winners.entries[7].categoryZh","WTIA programme / content owner","ARCHIVE_SOURCED_OR_EXPLICIT_DRAFT_OWNER_SIGNOFF_PENDING","e9aa5f1087573ba749930314732f63e7194eafde63c26856c0cd03110221d3dd","73272cc69ebc72bc8c552bb940b4a3eb6590c783","Read current typed record source comments with corrected programme claims review; source transcription is not fresh WTIA approval; no new brand, winner, funder, count or entitlement invented"
"programme asa","editions[8].winners.entries[8].nameEn","en","content/programs/asa.ts:editions[8].winners.entries[8].nameEn","WTIA programme / content owner","ARCHIVE_SOURCED_OR_EXPLICIT_DRAFT_OWNER_SIGNOFF_PENDING","f6cacb8a8cf78b589baf9d574be9961af64c80badaaa960a071a704db286e5a6","73272cc69ebc72bc8c552bb940b4a3eb6590c783","Read current typed record source comments with corrected programme claims review; source transcription is not fresh WTIA approval; no new brand, winner, funder, count or entitlement invented"
"programme asa","editions[8].winners.entries[8].nameZh","zh-HK","content/programs/asa.ts:editions[8].winners.entries[8].nameZh","WTIA programme / content owner","ARCHIVE_SOURCED_OR_EXPLICIT_DRAFT_OWNER_SIGNOFF_PENDING","f6cacb8a8cf78b589baf9d574be9961af64c80badaaa960a071a704db286e5a6","73272cc69ebc72bc8c552bb940b4a3eb6590c783","Read current typed record source comments with corrected programme claims review; source transcription is not fresh WTIA approval; no new brand, winner, funder, count or entitlement invented"
"programme asa","editions[8].winners.entries[8].categoryEn","en","content/programs/asa.ts:editions[8].winners.entries[8].categoryEn","WTIA programme / content owner","ARCHIVE_SOURCED_OR_EXPLICIT_DRAFT_OWNER_SIGNOFF_PENDING","468154bc6eee21995964988b017aa30464e95a3901cd8b805909a25d215aa2f4","73272cc69ebc72bc8c552bb940b4a3eb6590c783","Read current typed record source comments with corrected programme claims review; source transcription is not fresh WTIA approval; no new brand, winner, funder, count or entitlement invented"
"programme asa","editions[8].winners.entries[8].categoryZh","zh-HK","content/programs/asa.ts:editions[8].winners.entries[8].categoryZh","WTIA programme / content owner","ARCHIVE_SOURCED_OR_EXPLICIT_DRAFT_OWNER_SIGNOFF_PENDING","468154bc6eee21995964988b017aa30464e95a3901cd8b805909a25d215aa2f4","73272cc69ebc72bc8c552bb940b4a3eb6590c783","Read current typed record source comments with corrected programme claims review; source transcription is not fresh WTIA approval; no new brand, winner, funder, count or entitlement invented"
"programme asa","editions[8].winners.entries[9].nameEn","en","content/programs/asa.ts:editions[8].winners.entries[9].nameEn","WTIA programme / content owner","ARCHIVE_SOURCED_OR_EXPLICIT_DRAFT_OWNER_SIGNOFF_PENDING","3a3ac0204735020dd81031000d250abbed65d5968dfdb343c020f3835b6c193f","73272cc69ebc72bc8c552bb940b4a3eb6590c783","Read current typed record source comments with corrected programme claims review; source transcription is not fresh WTIA approval; no new brand, winner, funder, count or entitlement invented"
"programme asa","editions[8].winners.entries[9].nameZh","zh-HK","content/programs/asa.ts:editions[8].winners.entries[9].nameZh","WTIA programme / content owner","ARCHIVE_SOURCED_OR_EXPLICIT_DRAFT_OWNER_SIGNOFF_PENDING","3a3ac0204735020dd81031000d250abbed65d5968dfdb343c020f3835b6c193f","73272cc69ebc72bc8c552bb940b4a3eb6590c783","Read current typed record source comments with corrected programme claims review; source transcription is not fresh WTIA approval; no new brand, winner, funder, count or entitlement invented"
"programme asa","editions[8].winners.entries[9].categoryEn","en","content/programs/asa.ts:editions[8].winners.entries[9].categoryEn","WTIA programme / content owner","ARCHIVE_SOURCED_OR_EXPLICIT_DRAFT_OWNER_SIGNOFF_PENDING","c05e2042da41d3c5309c2b2807f310ef8d50736ded1a5bcec72d4135caca7b8e","73272cc69ebc72bc8c552bb940b4a3eb6590c783","Read current typed record source comments with corrected programme claims review; source transcription is not fresh WTIA approval; no new brand, winner, funder, count or entitlement invented"
"programme asa","editions[8].winners.entries[9].categoryZh","zh-HK","content/programs/asa.ts:editions[8].winners.entries[9].categoryZh","WTIA programme / content owner","ARCHIVE_SOURCED_OR_EXPLICIT_DRAFT_OWNER_SIGNOFF_PENDING","c05e2042da41d3c5309c2b2807f310ef8d50736ded1a5bcec72d4135caca7b8e","73272cc69ebc72bc8c552bb940b4a3eb6590c783","Read current typed record source comments with corrected programme claims review; source transcription is not fresh WTIA approval; no new brand, winner, funder, count or entitlement invented"
"programme asa","editions[8].winners.entries[10].nameEn","en","content/programs/asa.ts:editions[8].winners.entries[10].nameEn","WTIA programme / content owner","ARCHIVE_SOURCED_OR_EXPLICIT_DRAFT_OWNER_SIGNOFF_PENDING","c9768c22678ad858523df1e6ef26c9421f4b8641b4073c55b183609b0c1bbba4","73272cc69ebc72bc8c552bb940b4a3eb6590c783","Read current typed record source comments with corrected programme claims review; source transcription is not fresh WTIA approval; no new brand, winner, funder, count or entitlement invented"
"programme asa","editions[8].winners.entries[10].nameZh","zh-HK","content/programs/asa.ts:editions[8].winners.entries[10].nameZh","WTIA programme / content owner","ARCHIVE_SOURCED_OR_EXPLICIT_DRAFT_OWNER_SIGNOFF_PENDING","c9768c22678ad858523df1e6ef26c9421f4b8641b4073c55b183609b0c1bbba4","73272cc69ebc72bc8c552bb940b4a3eb6590c783","Read current typed record source comments with corrected programme claims review; source transcription is not fresh WTIA approval; no new brand, winner, funder, count or entitlement invented"
"programme asa","editions[8].winners.entries[10].categoryEn","en","content/programs/asa.ts:editions[8].winners.entries[10].categoryEn","WTIA programme / content owner","ARCHIVE_SOURCED_OR_EXPLICIT_DRAFT_OWNER_SIGNOFF_PENDING","d293b8385c13629f7bf65979b144c8ab852dbb357db71730dd3d8cca1f91e1d4","73272cc69ebc72bc8c552bb940b4a3eb6590c783","Read current typed record source comments with corrected programme claims review; source transcription is not fresh WTIA approval; no new brand, winner, funder, count or entitlement invented"
"programme asa","editions[8].winners.entries[10].categoryZh","zh-HK","content/programs/asa.ts:editions[8].winners.entries[10].categoryZh","WTIA programme / content owner","ARCHIVE_SOURCED_OR_EXPLICIT_DRAFT_OWNER_SIGNOFF_PENDING","d293b8385c13629f7bf65979b144c8ab852dbb357db71730dd3d8cca1f91e1d4","73272cc69ebc72bc8c552bb940b4a3eb6590c783","Read current typed record source comments with corrected programme claims review; source transcription is not fresh WTIA approval; no new brand, winner, funder, count or entitlement invented"
"programme asa","editions[8].winners.entries[11].nameEn","en","content/programs/asa.ts:editions[8].winners.entries[11].nameEn","WTIA programme / content owner","ARCHIVE_SOURCED_OR_EXPLICIT_DRAFT_OWNER_SIGNOFF_PENDING","19112dbadbccc19c0fdd373c4c784903befb41215fd7f25f6699810e96b5d0b8","73272cc69ebc72bc8c552bb940b4a3eb6590c783","Read current typed record source comments with corrected programme claims review; source transcription is not fresh WTIA approval; no new brand, winner, funder, count or entitlement invented"
"programme asa","editions[8].winners.entries[11].nameZh","zh-HK","content/programs/asa.ts:editions[8].winners.entries[11].nameZh","WTIA programme / content owner","ARCHIVE_SOURCED_OR_EXPLICIT_DRAFT_OWNER_SIGNOFF_PENDING","19112dbadbccc19c0fdd373c4c784903befb41215fd7f25f6699810e96b5d0b8","73272cc69ebc72bc8c552bb940b4a3eb6590c783","Read current typed record source comments with corrected programme claims review; source transcription is not fresh WTIA approval; no new brand, winner, funder, count or entitlement invented"
"programme asa","editions[8].winners.entries[11].categoryEn","en","content/programs/asa.ts:editions[8].winners.entries[11].categoryEn","WTIA programme / content owner","ARCHIVE_SOURCED_OR_EXPLICIT_DRAFT_OWNER_SIGNOFF_PENDING","afb528f357bc38552f36a15cedd7d09f159d2c0ffac5db8d7f179a76aba168ee","73272cc69ebc72bc8c552bb940b4a3eb6590c783","Read current typed record source comments with corrected programme claims review; source transcription is not fresh WTIA approval; no new brand, winner, funder, count or entitlement invented"
"programme asa","editions[8].winners.entries[11].categoryZh","zh-HK","content/programs/asa.ts:editions[8].winners.entries[11].categoryZh","WTIA programme / content owner","ARCHIVE_SOURCED_OR_EXPLICIT_DRAFT_OWNER_SIGNOFF_PENDING","afb528f357bc38552f36a15cedd7d09f159d2c0ffac5db8d7f179a76aba168ee","73272cc69ebc72bc8c552bb940b4a3eb6590c783","Read current typed record source comments with corrected programme claims review; source transcription is not fresh WTIA approval; no new brand, winner, funder, count or entitlement invented"
"programme asa","editions[8].images[0].src","typed","content/programs/asa.ts:editions[8].images[0].src","WTIA programme / content owner","ARCHIVE_SOURCED_OR_EXPLICIT_DRAFT_OWNER_SIGNOFF_PENDING","8320e4f16a4a267aca41ab16225f91511c8eaf238b6d5d79e11876d1d7a76ef4","73272cc69ebc72bc8c552bb940b4a3eb6590c783","Read current typed record source comments with corrected programme claims review; source transcription is not fresh WTIA approval; no new brand, winner, funder, count or entitlement invented"
"programme asa","editions[8].images[0].altEn","en","content/programs/asa.ts:editions[8].images[0].altEn","WTIA programme / content owner","ARCHIVE_SOURCED_OR_EXPLICIT_DRAFT_OWNER_SIGNOFF_PENDING","5aaeb56e418d9ad9b1b4625da6e45cb32d7f3ea57dbb77436f5357a9fc4490eb","73272cc69ebc72bc8c552bb940b4a3eb6590c783","Read current typed record source comments with corrected programme claims review; source transcription is not fresh WTIA approval; no new brand, winner, funder, count or entitlement invented"
"programme asa","editions[8].images[0].altZh","zh-HK","content/programs/asa.ts:editions[8].images[0].altZh","WTIA programme / content owner","ARCHIVE_SOURCED_OR_EXPLICIT_DRAFT_OWNER_SIGNOFF_PENDING","75f807e57e01366e597d72dee3f2ecc18accb5725410c351d95dda2bbcb95e03","73272cc69ebc72bc8c552bb940b4a3eb6590c783","Read current typed record source comments with corrected programme claims review; source transcription is not fresh WTIA approval; no new brand, winner, funder, count or entitlement invented"
"programme asa","editions[9].labelEn","en","content/programs/asa.ts:editions[9].labelEn","WTIA programme / content owner","ARCHIVE_SOURCED_OR_EXPLICIT_DRAFT_OWNER_SIGNOFF_PENDING","29b76fba6c7c64fddc2ace8847ec3124b83078895c9e3a625038347d5adc1fd9","73272cc69ebc72bc8c552bb940b4a3eb6590c783","Read current typed record source comments with corrected programme claims review; source transcription is not fresh WTIA approval; no new brand, winner, funder, count or entitlement invented"
"programme asa","editions[9].labelZh","zh-HK","content/programs/asa.ts:editions[9].labelZh","WTIA programme / content owner","ARCHIVE_SOURCED_OR_EXPLICIT_DRAFT_OWNER_SIGNOFF_PENDING","94466f2d6cd34bb35259ccfd7165cfb025ad9157859a9cbc048f6396d68fbf05","73272cc69ebc72bc8c552bb940b4a3eb6590c783","Read current typed record source comments with corrected programme claims review; source transcription is not fresh WTIA approval; no new brand, winner, funder, count or entitlement invented"
"programme asa","editions[9].yearStart","typed","content/programs/asa.ts:editions[9].yearStart","WTIA programme / content owner","ARCHIVE_SOURCED_OR_EXPLICIT_DRAFT_OWNER_SIGNOFF_PENDING","b2b2f104d32c638903e151a9b20d6e27b41d8c0c84cf8458738f83ca2f1dd744","73272cc69ebc72bc8c552bb940b4a3eb6590c783","Read current typed record source comments with corrected programme claims review; source transcription is not fresh WTIA approval; no new brand, winner, funder, count or entitlement invented"
"programme asa","editions[9].funder.kind","typed","content/programs/asa.ts:editions[9].funder.kind","WTIA programme / content owner","ARCHIVE_SOURCED_OR_EXPLICIT_DRAFT_OWNER_SIGNOFF_PENDING","6ea2cc6389d4c832777612a884a024a36a4f96b28989ceb22d2356c96c46d873","73272cc69ebc72bc8c552bb940b4a3eb6590c783","Read current typed record source comments with corrected programme claims review; source transcription is not fresh WTIA approval; no new brand, winner, funder, count or entitlement invented"
"programme asa","editions[9].funder.agency","typed","content/programs/asa.ts:editions[9].funder.agency","WTIA programme / content owner","ARCHIVE_SOURCED_OR_EXPLICIT_DRAFT_OWNER_SIGNOFF_PENDING","ed0a4c74d0775a40cfe598003499c0a0cfd3135e14dfe70013390218e283169f","73272cc69ebc72bc8c552bb940b4a3eb6590c783","Read current typed record source comments with corrected programme claims review; source transcription is not fresh WTIA approval; no new brand, winner, funder, count or entitlement invented"
"programme asa","editions[9].funder.initiative","typed","content/programs/asa.ts:editions[9].funder.initiative","WTIA programme / content owner","ARCHIVE_SOURCED_OR_EXPLICIT_DRAFT_OWNER_SIGNOFF_PENDING","74234e98afe7498fb5daf1f36ac2d78acc339464f950703b8c019892f982b90b","73272cc69ebc72bc8c552bb940b4a3eb6590c783","Read current typed record source comments with corrected programme claims review; source transcription is not fresh WTIA approval; no new brand, winner, funder, count or entitlement invented"
"programme asa","editions[9].regions.kind","typed","content/programs/asa.ts:editions[9].regions.kind","WTIA programme / content owner","ARCHIVE_SOURCED_OR_EXPLICIT_DRAFT_OWNER_SIGNOFF_PENDING","40912d2098796621f4c8ce1af94a599197c96ca5685deb2b1bea82432cc081ea","73272cc69ebc72bc8c552bb940b4a3eb6590c783","Read current typed record source comments with corrected programme claims review; source transcription is not fresh WTIA approval; no new brand, winner, funder, count or entitlement invented"
"programme asa","editions[9].winners.kind","typed","content/programs/asa.ts:editions[9].winners.kind","WTIA programme / content owner","ARCHIVE_SOURCED_OR_EXPLICIT_DRAFT_OWNER_SIGNOFF_PENDING","577f4dedb30ed669e09944f735e84f415fe90f3affd1af04a4d599b7e1a08d7f","73272cc69ebc72bc8c552bb940b4a3eb6590c783","Read current typed record source comments with corrected programme claims review; source transcription is not fresh WTIA approval; no new brand, winner, funder, count or entitlement invented"
"programme asa","editions[9].winners.entries[0].nameEn","en","content/programs/asa.ts:editions[9].winners.entries[0].nameEn","WTIA programme / content owner","ARCHIVE_SOURCED_OR_EXPLICIT_DRAFT_OWNER_SIGNOFF_PENDING","399741c67af0e60335a910e6739260e523ef41a45db726ed8b930c3353c90183","73272cc69ebc72bc8c552bb940b4a3eb6590c783","Read current typed record source comments with corrected programme claims review; source transcription is not fresh WTIA approval; no new brand, winner, funder, count or entitlement invented"
"programme asa","editions[9].winners.entries[0].nameZh","zh-HK","content/programs/asa.ts:editions[9].winners.entries[0].nameZh","WTIA programme / content owner","ARCHIVE_SOURCED_OR_EXPLICIT_DRAFT_OWNER_SIGNOFF_PENDING","399741c67af0e60335a910e6739260e523ef41a45db726ed8b930c3353c90183","73272cc69ebc72bc8c552bb940b4a3eb6590c783","Read current typed record source comments with corrected programme claims review; source transcription is not fresh WTIA approval; no new brand, winner, funder, count or entitlement invented"
"programme asa","editions[9].winners.entries[0].categoryEn","en","content/programs/asa.ts:editions[9].winners.entries[0].categoryEn","WTIA programme / content owner","ARCHIVE_SOURCED_OR_EXPLICIT_DRAFT_OWNER_SIGNOFF_PENDING","8cc499717ade6c37658ee1f5b4440ba2fb922d57dc93e148ff352be4ed9bd1d6","73272cc69ebc72bc8c552bb940b4a3eb6590c783","Read current typed record source comments with corrected programme claims review; source transcription is not fresh WTIA approval; no new brand, winner, funder, count or entitlement invented"
"programme asa","editions[9].winners.entries[0].categoryZh","zh-HK","content/programs/asa.ts:editions[9].winners.entries[0].categoryZh","WTIA programme / content owner","ARCHIVE_SOURCED_OR_EXPLICIT_DRAFT_OWNER_SIGNOFF_PENDING","ef7a3347be220def9201a304732e920f8683fea31249c10bb7d57da8138fdb69","73272cc69ebc72bc8c552bb940b4a3eb6590c783","Read current typed record source comments with corrected programme claims review; source transcription is not fresh WTIA approval; no new brand, winner, funder, count or entitlement invented"
"programme asa","editions[9].winners.entries[1].nameEn","en","content/programs/asa.ts:editions[9].winners.entries[1].nameEn","WTIA programme / content owner","ARCHIVE_SOURCED_OR_EXPLICIT_DRAFT_OWNER_SIGNOFF_PENDING","d47d09e8c0272d161fdffcfcfe02e86ce8e4d8442b9b0eb8bbce116ce96c2495","73272cc69ebc72bc8c552bb940b4a3eb6590c783","Read current typed record source comments with corrected programme claims review; source transcription is not fresh WTIA approval; no new brand, winner, funder, count or entitlement invented"
"programme asa","editions[9].winners.entries[1].nameZh","zh-HK","content/programs/asa.ts:editions[9].winners.entries[1].nameZh","WTIA programme / content owner","ARCHIVE_SOURCED_OR_EXPLICIT_DRAFT_OWNER_SIGNOFF_PENDING","d47d09e8c0272d161fdffcfcfe02e86ce8e4d8442b9b0eb8bbce116ce96c2495","73272cc69ebc72bc8c552bb940b4a3eb6590c783","Read current typed record source comments with corrected programme claims review; source transcription is not fresh WTIA approval; no new brand, winner, funder, count or entitlement invented"
"programme asa","editions[9].winners.entries[1].categoryEn","en","content/programs/asa.ts:editions[9].winners.entries[1].categoryEn","WTIA programme / content owner","ARCHIVE_SOURCED_OR_EXPLICIT_DRAFT_OWNER_SIGNOFF_PENDING","5402441ceb61e2fee48304e9ef38f1c9abfb6b5d657e528f93ccb87903371dc4","73272cc69ebc72bc8c552bb940b4a3eb6590c783","Read current typed record source comments with corrected programme claims review; source transcription is not fresh WTIA approval; no new brand, winner, funder, count or entitlement invented"
"programme asa","editions[9].winners.entries[1].categoryZh","zh-HK","content/programs/asa.ts:editions[9].winners.entries[1].categoryZh","WTIA programme / content owner","ARCHIVE_SOURCED_OR_EXPLICIT_DRAFT_OWNER_SIGNOFF_PENDING","14c0025d8138c241ef30f4fc9d278aa45456d3f51dadb7884c9b10a3d58e8367","73272cc69ebc72bc8c552bb940b4a3eb6590c783","Read current typed record source comments with corrected programme claims review; source transcription is not fresh WTIA approval; no new brand, winner, funder, count or entitlement invented"
"programme hkict","id","typed","content/programs/hkict.ts:id","WTIA programme / content owner","ARCHIVE_SOURCED_OR_EXPLICIT_DRAFT_OWNER_SIGNOFF_PENDING","387545d8b6aec0173d2b91050d78d75d54503569a19e58d59bf0ff154b101705","73272cc69ebc72bc8c552bb940b4a3eb6590c783","Read current typed record source comments with corrected programme claims review; source transcription is not fresh WTIA approval; no new brand, winner, funder, count or entitlement invented"
"programme hkict","editions[0].year","typed","content/programs/hkict.ts:editions[0].year","WTIA programme / content owner","ARCHIVE_SOURCED_OR_EXPLICIT_DRAFT_OWNER_SIGNOFF_PENDING","73a2af8864fc500fa49048bf3003776c19938f360e56bd03663866fb3087884a","73272cc69ebc72bc8c552bb940b4a3eb6590c783","Read current typed record source comments with corrected programme claims review; source transcription is not fresh WTIA approval; no new brand, winner, funder, count or entitlement invented"
"programme hkict","editions[0].organisedFor","typed","content/programs/hkict.ts:editions[0].organisedFor","WTIA programme / content owner","ARCHIVE_SOURCED_OR_EXPLICIT_DRAFT_OWNER_SIGNOFF_PENDING","76fdf4232206860f7e6e078de5a92521b65705b6061f1739273de714a85b744c","73272cc69ebc72bc8c552bb940b4a3eb6590c783","Read current typed record source comments with corrected programme claims review; source transcription is not fresh WTIA approval; no new brand, winner, funder, count or entitlement invented"
"programme hkict","editions[0].winners.kind","typed","content/programs/hkict.ts:editions[0].winners.kind","WTIA programme / content owner","ARCHIVE_SOURCED_OR_EXPLICIT_DRAFT_OWNER_SIGNOFF_PENDING","40912d2098796621f4c8ce1af94a599197c96ca5685deb2b1bea82432cc081ea","73272cc69ebc72bc8c552bb940b4a3eb6590c783","Read current typed record source comments with corrected programme claims review; source transcription is not fresh WTIA approval; no new brand, winner, funder, count or entitlement invented"
"programme hkict","editions[1].year","typed","content/programs/hkict.ts:editions[1].year","WTIA programme / content owner","ARCHIVE_SOURCED_OR_EXPLICIT_DRAFT_OWNER_SIGNOFF_PENDING","1bea20e1df19b12013976de2b5e0e3d1fb4ba088b59fe53642c324298b21ffd9","73272cc69ebc72bc8c552bb940b4a3eb6590c783","Read current typed record source comments with corrected programme claims review; source transcription is not fresh WTIA approval; no new brand, winner, funder, count or entitlement invented"
"programme hkict","editions[1].organisedFor","typed","content/programs/hkict.ts:editions[1].organisedFor","WTIA programme / content owner","ARCHIVE_SOURCED_OR_EXPLICIT_DRAFT_OWNER_SIGNOFF_PENDING","76fdf4232206860f7e6e078de5a92521b65705b6061f1739273de714a85b744c","73272cc69ebc72bc8c552bb940b4a3eb6590c783","Read current typed record source comments with corrected programme claims review; source transcription is not fresh WTIA approval; no new brand, winner, funder, count or entitlement invented"
"programme hkict","editions[1].winners.kind","typed","content/programs/hkict.ts:editions[1].winners.kind","WTIA programme / content owner","ARCHIVE_SOURCED_OR_EXPLICIT_DRAFT_OWNER_SIGNOFF_PENDING","40912d2098796621f4c8ce1af94a599197c96ca5685deb2b1bea82432cc081ea","73272cc69ebc72bc8c552bb940b4a3eb6590c783","Read current typed record source comments with corrected programme claims review; source transcription is not fresh WTIA approval; no new brand, winner, funder, count or entitlement invented"
"programme hkict","editions[2].year","typed","content/programs/hkict.ts:editions[2].year","WTIA programme / content owner","ARCHIVE_SOURCED_OR_EXPLICIT_DRAFT_OWNER_SIGNOFF_PENDING","b1ab1e892617f210425f658cf1d361b5489028c8771b56d845fe1c62c1fbc8b0","73272cc69ebc72bc8c552bb940b4a3eb6590c783","Read current typed record source comments with corrected programme claims review; source transcription is not fresh WTIA approval; no new brand, winner, funder, count or entitlement invented"
"programme hkict","editions[2].organisedFor","typed","content/programs/hkict.ts:editions[2].organisedFor","WTIA programme / content owner","ARCHIVE_SOURCED_OR_EXPLICIT_DRAFT_OWNER_SIGNOFF_PENDING","76fdf4232206860f7e6e078de5a92521b65705b6061f1739273de714a85b744c","73272cc69ebc72bc8c552bb940b4a3eb6590c783","Read current typed record source comments with corrected programme claims review; source transcription is not fresh WTIA approval; no new brand, winner, funder, count or entitlement invented"
"programme hkict","editions[2].winners.kind","typed","content/programs/hkict.ts:editions[2].winners.kind","WTIA programme / content owner","ARCHIVE_SOURCED_OR_EXPLICIT_DRAFT_OWNER_SIGNOFF_PENDING","40912d2098796621f4c8ce1af94a599197c96ca5685deb2b1bea82432cc081ea","73272cc69ebc72bc8c552bb940b4a3eb6590c783","Read current typed record source comments with corrected programme claims review; source transcription is not fresh WTIA approval; no new brand, winner, funder, count or entitlement invented"
"programme hkict","editions[3].year","typed","content/programs/hkict.ts:editions[3].year","WTIA programme / content owner","ARCHIVE_SOURCED_OR_EXPLICIT_DRAFT_OWNER_SIGNOFF_PENDING","d398b29d3dbbb9bf201d4c7e1c19ff9d43c15fd45a0cec46fbe9885ec3f6e97f","73272cc69ebc72bc8c552bb940b4a3eb6590c783","Read current typed record source comments with corrected programme claims review; source transcription is not fresh WTIA approval; no new brand, winner, funder, count or entitlement invented"
"programme hkict","editions[3].organisedFor","typed","content/programs/hkict.ts:editions[3].organisedFor","WTIA programme / content owner","ARCHIVE_SOURCED_OR_EXPLICIT_DRAFT_OWNER_SIGNOFF_PENDING","76fdf4232206860f7e6e078de5a92521b65705b6061f1739273de714a85b744c","73272cc69ebc72bc8c552bb940b4a3eb6590c783","Read current typed record source comments with corrected programme claims review; source transcription is not fresh WTIA approval; no new brand, winner, funder, count or entitlement invented"
"programme hkict","editions[3].winners.kind","typed","content/programs/hkict.ts:editions[3].winners.kind","WTIA programme / content owner","ARCHIVE_SOURCED_OR_EXPLICIT_DRAFT_OWNER_SIGNOFF_PENDING","577f4dedb30ed669e09944f735e84f415fe90f3affd1af04a4d599b7e1a08d7f","73272cc69ebc72bc8c552bb940b4a3eb6590c783","Read current typed record source comments with corrected programme claims review; source transcription is not fresh WTIA approval; no new brand, winner, funder, count or entitlement invented"
"programme hkict","editions[3].winners.entries[0].nameEn","en","content/programs/hkict.ts:editions[3].winners.entries[0].nameEn","WTIA programme / content owner","ARCHIVE_SOURCED_OR_EXPLICIT_DRAFT_OWNER_SIGNOFF_PENDING","22a1a044c098d9bbb6d3d1f30184b8bf76c00cfe6042b21a38940c22f986c97a","73272cc69ebc72bc8c552bb940b4a3eb6590c783","Read current typed record source comments with corrected programme claims review; source transcription is not fresh WTIA approval; no new brand, winner, funder, count or entitlement invented"
"programme hkict","editions[3].winners.entries[0].nameZh","zh-HK","content/programs/hkict.ts:editions[3].winners.entries[0].nameZh","WTIA programme / content owner","ARCHIVE_SOURCED_OR_EXPLICIT_DRAFT_OWNER_SIGNOFF_PENDING","259291411b368f7e8046bb10e0648d16c8fa4efacb34fc9762f1114bab40934e","73272cc69ebc72bc8c552bb940b4a3eb6590c783","Read current typed record source comments with corrected programme claims review; source transcription is not fresh WTIA approval; no new brand, winner, funder, count or entitlement invented"
"programme hkict","editions[3].winners.entries[0].categoryEn","en","content/programs/hkict.ts:editions[3].winners.entries[0].categoryEn","WTIA programme / content owner","ARCHIVE_SOURCED_OR_EXPLICIT_DRAFT_OWNER_SIGNOFF_PENDING","13d953a5068772d45e6a643dfc4978245094fa71a02f004041ea906b4c7dc0e9","73272cc69ebc72bc8c552bb940b4a3eb6590c783","Read current typed record source comments with corrected programme claims review; source transcription is not fresh WTIA approval; no new brand, winner, funder, count or entitlement invented"
"programme hkict","editions[3].winners.entries[0].categoryZh","zh-HK","content/programs/hkict.ts:editions[3].winners.entries[0].categoryZh","WTIA programme / content owner","ARCHIVE_SOURCED_OR_EXPLICIT_DRAFT_OWNER_SIGNOFF_PENDING","13d953a5068772d45e6a643dfc4978245094fa71a02f004041ea906b4c7dc0e9","73272cc69ebc72bc8c552bb940b4a3eb6590c783","Read current typed record source comments with corrected programme claims review; source transcription is not fresh WTIA approval; no new brand, winner, funder, count or entitlement invented"
"programme hkict","editions[3].winners.entries[1].nameEn","en","content/programs/hkict.ts:editions[3].winners.entries[1].nameEn","WTIA programme / content owner","ARCHIVE_SOURCED_OR_EXPLICIT_DRAFT_OWNER_SIGNOFF_PENDING","22a1a044c098d9bbb6d3d1f30184b8bf76c00cfe6042b21a38940c22f986c97a","73272cc69ebc72bc8c552bb940b4a3eb6590c783","Read current typed record source comments with corrected programme claims review; source transcription is not fresh WTIA approval; no new brand, winner, funder, count or entitlement invented"
"programme hkict","editions[3].winners.entries[1].nameZh","zh-HK","content/programs/hkict.ts:editions[3].winners.entries[1].nameZh","WTIA programme / content owner","ARCHIVE_SOURCED_OR_EXPLICIT_DRAFT_OWNER_SIGNOFF_PENDING","259291411b368f7e8046bb10e0648d16c8fa4efacb34fc9762f1114bab40934e","73272cc69ebc72bc8c552bb940b4a3eb6590c783","Read current typed record source comments with corrected programme claims review; source transcription is not fresh WTIA approval; no new brand, winner, funder, count or entitlement invented"
"programme hkict","editions[3].winners.entries[1].categoryEn","en","content/programs/hkict.ts:editions[3].winners.entries[1].categoryEn","WTIA programme / content owner","ARCHIVE_SOURCED_OR_EXPLICIT_DRAFT_OWNER_SIGNOFF_PENDING","f6cc6c2283c85b29008651f2dc914d7fd6b1874a825e34d2cded631a69131f0a","73272cc69ebc72bc8c552bb940b4a3eb6590c783","Read current typed record source comments with corrected programme claims review; source transcription is not fresh WTIA approval; no new brand, winner, funder, count or entitlement invented"
"programme hkict","editions[3].winners.entries[1].categoryZh","zh-HK","content/programs/hkict.ts:editions[3].winners.entries[1].categoryZh","WTIA programme / content owner","ARCHIVE_SOURCED_OR_EXPLICIT_DRAFT_OWNER_SIGNOFF_PENDING","f6cc6c2283c85b29008651f2dc914d7fd6b1874a825e34d2cded631a69131f0a","73272cc69ebc72bc8c552bb940b4a3eb6590c783","Read current typed record source comments with corrected programme claims review; source transcription is not fresh WTIA approval; no new brand, winner, funder, count or entitlement invented"
"programme hkict","editions[3].winners.entries[2].nameEn","en","content/programs/hkict.ts:editions[3].winners.entries[2].nameEn","WTIA programme / content owner","ARCHIVE_SOURCED_OR_EXPLICIT_DRAFT_OWNER_SIGNOFF_PENDING","07c368f8101b06b8fd91ee853c0de4b40f4570a52178f0e31b2acf1d39e5e3ca","73272cc69ebc72bc8c552bb940b4a3eb6590c783","Read current typed record source comments with corrected programme claims review; source transcription is not fresh WTIA approval; no new brand, winner, funder, count or entitlement invented"
"programme hkict","editions[3].winners.entries[2].nameZh","zh-HK","content/programs/hkict.ts:editions[3].winners.entries[2].nameZh","WTIA programme / content owner","ARCHIVE_SOURCED_OR_EXPLICIT_DRAFT_OWNER_SIGNOFF_PENDING","cfcfd035fc6fb3bd917699ef17164f9b4fcf5be15411961f00c7a3054fb966cb","73272cc69ebc72bc8c552bb940b4a3eb6590c783","Read current typed record source comments with corrected programme claims review; source transcription is not fresh WTIA approval; no new brand, winner, funder, count or entitlement invented"
"programme hkict","editions[3].winners.entries[2].categoryEn","en","content/programs/hkict.ts:editions[3].winners.entries[2].categoryEn","WTIA programme / content owner","ARCHIVE_SOURCED_OR_EXPLICIT_DRAFT_OWNER_SIGNOFF_PENDING","2ea7eef54ada44c68e449edbf3e5765a39c7fa8d64813dd34962e90ba547e193","73272cc69ebc72bc8c552bb940b4a3eb6590c783","Read current typed record source comments with corrected programme claims review; source transcription is not fresh WTIA approval; no new brand, winner, funder, count or entitlement invented"
"programme hkict","editions[3].winners.entries[2].categoryZh","zh-HK","content/programs/hkict.ts:editions[3].winners.entries[2].categoryZh","WTIA programme / content owner","ARCHIVE_SOURCED_OR_EXPLICIT_DRAFT_OWNER_SIGNOFF_PENDING","2ea7eef54ada44c68e449edbf3e5765a39c7fa8d64813dd34962e90ba547e193","73272cc69ebc72bc8c552bb940b4a3eb6590c783","Read current typed record source comments with corrected programme claims review; source transcription is not fresh WTIA approval; no new brand, winner, funder, count or entitlement invented"
"programme hkict","editions[3].winners.entries[3].nameEn","en","content/programs/hkict.ts:editions[3].winners.entries[3].nameEn","WTIA programme / content owner","ARCHIVE_SOURCED_OR_EXPLICIT_DRAFT_OWNER_SIGNOFF_PENDING","88d7d4404fdf6b9ed456db9f608251889b3a2b01665a20ddcbb12761b3b7335d","73272cc69ebc72bc8c552bb940b4a3eb6590c783","Read current typed record source comments with corrected programme claims review; source transcription is not fresh WTIA approval; no new brand, winner, funder, count or entitlement invented"
"programme hkict","editions[3].winners.entries[3].nameZh","zh-HK","content/programs/hkict.ts:editions[3].winners.entries[3].nameZh","WTIA programme / content owner","ARCHIVE_SOURCED_OR_EXPLICIT_DRAFT_OWNER_SIGNOFF_PENDING","062dc4f1660e3248beadb36e996f874329d39d4b068ab6900ce0f35315cec7db","73272cc69ebc72bc8c552bb940b4a3eb6590c783","Read current typed record source comments with corrected programme claims review; source transcription is not fresh WTIA approval; no new brand, winner, funder, count or entitlement invented"
"programme hkict","editions[3].winners.entries[3].categoryEn","en","content/programs/hkict.ts:editions[3].winners.entries[3].categoryEn","WTIA programme / content owner","ARCHIVE_SOURCED_OR_EXPLICIT_DRAFT_OWNER_SIGNOFF_PENDING","cf86e1d82ef021fef8ad6395200c69f6b19385b819e67d6913adf246510e068b","73272cc69ebc72bc8c552bb940b4a3eb6590c783","Read current typed record source comments with corrected programme claims review; source transcription is not fresh WTIA approval; no new brand, winner, funder, count or entitlement invented"
"programme hkict","editions[3].winners.entries[3].categoryZh","zh-HK","content/programs/hkict.ts:editions[3].winners.entries[3].categoryZh","WTIA programme / content owner","ARCHIVE_SOURCED_OR_EXPLICIT_DRAFT_OWNER_SIGNOFF_PENDING","cf86e1d82ef021fef8ad6395200c69f6b19385b819e67d6913adf246510e068b","73272cc69ebc72bc8c552bb940b4a3eb6590c783","Read current typed record source comments with corrected programme claims review; source transcription is not fresh WTIA approval; no new brand, winner, funder, count or entitlement invented"
"programme hkict","editions[3].winners.entries[4].nameEn","en","content/programs/hkict.ts:editions[3].winners.entries[4].nameEn","WTIA programme / content owner","ARCHIVE_SOURCED_OR_EXPLICIT_DRAFT_OWNER_SIGNOFF_PENDING","0ef6eafd05d931d28ac0cbbb9f3e0fe03556b72244c5b20e49c604e822cbf064","73272cc69ebc72bc8c552bb940b4a3eb6590c783","Read current typed record source comments with corrected programme claims review; source transcription is not fresh WTIA approval; no new brand, winner, funder, count or entitlement invented"
"programme hkict","editions[3].winners.entries[4].nameZh","zh-HK","content/programs/hkict.ts:editions[3].winners.entries[4].nameZh","WTIA programme / content owner","ARCHIVE_SOURCED_OR_EXPLICIT_DRAFT_OWNER_SIGNOFF_PENDING","eda1ed25c57ac9b9321d1f16d280bcb6bc15871282c4fe103800816977ebdaf2","73272cc69ebc72bc8c552bb940b4a3eb6590c783","Read current typed record source comments with corrected programme claims review; source transcription is not fresh WTIA approval; no new brand, winner, funder, count or entitlement invented"
"programme hkict","editions[3].winners.entries[4].categoryEn","en","content/programs/hkict.ts:editions[3].winners.entries[4].categoryEn","WTIA programme / content owner","ARCHIVE_SOURCED_OR_EXPLICIT_DRAFT_OWNER_SIGNOFF_PENDING","a415a09161efc3cc06b545fae6e466d5dcd63a03bd040f500a0c408ef201dc44","73272cc69ebc72bc8c552bb940b4a3eb6590c783","Read current typed record source comments with corrected programme claims review; source transcription is not fresh WTIA approval; no new brand, winner, funder, count or entitlement invented"
"programme hkict","editions[3].winners.entries[4].categoryZh","zh-HK","content/programs/hkict.ts:editions[3].winners.entries[4].categoryZh","WTIA programme / content owner","ARCHIVE_SOURCED_OR_EXPLICIT_DRAFT_OWNER_SIGNOFF_PENDING","a415a09161efc3cc06b545fae6e466d5dcd63a03bd040f500a0c408ef201dc44","73272cc69ebc72bc8c552bb940b4a3eb6590c783","Read current typed record source comments with corrected programme claims review; source transcription is not fresh WTIA approval; no new brand, winner, funder, count or entitlement invented"
"programme hkict","editions[3].winners.entries[5].nameEn","en","content/programs/hkict.ts:editions[3].winners.entries[5].nameEn","WTIA programme / content owner","ARCHIVE_SOURCED_OR_EXPLICIT_DRAFT_OWNER_SIGNOFF_PENDING","aa955a4d4115c9da68b630c9090b3b61372304291ce8f6e78fb95ee73c31608a","73272cc69ebc72bc8c552bb940b4a3eb6590c783","Read current typed record source comments with corrected programme claims review; source transcription is not fresh WTIA approval; no new brand, winner, funder, count or entitlement invented"
"programme hkict","editions[3].winners.entries[5].nameZh","zh-HK","content/programs/hkict.ts:editions[3].winners.entries[5].nameZh","WTIA programme / content owner","ARCHIVE_SOURCED_OR_EXPLICIT_DRAFT_OWNER_SIGNOFF_PENDING","9b3a8627bdbdc8b75b8328ef8c1af6dd2cc5f662e7fd2e3ab48ee55365c67b87","73272cc69ebc72bc8c552bb940b4a3eb6590c783","Read current typed record source comments with corrected programme claims review; source transcription is not fresh WTIA approval; no new brand, winner, funder, count or entitlement invented"
"programme hkict","editions[3].winners.entries[5].categoryEn","en","content/programs/hkict.ts:editions[3].winners.entries[5].categoryEn","WTIA programme / content owner","ARCHIVE_SOURCED_OR_EXPLICIT_DRAFT_OWNER_SIGNOFF_PENDING","f1ae81c70052ca111664c39ac0988c2143f241b73d87b8be6d8f7a945d5759c7","73272cc69ebc72bc8c552bb940b4a3eb6590c783","Read current typed record source comments with corrected programme claims review; source transcription is not fresh WTIA approval; no new brand, winner, funder, count or entitlement invented"
"programme hkict","editions[3].winners.entries[5].categoryZh","zh-HK","content/programs/hkict.ts:editions[3].winners.entries[5].categoryZh","WTIA programme / content owner","ARCHIVE_SOURCED_OR_EXPLICIT_DRAFT_OWNER_SIGNOFF_PENDING","f1ae81c70052ca111664c39ac0988c2143f241b73d87b8be6d8f7a945d5759c7","73272cc69ebc72bc8c552bb940b4a3eb6590c783","Read current typed record source comments with corrected programme claims review; source transcription is not fresh WTIA approval; no new brand, winner, funder, count or entitlement invented"
"programme hkict","editions[3].winners.entries[6].nameEn","en","content/programs/hkict.ts:editions[3].winners.entries[6].nameEn","WTIA programme / content owner","ARCHIVE_SOURCED_OR_EXPLICIT_DRAFT_OWNER_SIGNOFF_PENDING","3eeb53e4b7f43f7db2b544e8f6bd7f1401d3e33d360368027e567f15b57a4620","73272cc69ebc72bc8c552bb940b4a3eb6590c783","Read current typed record source comments with corrected programme claims review; source transcription is not fresh WTIA approval; no new brand, winner, funder, count or entitlement invented"
"programme hkict","editions[3].winners.entries[6].nameZh","zh-HK","content/programs/hkict.ts:editions[3].winners.entries[6].nameZh","WTIA programme / content owner","ARCHIVE_SOURCED_OR_EXPLICIT_DRAFT_OWNER_SIGNOFF_PENDING","3eeb53e4b7f43f7db2b544e8f6bd7f1401d3e33d360368027e567f15b57a4620","73272cc69ebc72bc8c552bb940b4a3eb6590c783","Read current typed record source comments with corrected programme claims review; source transcription is not fresh WTIA approval; no new brand, winner, funder, count or entitlement invented"
"programme hkict","editions[3].winners.entries[6].categoryEn","en","content/programs/hkict.ts:editions[3].winners.entries[6].categoryEn","WTIA programme / content owner","ARCHIVE_SOURCED_OR_EXPLICIT_DRAFT_OWNER_SIGNOFF_PENDING","cfbc5ff36279bcac07546a61280e4039df92d56a2b1fa7f6e639ff4007d54aad","73272cc69ebc72bc8c552bb940b4a3eb6590c783","Read current typed record source comments with corrected programme claims review; source transcription is not fresh WTIA approval; no new brand, winner, funder, count or entitlement invented"
"programme hkict","editions[3].winners.entries[6].categoryZh","zh-HK","content/programs/hkict.ts:editions[3].winners.entries[6].categoryZh","WTIA programme / content owner","ARCHIVE_SOURCED_OR_EXPLICIT_DRAFT_OWNER_SIGNOFF_PENDING","cfbc5ff36279bcac07546a61280e4039df92d56a2b1fa7f6e639ff4007d54aad","73272cc69ebc72bc8c552bb940b4a3eb6590c783","Read current typed record source comments with corrected programme claims review; source transcription is not fresh WTIA approval; no new brand, winner, funder, count or entitlement invented"
"programme hkict","editions[3].winners.entries[7].nameEn","en","content/programs/hkict.ts:editions[3].winners.entries[7].nameEn","WTIA programme / content owner","ARCHIVE_SOURCED_OR_EXPLICIT_DRAFT_OWNER_SIGNOFF_PENDING","5291f5ae6d492d6718a16f943e61e3cc400dea8a1f0c5503bfa9a2018d336c37","73272cc69ebc72bc8c552bb940b4a3eb6590c783","Read current typed record source comments with corrected programme claims review; source transcription is not fresh WTIA approval; no new brand, winner, funder, count or entitlement invented"
"programme hkict","editions[3].winners.entries[7].nameZh","zh-HK","content/programs/hkict.ts:editions[3].winners.entries[7].nameZh","WTIA programme / content owner","ARCHIVE_SOURCED_OR_EXPLICIT_DRAFT_OWNER_SIGNOFF_PENDING","5291f5ae6d492d6718a16f943e61e3cc400dea8a1f0c5503bfa9a2018d336c37","73272cc69ebc72bc8c552bb940b4a3eb6590c783","Read current typed record source comments with corrected programme claims review; source transcription is not fresh WTIA approval; no new brand, winner, funder, count or entitlement invented"
"programme hkict","editions[3].winners.entries[7].categoryEn","en","content/programs/hkict.ts:editions[3].winners.entries[7].categoryEn","WTIA programme / content owner","ARCHIVE_SOURCED_OR_EXPLICIT_DRAFT_OWNER_SIGNOFF_PENDING","cfbc5ff36279bcac07546a61280e4039df92d56a2b1fa7f6e639ff4007d54aad","73272cc69ebc72bc8c552bb940b4a3eb6590c783","Read current typed record source comments with corrected programme claims review; source transcription is not fresh WTIA approval; no new brand, winner, funder, count or entitlement invented"
"programme hkict","editions[3].winners.entries[7].categoryZh","zh-HK","content/programs/hkict.ts:editions[3].winners.entries[7].categoryZh","WTIA programme / content owner","ARCHIVE_SOURCED_OR_EXPLICIT_DRAFT_OWNER_SIGNOFF_PENDING","cfbc5ff36279bcac07546a61280e4039df92d56a2b1fa7f6e639ff4007d54aad","73272cc69ebc72bc8c552bb940b4a3eb6590c783","Read current typed record source comments with corrected programme claims review; source transcription is not fresh WTIA approval; no new brand, winner, funder, count or entitlement invented"
"programme hkict","editions[3].winners.entries[8].nameEn","en","content/programs/hkict.ts:editions[3].winners.entries[8].nameEn","WTIA programme / content owner","ARCHIVE_SOURCED_OR_EXPLICIT_DRAFT_OWNER_SIGNOFF_PENDING","c77a3ebd88cb4c9a6c266c8e33c5c9affbeafb4344d4e7346e52b790e934bc05","73272cc69ebc72bc8c552bb940b4a3eb6590c783","Read current typed record source comments with corrected programme claims review; source transcription is not fresh WTIA approval; no new brand, winner, funder, count or entitlement invented"
"programme hkict","editions[3].winners.entries[8].nameZh","zh-HK","content/programs/hkict.ts:editions[3].winners.entries[8].nameZh","WTIA programme / content owner","ARCHIVE_SOURCED_OR_EXPLICIT_DRAFT_OWNER_SIGNOFF_PENDING","57dff2f309c7c0592d5a0c0abaca856212f3bbb6af6b554685c92b0f4d26e23a","73272cc69ebc72bc8c552bb940b4a3eb6590c783","Read current typed record source comments with corrected programme claims review; source transcription is not fresh WTIA approval; no new brand, winner, funder, count or entitlement invented"
"programme hkict","editions[3].winners.entries[8].categoryEn","en","content/programs/hkict.ts:editions[3].winners.entries[8].categoryEn","WTIA programme / content owner","ARCHIVE_SOURCED_OR_EXPLICIT_DRAFT_OWNER_SIGNOFF_PENDING","1c15d5b8c604133ac80398e7c98b6a1436fbfcdf5c96fc7f2d7d7fb11ae6110d","73272cc69ebc72bc8c552bb940b4a3eb6590c783","Read current typed record source comments with corrected programme claims review; source transcription is not fresh WTIA approval; no new brand, winner, funder, count or entitlement invented"
"programme hkict","editions[3].winners.entries[8].categoryZh","zh-HK","content/programs/hkict.ts:editions[3].winners.entries[8].categoryZh","WTIA programme / content owner","ARCHIVE_SOURCED_OR_EXPLICIT_DRAFT_OWNER_SIGNOFF_PENDING","1c15d5b8c604133ac80398e7c98b6a1436fbfcdf5c96fc7f2d7d7fb11ae6110d","73272cc69ebc72bc8c552bb940b4a3eb6590c783","Read current typed record source comments with corrected programme claims review; source transcription is not fresh WTIA approval; no new brand, winner, funder, count or entitlement invented"
"programme hkict","editions[3].winners.entries[9].nameEn","en","content/programs/hkict.ts:editions[3].winners.entries[9].nameEn","WTIA programme / content owner","ARCHIVE_SOURCED_OR_EXPLICIT_DRAFT_OWNER_SIGNOFF_PENDING","75627e2ec9f6165600742acd92f69756769e13c2dd33414b375aaf6d3a6168df","73272cc69ebc72bc8c552bb940b4a3eb6590c783","Read current typed record source comments with corrected programme claims review; source transcription is not fresh WTIA approval; no new brand, winner, funder, count or entitlement invented"
"programme hkict","editions[3].winners.entries[9].nameZh","zh-HK","content/programs/hkict.ts:editions[3].winners.entries[9].nameZh","WTIA programme / content owner","ARCHIVE_SOURCED_OR_EXPLICIT_DRAFT_OWNER_SIGNOFF_PENDING","fe915cc99ca2dca108ad9856b42bb7ce609f75bfc2d4ccda0e7f7095d5c491fe","73272cc69ebc72bc8c552bb940b4a3eb6590c783","Read current typed record source comments with corrected programme claims review; source transcription is not fresh WTIA approval; no new brand, winner, funder, count or entitlement invented"
"programme hkict","editions[3].winners.entries[9].categoryEn","en","content/programs/hkict.ts:editions[3].winners.entries[9].categoryEn","WTIA programme / content owner","ARCHIVE_SOURCED_OR_EXPLICIT_DRAFT_OWNER_SIGNOFF_PENDING","5b4f678edc89dabf6e3b566b7c37c19827c575e29544000231fb21436f308b1b","73272cc69ebc72bc8c552bb940b4a3eb6590c783","Read current typed record source comments with corrected programme claims review; source transcription is not fresh WTIA approval; no new brand, winner, funder, count or entitlement invented"
"programme hkict","editions[3].winners.entries[9].categoryZh","zh-HK","content/programs/hkict.ts:editions[3].winners.entries[9].categoryZh","WTIA programme / content owner","ARCHIVE_SOURCED_OR_EXPLICIT_DRAFT_OWNER_SIGNOFF_PENDING","5b4f678edc89dabf6e3b566b7c37c19827c575e29544000231fb21436f308b1b","73272cc69ebc72bc8c552bb940b4a3eb6590c783","Read current typed record source comments with corrected programme claims review; source transcription is not fresh WTIA approval; no new brand, winner, funder, count or entitlement invented"
"programme hkict","editions[3].winners.entries[10].nameEn","en","content/programs/hkict.ts:editions[3].winners.entries[10].nameEn","WTIA programme / content owner","ARCHIVE_SOURCED_OR_EXPLICIT_DRAFT_OWNER_SIGNOFF_PENDING","5d7a20324d1039fa4c587d6ce84de1b10ba4d600fd7aaaac808f68bf61459f66","73272cc69ebc72bc8c552bb940b4a3eb6590c783","Read current typed record source comments with corrected programme claims review; source transcription is not fresh WTIA approval; no new brand, winner, funder, count or entitlement invented"
"programme hkict","editions[3].winners.entries[10].nameZh","zh-HK","content/programs/hkict.ts:editions[3].winners.entries[10].nameZh","WTIA programme / content owner","ARCHIVE_SOURCED_OR_EXPLICIT_DRAFT_OWNER_SIGNOFF_PENDING","5d7a20324d1039fa4c587d6ce84de1b10ba4d600fd7aaaac808f68bf61459f66","73272cc69ebc72bc8c552bb940b4a3eb6590c783","Read current typed record source comments with corrected programme claims review; source transcription is not fresh WTIA approval; no new brand, winner, funder, count or entitlement invented"
"programme hkict","editions[3].winners.entries[10].categoryEn","en","content/programs/hkict.ts:editions[3].winners.entries[10].categoryEn","WTIA programme / content owner","ARCHIVE_SOURCED_OR_EXPLICIT_DRAFT_OWNER_SIGNOFF_PENDING","631e13871f5c4a691cee2b9e5bff73acfdf65138ff62ff1f9d7f8ae2382c3047","73272cc69ebc72bc8c552bb940b4a3eb6590c783","Read current typed record source comments with corrected programme claims review; source transcription is not fresh WTIA approval; no new brand, winner, funder, count or entitlement invented"
"programme hkict","editions[3].winners.entries[10].categoryZh","zh-HK","content/programs/hkict.ts:editions[3].winners.entries[10].categoryZh","WTIA programme / content owner","ARCHIVE_SOURCED_OR_EXPLICIT_DRAFT_OWNER_SIGNOFF_PENDING","631e13871f5c4a691cee2b9e5bff73acfdf65138ff62ff1f9d7f8ae2382c3047","73272cc69ebc72bc8c552bb940b4a3eb6590c783","Read current typed record source comments with corrected programme claims review; source transcription is not fresh WTIA approval; no new brand, winner, funder, count or entitlement invented"
"programme hkict","editions[3].winners.entries[11].nameEn","en","content/programs/hkict.ts:editions[3].winners.entries[11].nameEn","WTIA programme / content owner","ARCHIVE_SOURCED_OR_EXPLICIT_DRAFT_OWNER_SIGNOFF_PENDING","fe3e72e933885e9b417f4fe820af7a92f54c05c13e18428276706a36501db760","73272cc69ebc72bc8c552bb940b4a3eb6590c783","Read current typed record source comments with corrected programme claims review; source transcription is not fresh WTIA approval; no new brand, winner, funder, count or entitlement invented"
"programme hkict","editions[3].winners.entries[11].nameZh","zh-HK","content/programs/hkict.ts:editions[3].winners.entries[11].nameZh","WTIA programme / content owner","ARCHIVE_SOURCED_OR_EXPLICIT_DRAFT_OWNER_SIGNOFF_PENDING","fe3e72e933885e9b417f4fe820af7a92f54c05c13e18428276706a36501db760","73272cc69ebc72bc8c552bb940b4a3eb6590c783","Read current typed record source comments with corrected programme claims review; source transcription is not fresh WTIA approval; no new brand, winner, funder, count or entitlement invented"
"programme hkict","editions[3].winners.entries[11].categoryEn","en","content/programs/hkict.ts:editions[3].winners.entries[11].categoryEn","WTIA programme / content owner","ARCHIVE_SOURCED_OR_EXPLICIT_DRAFT_OWNER_SIGNOFF_PENDING","baeee16131d1626d5eccfa9791841b44319fb58fd45986a2475447250d7bfe5c","73272cc69ebc72bc8c552bb940b4a3eb6590c783","Read current typed record source comments with corrected programme claims review; source transcription is not fresh WTIA approval; no new brand, winner, funder, count or entitlement invented"
"programme hkict","editions[3].winners.entries[11].categoryZh","zh-HK","content/programs/hkict.ts:editions[3].winners.entries[11].categoryZh","WTIA programme / content owner","ARCHIVE_SOURCED_OR_EXPLICIT_DRAFT_OWNER_SIGNOFF_PENDING","baeee16131d1626d5eccfa9791841b44319fb58fd45986a2475447250d7bfe5c","73272cc69ebc72bc8c552bb940b4a3eb6590c783","Read current typed record source comments with corrected programme claims review; source transcription is not fresh WTIA approval; no new brand, winner, funder, count or entitlement invented"
"programme hkict","editions[3].winners.entries[12].nameEn","en","content/programs/hkict.ts:editions[3].winners.entries[12].nameEn","WTIA programme / content owner","ARCHIVE_SOURCED_OR_EXPLICIT_DRAFT_OWNER_SIGNOFF_PENDING","d76dd64e1ede7be514f3bc7beddf3513420269f699314ba3829255b6508b4f9b","73272cc69ebc72bc8c552bb940b4a3eb6590c783","Read current typed record source comments with corrected programme claims review; source transcription is not fresh WTIA approval; no new brand, winner, funder, count or entitlement invented"
"programme hkict","editions[3].winners.entries[12].nameZh","zh-HK","content/programs/hkict.ts:editions[3].winners.entries[12].nameZh","WTIA programme / content owner","ARCHIVE_SOURCED_OR_EXPLICIT_DRAFT_OWNER_SIGNOFF_PENDING","d76dd64e1ede7be514f3bc7beddf3513420269f699314ba3829255b6508b4f9b","73272cc69ebc72bc8c552bb940b4a3eb6590c783","Read current typed record source comments with corrected programme claims review; source transcription is not fresh WTIA approval; no new brand, winner, funder, count or entitlement invented"
"programme hkict","editions[3].winners.entries[12].categoryEn","en","content/programs/hkict.ts:editions[3].winners.entries[12].categoryEn","WTIA programme / content owner","ARCHIVE_SOURCED_OR_EXPLICIT_DRAFT_OWNER_SIGNOFF_PENDING","dd00155de032a7c6b2b88ff11d8a1805bda43896b4d961e5ce8cdf97f2d74a15","73272cc69ebc72bc8c552bb940b4a3eb6590c783","Read current typed record source comments with corrected programme claims review; source transcription is not fresh WTIA approval; no new brand, winner, funder, count or entitlement invented"
"programme hkict","editions[3].winners.entries[12].categoryZh","zh-HK","content/programs/hkict.ts:editions[3].winners.entries[12].categoryZh","WTIA programme / content owner","ARCHIVE_SOURCED_OR_EXPLICIT_DRAFT_OWNER_SIGNOFF_PENDING","dd00155de032a7c6b2b88ff11d8a1805bda43896b4d961e5ce8cdf97f2d74a15","73272cc69ebc72bc8c552bb940b4a3eb6590c783","Read current typed record source comments with corrected programme claims review; source transcription is not fresh WTIA approval; no new brand, winner, funder, count or entitlement invented"
"programme hkict","editions[3].images[0].src","typed","content/programs/hkict.ts:editions[3].images[0].src","WTIA programme / content owner","ARCHIVE_SOURCED_OR_EXPLICIT_DRAFT_OWNER_SIGNOFF_PENDING","9d93079945ac4d350bb6c81ed8e113fc713eb531cae2cbf9f0343e3688156e35","73272cc69ebc72bc8c552bb940b4a3eb6590c783","Read current typed record source comments with corrected programme claims review; source transcription is not fresh WTIA approval; no new brand, winner, funder, count or entitlement invented"
"programme hkict","editions[3].images[0].altEn","en","content/programs/hkict.ts:editions[3].images[0].altEn","WTIA programme / content owner","ARCHIVE_SOURCED_OR_EXPLICIT_DRAFT_OWNER_SIGNOFF_PENDING","608f48b22ee8d8b4d99d931d027ba2ff814efd3cbacbd7802e08a6de2d1bf56f","73272cc69ebc72bc8c552bb940b4a3eb6590c783","Read current typed record source comments with corrected programme claims review; source transcription is not fresh WTIA approval; no new brand, winner, funder, count or entitlement invented"
"programme hkict","editions[3].images[0].altZh","zh-HK","content/programs/hkict.ts:editions[3].images[0].altZh","WTIA programme / content owner","ARCHIVE_SOURCED_OR_EXPLICIT_DRAFT_OWNER_SIGNOFF_PENDING","bde5e174096025af0638aac6c2cecf4a060f508507e25b90ce54e1ad58a3a468","73272cc69ebc72bc8c552bb940b4a3eb6590c783","Read current typed record source comments with corrected programme claims review; source transcription is not fresh WTIA approval; no new brand, winner, funder, count or entitlement invented"
"programme hkict","editions[4].year","typed","content/programs/hkict.ts:editions[4].year","WTIA programme / content owner","ARCHIVE_SOURCED_OR_EXPLICIT_DRAFT_OWNER_SIGNOFF_PENDING","6557739a67283a8de383fc5c0997fbec7c5721a46f28f3235fc9607598d9016b","73272cc69ebc72bc8c552bb940b4a3eb6590c783","Read current typed record source comments with corrected programme claims review; source transcription is not fresh WTIA approval; no new brand, winner, funder, count or entitlement invented"
"programme hkict","editions[4].organisedFor","typed","content/programs/hkict.ts:editions[4].organisedFor","WTIA programme / content owner","ARCHIVE_SOURCED_OR_EXPLICIT_DRAFT_OWNER_SIGNOFF_PENDING","76fdf4232206860f7e6e078de5a92521b65705b6061f1739273de714a85b744c","73272cc69ebc72bc8c552bb940b4a3eb6590c783","Read current typed record source comments with corrected programme claims review; source transcription is not fresh WTIA approval; no new brand, winner, funder, count or entitlement invented"
"programme hkict","editions[4].winners.kind","typed","content/programs/hkict.ts:editions[4].winners.kind","WTIA programme / content owner","ARCHIVE_SOURCED_OR_EXPLICIT_DRAFT_OWNER_SIGNOFF_PENDING","40912d2098796621f4c8ce1af94a599197c96ca5685deb2b1bea82432cc081ea","73272cc69ebc72bc8c552bb940b4a3eb6590c783","Read current typed record source comments with corrected programme claims review; source transcription is not fresh WTIA approval; no new brand, winner, funder, count or entitlement invented"
"programme hkict","editions[5].year","typed","content/programs/hkict.ts:editions[5].year","WTIA programme / content owner","ARCHIVE_SOURCED_OR_EXPLICIT_DRAFT_OWNER_SIGNOFF_PENDING","b2b2f104d32c638903e151a9b20d6e27b41d8c0c84cf8458738f83ca2f1dd744","73272cc69ebc72bc8c552bb940b4a3eb6590c783","Read current typed record source comments with corrected programme claims review; source transcription is not fresh WTIA approval; no new brand, winner, funder, count or entitlement invented"
"programme hkict","editions[5].organisedFor","typed","content/programs/hkict.ts:editions[5].organisedFor","WTIA programme / content owner","ARCHIVE_SOURCED_OR_EXPLICIT_DRAFT_OWNER_SIGNOFF_PENDING","8c5c9a71422773df308c5e7c90679ebab842eefbebce1d8ebf5eb652bc0b13e2","73272cc69ebc72bc8c552bb940b4a3eb6590c783","Read current typed record source comments with corrected programme claims review; source transcription is not fresh WTIA approval; no new brand, winner, funder, count or entitlement invented"
"programme hkict","editions[5].winners.kind","typed","content/programs/hkict.ts:editions[5].winners.kind","WTIA programme / content owner","ARCHIVE_SOURCED_OR_EXPLICIT_DRAFT_OWNER_SIGNOFF_PENDING","577f4dedb30ed669e09944f735e84f415fe90f3affd1af04a4d599b7e1a08d7f","73272cc69ebc72bc8c552bb940b4a3eb6590c783","Read current typed record source comments with corrected programme claims review; source transcription is not fresh WTIA approval; no new brand, winner, funder, count or entitlement invented"
"programme hkict","editions[5].winners.entries[0].nameEn","en","content/programs/hkict.ts:editions[5].winners.entries[0].nameEn","WTIA programme / content owner","ARCHIVE_SOURCED_OR_EXPLICIT_DRAFT_OWNER_SIGNOFF_PENDING","c28664cf9b4c9fcee04536ef3ff77b9750e39b0f40764a7640e52a1dab6861d4","73272cc69ebc72bc8c552bb940b4a3eb6590c783","Read current typed record source comments with corrected programme claims review; source transcription is not fresh WTIA approval; no new brand, winner, funder, count or entitlement invented"
"programme hkict","editions[5].winners.entries[0].nameZh","zh-HK","content/programs/hkict.ts:editions[5].winners.entries[0].nameZh","WTIA programme / content owner","ARCHIVE_SOURCED_OR_EXPLICIT_DRAFT_OWNER_SIGNOFF_PENDING","c28664cf9b4c9fcee04536ef3ff77b9750e39b0f40764a7640e52a1dab6861d4","73272cc69ebc72bc8c552bb940b4a3eb6590c783","Read current typed record source comments with corrected programme claims review; source transcription is not fresh WTIA approval; no new brand, winner, funder, count or entitlement invented"
"programme hkict","editions[5].winners.entries[0].categoryEn","en","content/programs/hkict.ts:editions[5].winners.entries[0].categoryEn","WTIA programme / content owner","ARCHIVE_SOURCED_OR_EXPLICIT_DRAFT_OWNER_SIGNOFF_PENDING","115265a77c0dbe0c8ba60f4950edeee3543544f3862cbab5489f9d31d9751fd1","73272cc69ebc72bc8c552bb940b4a3eb6590c783","Read current typed record source comments with corrected programme claims review; source transcription is not fresh WTIA approval; no new brand, winner, funder, count or entitlement invented"
"programme hkict","editions[5].winners.entries[0].categoryZh","zh-HK","content/programs/hkict.ts:editions[5].winners.entries[0].categoryZh","WTIA programme / content owner","ARCHIVE_SOURCED_OR_EXPLICIT_DRAFT_OWNER_SIGNOFF_PENDING","13d953a5068772d45e6a643dfc4978245094fa71a02f004041ea906b4c7dc0e9","73272cc69ebc72bc8c552bb940b4a3eb6590c783","Read current typed record source comments with corrected programme claims review; source transcription is not fresh WTIA approval; no new brand, winner, funder, count or entitlement invented"
"programme cpai","id","typed","content/programs/cpai.ts:id","WTIA programme / content owner","ARCHIVE_SOURCED_OR_EXPLICIT_DRAFT_OWNER_SIGNOFF_PENDING","47c2f6223e737956733ebfe2d34aaca7d4298c211e389e9375ef944b39ae5188","73272cc69ebc72bc8c552bb940b4a3eb6590c783","Read current typed record source comments with corrected programme claims review; source transcription is not fresh WTIA approval; no new brand, winner, funder, count or entitlement invented"
"programme cpai","issuerEn","en","content/programs/cpai.ts:issuerEn","WTIA programme / content owner","ARCHIVE_SOURCED_OR_EXPLICIT_DRAFT_OWNER_SIGNOFF_PENDING","97e4a745b3934c951f17173af741f129078a5fc6d0a8f06b078ebf8fadec3439","73272cc69ebc72bc8c552bb940b4a3eb6590c783","Read current typed record source comments with corrected programme claims review; source transcription is not fresh WTIA approval; no new brand, winner, funder, count or entitlement invented"
"programme cpai","issuerZh","zh-HK","content/programs/cpai.ts:issuerZh","WTIA programme / content owner","ARCHIVE_SOURCED_OR_EXPLICIT_DRAFT_OWNER_SIGNOFF_PENDING","97e4a745b3934c951f17173af741f129078a5fc6d0a8f06b078ebf8fadec3439","73272cc69ebc72bc8c552bb940b4a3eb6590c783","Read current typed record source comments with corrected programme claims review; source transcription is not fresh WTIA approval; no new brand, winner, funder, count or entitlement invented"
"programme cpai","coursePartnerEn","en","content/programs/cpai.ts:coursePartnerEn","WTIA programme / content owner","ARCHIVE_SOURCED_OR_EXPLICIT_DRAFT_OWNER_SIGNOFF_PENDING","0a79681982a06f3553dfcbbfdf5c77258e5cb4f01ebc58dbfbb6f8b6a1b8e9d0","73272cc69ebc72bc8c552bb940b4a3eb6590c783","Read current typed record source comments with corrected programme claims review; source transcription is not fresh WTIA approval; no new brand, winner, funder, count or entitlement invented"
"programme cpai","coursePartnerZh","zh-HK","content/programs/cpai.ts:coursePartnerZh","WTIA programme / content owner","ARCHIVE_SOURCED_OR_EXPLICIT_DRAFT_OWNER_SIGNOFF_PENDING","0e6115ef8abc92081fd4e0f6062aab3786c8d6ad5cc3b4ad12459da5a5022c21","73272cc69ebc72bc8c552bb940b4a3eb6590c783","Read current typed record source comments with corrected programme claims review; source transcription is not fresh WTIA approval; no new brand, winner, funder, count or entitlement invented"
"programme cpai","courseNameEn","en","content/programs/cpai.ts:courseNameEn","WTIA programme / content owner","ARCHIVE_SOURCED_OR_EXPLICIT_DRAFT_OWNER_SIGNOFF_PENDING","1fa4f73ad5b6de144452053d6f9412bdf1322b44ffa76bc6aa4f051499bd6bf9","73272cc69ebc72bc8c552bb940b4a3eb6590c783","Read current typed record source comments with corrected programme claims review; source transcription is not fresh WTIA approval; no new brand, winner, funder, count or entitlement invented"
"programme cpai","courseNameZh","zh-HK","content/programs/cpai.ts:courseNameZh","WTIA programme / content owner","ARCHIVE_SOURCED_OR_EXPLICIT_DRAFT_OWNER_SIGNOFF_PENDING","3f4b3abb6155a0945691193519234025735c95f553690c16bd428e9de68adbed","73272cc69ebc72bc8c552bb940b4a3eb6590c783","Read current typed record source comments with corrected programme claims review; source transcription is not fresh WTIA approval; no new brand, winner, funder, count or entitlement invented"
"programme cpai","partnerCertificateEn","en","content/programs/cpai.ts:partnerCertificateEn","WTIA programme / content owner","ARCHIVE_SOURCED_OR_EXPLICIT_DRAFT_OWNER_SIGNOFF_PENDING","469fe8d2461229014e3993882957c312907a6a04803ebf29f19336b289c53fa1","73272cc69ebc72bc8c552bb940b4a3eb6590c783","Read current typed record source comments with corrected programme claims review; source transcription is not fresh WTIA approval; no new brand, winner, funder, count or entitlement invented"
"programme cpai","partnerCertificateZh","zh-HK","content/programs/cpai.ts:partnerCertificateZh","WTIA programme / content owner","ARCHIVE_SOURCED_OR_EXPLICIT_DRAFT_OWNER_SIGNOFF_PENDING","e2f979b7684cbb9fb99e2ed69dc7db8771af905316f17fe43b936a1c31170c02","73272cc69ebc72bc8c552bb940b4a3eb6590c783","Read current typed record source comments with corrected programme claims review; source transcription is not fresh WTIA approval; no new brand, winner, funder, count or entitlement invented"
"programme cpai","syllabus[0].titleEn","en","content/programs/cpai.ts:syllabus[0].titleEn","WTIA programme / content owner","ARCHIVE_SOURCED_OR_EXPLICIT_DRAFT_OWNER_SIGNOFF_PENDING","bf837a1b956d87c7cf18a191222245bd291541e3da1d25df5863e4adca22e880","73272cc69ebc72bc8c552bb940b4a3eb6590c783","Read current typed record source comments with corrected programme claims review; source transcription is not fresh WTIA approval; no new brand, winner, funder, count or entitlement invented"
"programme cpai","syllabus[0].titleZh","zh-HK","content/programs/cpai.ts:syllabus[0].titleZh","WTIA programme / content owner","ARCHIVE_SOURCED_OR_EXPLICIT_DRAFT_OWNER_SIGNOFF_PENDING","808dabc7d692b42bec9887b80d2788a54989aeef7fc2a44781cffacd41f9b242","73272cc69ebc72bc8c552bb940b4a3eb6590c783","Read current typed record source comments with corrected programme claims review; source transcription is not fresh WTIA approval; no new brand, winner, funder, count or entitlement invented"
"programme cpai","syllabus[1].titleEn","en","content/programs/cpai.ts:syllabus[1].titleEn","WTIA programme / content owner","ARCHIVE_SOURCED_OR_EXPLICIT_DRAFT_OWNER_SIGNOFF_PENDING","7686e967d3de122762b1a4cfd5cb202ec47f3eb6a92b4a5632103daf069cb0d2","73272cc69ebc72bc8c552bb940b4a3eb6590c783","Read current typed record source comments with corrected programme claims review; source transcription is not fresh WTIA approval; no new brand, winner, funder, count or entitlement invented"
"programme cpai","syllabus[1].titleZh","zh-HK","content/programs/cpai.ts:syllabus[1].titleZh","WTIA programme / content owner","ARCHIVE_SOURCED_OR_EXPLICIT_DRAFT_OWNER_SIGNOFF_PENDING","67f9a415c1680b186e81f83fe8fcd87fbb3fb992ef7c4268e4c7e06dd3460b7a","73272cc69ebc72bc8c552bb940b4a3eb6590c783","Read current typed record source comments with corrected programme claims review; source transcription is not fresh WTIA approval; no new brand, winner, funder, count or entitlement invented"
"programme cpai","syllabus[2].titleEn","en","content/programs/cpai.ts:syllabus[2].titleEn","WTIA programme / content owner","ARCHIVE_SOURCED_OR_EXPLICIT_DRAFT_OWNER_SIGNOFF_PENDING","388d7aba2a24dbcc06e49f49397c0682d94d6a406077ef7117d43e3474ad88f5","73272cc69ebc72bc8c552bb940b4a3eb6590c783","Read current typed record source comments with corrected programme claims review; source transcription is not fresh WTIA approval; no new brand, winner, funder, count or entitlement invented"
"programme cpai","syllabus[2].titleZh","zh-HK","content/programs/cpai.ts:syllabus[2].titleZh","WTIA programme / content owner","ARCHIVE_SOURCED_OR_EXPLICIT_DRAFT_OWNER_SIGNOFF_PENDING","e4a188b5e1c9c07a023f50bb6067a55c9d625c973d327dd309283833337cc634","73272cc69ebc72bc8c552bb940b4a3eb6590c783","Read current typed record source comments with corrected programme claims review; source transcription is not fresh WTIA approval; no new brand, winner, funder, count or entitlement invented"
"programme cpai","syllabus[3].titleEn","en","content/programs/cpai.ts:syllabus[3].titleEn","WTIA programme / content owner","ARCHIVE_SOURCED_OR_EXPLICIT_DRAFT_OWNER_SIGNOFF_PENDING","3471cba9ce0d03ab0dbfc3686e8edf014013c3ee358f03edd31202e9d3934269","73272cc69ebc72bc8c552bb940b4a3eb6590c783","Read current typed record source comments with corrected programme claims review; source transcription is not fresh WTIA approval; no new brand, winner, funder, count or entitlement invented"
"programme cpai","syllabus[3].titleZh","zh-HK","content/programs/cpai.ts:syllabus[3].titleZh","WTIA programme / content owner","ARCHIVE_SOURCED_OR_EXPLICIT_DRAFT_OWNER_SIGNOFF_PENDING","9e4c0b77743a90adc74e13d8cfdabd996a8e276a0d9e003a1dc334f6678be59f","73272cc69ebc72bc8c552bb940b4a3eb6590c783","Read current typed record source comments with corrected programme claims review; source transcription is not fresh WTIA approval; no new brand, winner, funder, count or entitlement invented"
"programme cpai","images[0].src","typed","content/programs/cpai.ts:images[0].src","WTIA programme / content owner","ARCHIVE_SOURCED_OR_EXPLICIT_DRAFT_OWNER_SIGNOFF_PENDING","b8a746f88318721736a553cf69e320d68789aac8d99336c9d938322da2afc44f","73272cc69ebc72bc8c552bb940b4a3eb6590c783","Read current typed record source comments with corrected programme claims review; source transcription is not fresh WTIA approval; no new brand, winner, funder, count or entitlement invented"
"programme cpai","images[0].altEn","en","content/programs/cpai.ts:images[0].altEn","WTIA programme / content owner","ARCHIVE_SOURCED_OR_EXPLICIT_DRAFT_OWNER_SIGNOFF_PENDING","1638e3be50b12d0217c148240e060e47304c0b463a207bf336e22208d9fee4da","73272cc69ebc72bc8c552bb940b4a3eb6590c783","Read current typed record source comments with corrected programme claims review; source transcription is not fresh WTIA approval; no new brand, winner, funder, count or entitlement invented"
"programme cpai","images[0].altZh","zh-HK","content/programs/cpai.ts:images[0].altZh","WTIA programme / content owner","ARCHIVE_SOURCED_OR_EXPLICIT_DRAFT_OWNER_SIGNOFF_PENDING","f3ba8a9f824b9109b0845d141e12ac64c5204cdf5d8200571879df02549b0672","73272cc69ebc72bc8c552bb940b4a3eb6590c783","Read current typed record source comments with corrected programme claims review; source transcription is not fresh WTIA approval; no new brand, winner, funder, count or entitlement invented"
"programme tct","id","typed","content/programs/tct.ts:id","WTIA programme / content owner","ARCHIVE_SOURCED_OR_EXPLICIT_DRAFT_OWNER_SIGNOFF_PENDING","01163c40265a8e4e53e6af2ec6c0917a8454ec7d6cb9e59aefb754367d4663f1","73272cc69ebc72bc8c552bb940b4a3eb6590c783","Read current typed record source comments with corrected programme claims review; source transcription is not fresh WTIA approval; no new brand, winner, funder, count or entitlement invented"
"programme tct","editions[0].labelEn","en","content/programs/tct.ts:editions[0].labelEn","WTIA programme / content owner","ARCHIVE_SOURCED_OR_EXPLICIT_DRAFT_OWNER_SIGNOFF_PENDING","0f966287818661e42d1f5856eed81ebaf0aab2f6f3b9b0b9f3426ca421516d61","73272cc69ebc72bc8c552bb940b4a3eb6590c783","Read current typed record source comments with corrected programme claims review; source transcription is not fresh WTIA approval; no new brand, winner, funder, count or entitlement invented"
"programme tct","editions[0].labelZh","zh-HK","content/programs/tct.ts:editions[0].labelZh","WTIA programme / content owner","ARCHIVE_SOURCED_OR_EXPLICIT_DRAFT_OWNER_SIGNOFF_PENDING","0f966287818661e42d1f5856eed81ebaf0aab2f6f3b9b0b9f3426ca421516d61","73272cc69ebc72bc8c552bb940b4a3eb6590c783","Read current typed record source comments with corrected programme claims review; source transcription is not fresh WTIA approval; no new brand, winner, funder, count or entitlement invented"
"programme tct","editions[0].year","typed","content/programs/tct.ts:editions[0].year","WTIA programme / content owner","ARCHIVE_SOURCED_OR_EXPLICIT_DRAFT_OWNER_SIGNOFF_PENDING","1bea20e1df19b12013976de2b5e0e3d1fb4ba088b59fe53642c324298b21ffd9","73272cc69ebc72bc8c552bb940b4a3eb6590c783","Read current typed record source comments with corrected programme claims review; source transcription is not fresh WTIA approval; no new brand, winner, funder, count or entitlement invented"
"programme tct","editions[0].shapeEn","en","content/programs/tct.ts:editions[0].shapeEn","WTIA programme / content owner","ARCHIVE_SOURCED_OR_EXPLICIT_DRAFT_OWNER_SIGNOFF_PENDING","7d0e6c7e1bbe2f2b638f945df89aef7794dece1ed89e25389baf5b02837fd09a","73272cc69ebc72bc8c552bb940b4a3eb6590c783","Read current typed record source comments with corrected programme claims review; source transcription is not fresh WTIA approval; no new brand, winner, funder, count or entitlement invented"
"programme tct","editions[0].shapeZh","zh-HK","content/programs/tct.ts:editions[0].shapeZh","WTIA programme / content owner","ARCHIVE_SOURCED_OR_EXPLICIT_DRAFT_OWNER_SIGNOFF_PENDING","6458e54d88064857266c7968811cb0e1f67e95c44386ff865981782751e8307f","73272cc69ebc72bc8c552bb940b4a3eb6590c783","Read current typed record source comments with corrected programme claims review; source transcription is not fresh WTIA approval; no new brand, winner, funder, count or entitlement invented"
"programme tct","editions[0].funder.kind","typed","content/programs/tct.ts:editions[0].funder.kind","WTIA programme / content owner","ARCHIVE_SOURCED_OR_EXPLICIT_DRAFT_OWNER_SIGNOFF_PENDING","6a1f654b03850bc338f9de5366c409cd3d8f7ffe72100f21a7ed58bd36998bda","73272cc69ebc72bc8c552bb940b4a3eb6590c783","Read current typed record source comments with corrected programme claims review; source transcription is not fresh WTIA approval; no new brand, winner, funder, count or entitlement invented"
"programme tct","editions[1].labelEn","en","content/programs/tct.ts:editions[1].labelEn","WTIA programme / content owner","ARCHIVE_SOURCED_OR_EXPLICIT_DRAFT_OWNER_SIGNOFF_PENDING","54e3c651b7205cd080c349f013c6933e7c64cd01481ff70458d79aff934ff1cb","73272cc69ebc72bc8c552bb940b4a3eb6590c783","Read current typed record source comments with corrected programme claims review; source transcription is not fresh WTIA approval; no new brand, winner, funder, count or entitlement invented"
"programme tct","editions[1].labelZh","zh-HK","content/programs/tct.ts:editions[1].labelZh","WTIA programme / content owner","ARCHIVE_SOURCED_OR_EXPLICIT_DRAFT_OWNER_SIGNOFF_PENDING","54e3c651b7205cd080c349f013c6933e7c64cd01481ff70458d79aff934ff1cb","73272cc69ebc72bc8c552bb940b4a3eb6590c783","Read current typed record source comments with corrected programme claims review; source transcription is not fresh WTIA approval; no new brand, winner, funder, count or entitlement invented"
"programme tct","editions[1].year","typed","content/programs/tct.ts:editions[1].year","WTIA programme / content owner","ARCHIVE_SOURCED_OR_EXPLICIT_DRAFT_OWNER_SIGNOFF_PENDING","d398b29d3dbbb9bf201d4c7e1c19ff9d43c15fd45a0cec46fbe9885ec3f6e97f","73272cc69ebc72bc8c552bb940b4a3eb6590c783","Read current typed record source comments with corrected programme claims review; source transcription is not fresh WTIA approval; no new brand, winner, funder, count or entitlement invented"
"programme tct","editions[1].shapeEn","en","content/programs/tct.ts:editions[1].shapeEn","WTIA programme / content owner","ARCHIVE_SOURCED_OR_EXPLICIT_DRAFT_OWNER_SIGNOFF_PENDING","4c91cba2351b0c074340f90cbe91748a779afdd55af494f5e5404968087cbdfa","73272cc69ebc72bc8c552bb940b4a3eb6590c783","Read current typed record source comments with corrected programme claims review; source transcription is not fresh WTIA approval; no new brand, winner, funder, count or entitlement invented"
"programme tct","editions[1].shapeZh","zh-HK","content/programs/tct.ts:editions[1].shapeZh","WTIA programme / content owner","ARCHIVE_SOURCED_OR_EXPLICIT_DRAFT_OWNER_SIGNOFF_PENDING","732139858afe24c5b15c8a39436179bf6d03f522b14973d8b6f65fab9e618cc2","73272cc69ebc72bc8c552bb940b4a3eb6590c783","Read current typed record source comments with corrected programme claims review; source transcription is not fresh WTIA approval; no new brand, winner, funder, count or entitlement invented"
"programme tct","editions[1].funder.kind","typed","content/programs/tct.ts:editions[1].funder.kind","WTIA programme / content owner","ARCHIVE_SOURCED_OR_EXPLICIT_DRAFT_OWNER_SIGNOFF_PENDING","6ea2cc6389d4c832777612a884a024a36a4f96b28989ceb22d2356c96c46d873","73272cc69ebc72bc8c552bb940b4a3eb6590c783","Read current typed record source comments with corrected programme claims review; source transcription is not fresh WTIA approval; no new brand, winner, funder, count or entitlement invented"
"programme tct","editions[1].funder.schemeEn","en","content/programs/tct.ts:editions[1].funder.schemeEn","WTIA programme / content owner","ARCHIVE_SOURCED_OR_EXPLICIT_DRAFT_OWNER_SIGNOFF_PENDING","bb668b5f8e11b733b93fde3c550c2f22c52c40cff943a38d704ca08417d4d416","73272cc69ebc72bc8c552bb940b4a3eb6590c783","Read current typed record source comments with corrected programme claims review; source transcription is not fresh WTIA approval; no new brand, winner, funder, count or entitlement invented"
"programme tct","editions[1].funder.schemeZh","zh-HK","content/programs/tct.ts:editions[1].funder.schemeZh","WTIA programme / content owner","ARCHIVE_SOURCED_OR_EXPLICIT_DRAFT_OWNER_SIGNOFF_PENDING","bb668b5f8e11b733b93fde3c550c2f22c52c40cff943a38d704ca08417d4d416","73272cc69ebc72bc8c552bb940b4a3eb6590c783","Read current typed record source comments with corrected programme claims review; source transcription is not fresh WTIA approval; no new brand, winner, funder, count or entitlement invented"
"programme tct","editions[1].images[0].src","typed","content/programs/tct.ts:editions[1].images[0].src","WTIA programme / content owner","ARCHIVE_SOURCED_OR_EXPLICIT_DRAFT_OWNER_SIGNOFF_PENDING","c921e3faa52dea9f1ef4f14f04502a9d769331a5c74a767ab79f755167e9d930","73272cc69ebc72bc8c552bb940b4a3eb6590c783","Read current typed record source comments with corrected programme claims review; source transcription is not fresh WTIA approval; no new brand, winner, funder, count or entitlement invented"
"programme tct","editions[1].images[0].altEn","en","content/programs/tct.ts:editions[1].images[0].altEn","WTIA programme / content owner","ARCHIVE_SOURCED_OR_EXPLICIT_DRAFT_OWNER_SIGNOFF_PENDING","f25d22a8157de4f233a29bf6c1313340d6ed7c945d93f3ea5c47d831f2deb1ef","73272cc69ebc72bc8c552bb940b4a3eb6590c783","Read current typed record source comments with corrected programme claims review; source transcription is not fresh WTIA approval; no new brand, winner, funder, count or entitlement invented"
"programme tct","editions[1].images[0].altZh","zh-HK","content/programs/tct.ts:editions[1].images[0].altZh","WTIA programme / content owner","ARCHIVE_SOURCED_OR_EXPLICIT_DRAFT_OWNER_SIGNOFF_PENDING","e7c864ea804ad110a1ccc350503775cefe5c957488fcc71f0ddeaa9d001ea4ed","73272cc69ebc72bc8c552bb940b4a3eb6590c783","Read current typed record source comments with corrected programme claims review; source transcription is not fresh WTIA approval; no new brand, winner, funder, count or entitlement invented"
"programme tct","editions[2].labelEn","en","content/programs/tct.ts:editions[2].labelEn","WTIA programme / content owner","ARCHIVE_SOURCED_OR_EXPLICIT_DRAFT_OWNER_SIGNOFF_PENDING","096b18c45650c5ac5fc5e648e541ba32539be1b0f86409177c2de2da24520389","73272cc69ebc72bc8c552bb940b4a3eb6590c783","Read current typed record source comments with corrected programme claims review; source transcription is not fresh WTIA approval; no new brand, winner, funder, count or entitlement invented"
"programme tct","editions[2].labelZh","zh-HK","content/programs/tct.ts:editions[2].labelZh","WTIA programme / content owner","ARCHIVE_SOURCED_OR_EXPLICIT_DRAFT_OWNER_SIGNOFF_PENDING","e3cdac341a4e867eac254d40ee0ecda8231a7fbf08977fa5701317c17d99b64c","73272cc69ebc72bc8c552bb940b4a3eb6590c783","Read current typed record source comments with corrected programme claims review; source transcription is not fresh WTIA approval; no new brand, winner, funder, count or entitlement invented"
"programme tct","editions[2].year","typed","content/programs/tct.ts:editions[2].year","WTIA programme / content owner","ARCHIVE_SOURCED_OR_EXPLICIT_DRAFT_OWNER_SIGNOFF_PENDING","6557739a67283a8de383fc5c0997fbec7c5721a46f28f3235fc9607598d9016b","73272cc69ebc72bc8c552bb940b4a3eb6590c783","Read current typed record source comments with corrected programme claims review; source transcription is not fresh WTIA approval; no new brand, winner, funder, count or entitlement invented"
"programme tct","editions[2].shapeEn","en","content/programs/tct.ts:editions[2].shapeEn","WTIA programme / content owner","ARCHIVE_SOURCED_OR_EXPLICIT_DRAFT_OWNER_SIGNOFF_PENDING","2048af4c98f3bf2dfe5635a4fa41c7ca90ef2e9e2499558b3569ead136199a64","73272cc69ebc72bc8c552bb940b4a3eb6590c783","Read current typed record source comments with corrected programme claims review; source transcription is not fresh WTIA approval; no new brand, winner, funder, count or entitlement invented"
"programme tct","editions[2].shapeZh","zh-HK","content/programs/tct.ts:editions[2].shapeZh","WTIA programme / content owner","ARCHIVE_SOURCED_OR_EXPLICIT_DRAFT_OWNER_SIGNOFF_PENDING","4913f0de13dbbff0484138f297d2e946cefc254cf51e0a852edeff9ff0fe431e","73272cc69ebc72bc8c552bb940b4a3eb6590c783","Read current typed record source comments with corrected programme claims review; source transcription is not fresh WTIA approval; no new brand, winner, funder, count or entitlement invented"
"programme tct","editions[2].funder.kind","typed","content/programs/tct.ts:editions[2].funder.kind","WTIA programme / content owner","ARCHIVE_SOURCED_OR_EXPLICIT_DRAFT_OWNER_SIGNOFF_PENDING","6a1f654b03850bc338f9de5366c409cd3d8f7ffe72100f21a7ed58bd36998bda","73272cc69ebc72bc8c552bb940b4a3eb6590c783","Read current typed record source comments with corrected programme claims review; source transcription is not fresh WTIA approval; no new brand, winner, funder, count or entitlement invented"
"programme tct","editions[3].labelEn","en","content/programs/tct.ts:editions[3].labelEn","WTIA programme / content owner","ARCHIVE_SOURCED_OR_EXPLICIT_DRAFT_OWNER_SIGNOFF_PENDING","3dfb820ae03df8a12a0fd1ca49c03a905907ee164d225c392c51b8aa6c282ada","73272cc69ebc72bc8c552bb940b4a3eb6590c783","Read current typed record source comments with corrected programme claims review; source transcription is not fresh WTIA approval; no new brand, winner, funder, count or entitlement invented"
"programme tct","editions[3].labelZh","zh-HK","content/programs/tct.ts:editions[3].labelZh","WTIA programme / content owner","ARCHIVE_SOURCED_OR_EXPLICIT_DRAFT_OWNER_SIGNOFF_PENDING","0ed35dfc945f78b86dde7b32a9430e9b4ce3e6d350f93ad7bf498bd0ade3265b","73272cc69ebc72bc8c552bb940b4a3eb6590c783","Read current typed record source comments with corrected programme claims review; source transcription is not fresh WTIA approval; no new brand, winner, funder, count or entitlement invented"
"programme tct","editions[3].year","typed","content/programs/tct.ts:editions[3].year","WTIA programme / content owner","ARCHIVE_SOURCED_OR_EXPLICIT_DRAFT_OWNER_SIGNOFF_PENDING","158a323a7ba44870f23d96f1516dd70aa48e9a72db4ebb026b0a89e212a208ab","73272cc69ebc72bc8c552bb940b4a3eb6590c783","Read current typed record source comments with corrected programme claims review; source transcription is not fresh WTIA approval; no new brand, winner, funder, count or entitlement invented"
"programme tct","editions[3].shapeEn","en","content/programs/tct.ts:editions[3].shapeEn","WTIA programme / content owner","ARCHIVE_SOURCED_OR_EXPLICIT_DRAFT_OWNER_SIGNOFF_PENDING","6ceb2889c1337017302cffc5d921da130273509125a063f7398c0da4b71ca25b","73272cc69ebc72bc8c552bb940b4a3eb6590c783","Read current typed record source comments with corrected programme claims review; source transcription is not fresh WTIA approval; no new brand, winner, funder, count or entitlement invented"
"programme tct","editions[3].shapeZh","zh-HK","content/programs/tct.ts:editions[3].shapeZh","WTIA programme / content owner","ARCHIVE_SOURCED_OR_EXPLICIT_DRAFT_OWNER_SIGNOFF_PENDING","491b260b2d9553731ebf592e1bf0737b31321e1156fed4f709e907091050f82c","73272cc69ebc72bc8c552bb940b4a3eb6590c783","Read current typed record source comments with corrected programme claims review; source transcription is not fresh WTIA approval; no new brand, winner, funder, count or entitlement invented"
"programme tct","editions[3].funder.kind","typed","content/programs/tct.ts:editions[3].funder.kind","WTIA programme / content owner","ARCHIVE_SOURCED_OR_EXPLICIT_DRAFT_OWNER_SIGNOFF_PENDING","6a1f654b03850bc338f9de5366c409cd3d8f7ffe72100f21a7ed58bd36998bda","73272cc69ebc72bc8c552bb940b4a3eb6590c783","Read current typed record source comments with corrected programme claims review; source transcription is not fresh WTIA approval; no new brand, winner, funder, count or entitlement invented"
"company public content","id","typed","lib/db/repos/company-profiles.ts:existing approved profile workflow","Company manager then authorized staff","ROW_APPROVAL_REQUIRED","99f14a82fadb96f4bdb3093716b91953272d490fdf577f2efdc103e22e2bf701","73272cc69ebc72bc8c552bb940b4a3eb6590c783","Attachment rechecks owned active media under row lock; archive blocked while referenced; no synthetic source mapped to real members"
"company public content","legalName","typed","lib/db/repos/company-profiles.ts:existing approved profile workflow","Company manager then authorized staff","ROW_APPROVAL_REQUIRED","05fe44a3d43692fb42ca9253158d5079f92268da267631d276b138647c0e5d1e","73272cc69ebc72bc8c552bb940b4a3eb6590c783","Attachment rechecks owned active media under row lock; archive blocked while referenced; no synthetic source mapped to real members"
"company public content","displayName","typed","lib/db/repos/company-profiles.ts:existing approved profile workflow","Company manager then authorized staff","ROW_APPROVAL_REQUIRED","b315a8c46d898e08938e56d06782d6db0af13260e8c838ec7db1799873f5b3bc","73272cc69ebc72bc8c552bb940b4a3eb6590c783","Attachment rechecks owned active media under row lock; archive blocked while referenced; no synthetic source mapped to real members"
"company public content","description","typed","lib/db/repos/company-profiles.ts:existing approved profile workflow","Company manager then authorized staff","ROW_APPROVAL_REQUIRED","3d1307b130760f9215a388d268ed92b09490ece8aee7af80c3f49922c770baf9","73272cc69ebc72bc8c552bb940b4a3eb6590c783","Attachment rechecks owned active media under row lock; archive blocked while referenced; no synthetic source mapped to real members"
"company public content","website","typed","lib/db/repos/company-profiles.ts:existing approved profile workflow","Company manager then authorized staff","ROW_APPROVAL_REQUIRED","d5b8f5da0e3d2f841bc4809efeadb15d3599fc92c3867034447560ac1ad0b418","73272cc69ebc72bc8c552bb940b4a3eb6590c783","Attachment rechecks owned active media under row lock; archive blocked while referenced; no synthetic source mapped to real members"
"company public content","industry","typed","lib/db/repos/company-profiles.ts:existing approved profile workflow","Company manager then authorized staff","ROW_APPROVAL_REQUIRED","3de0e7fc9fa12466ce4834f0ad5061872746a1ed19ca2b8d9fbc28402da0ca98","73272cc69ebc72bc8c552bb940b4a3eb6590c783","Attachment rechecks owned active media under row lock; archive blocked while referenced; no synthetic source mapped to real members"
"company public content","sizeBand","typed","lib/db/repos/company-profiles.ts:existing approved profile workflow","Company manager then authorized staff","ROW_APPROVAL_REQUIRED","3b1a973324cd3f802c04ee97706a51b019e4b99b0eeb7e7e72a8a7b8f17936ae","73272cc69ebc72bc8c552bb940b4a3eb6590c783","Attachment rechecks owned active media under row lock; archive blocked while referenced; no synthetic source mapped to real members"
"company public content","logoMediaId","typed","lib/db/repos/company-profiles.ts:existing approved profile workflow","Company manager then authorized staff","ROW_APPROVAL_REQUIRED","b91f5e4b59503a4b9ab150b837b55f863366356be4fb1c7ecbfa0907f57fb968","73272cc69ebc72bc8c552bb940b4a3eb6590c783","Attachment rechecks owned active media under row lock; archive blocked while referenced; no synthetic source mapped to real members"
"company public content","publicProfileStatus","typed","lib/db/repos/company-profiles.ts:existing approved profile workflow","Company manager then authorized staff","ROW_APPROVAL_REQUIRED","ed896edfc85877aa0ea44dcd4c9b4bf026cd3a9908c7ca83ff87e9dcdb30a0c3","73272cc69ebc72bc8c552bb940b4a3eb6590c783","Attachment rechecks owned active media under row lock; archive blocked while referenced; no synthetic source mapped to real members"
"company public content","directoryVisible","typed","lib/db/repos/company-profiles.ts:existing approved profile workflow","Company manager then authorized staff","ROW_APPROVAL_REQUIRED","4ccedeeac276577a3e3c40e0d4c15a8e345f5f2e0c6ec91db6ee149711cd8edf","73272cc69ebc72bc8c552bb940b4a3eb6590c783","Attachment rechecks owned active media under row lock; archive blocked while referenced; no synthetic source mapped to real members"
"metric semantics","profileRecords","typed","lib/db/repos/admin-dashboard.ts / lib/home/impact-metrics.ts","WTIA operations owner","ENGINEERING_SEMANTICS_REGRESSION_VERIFIED_BUSINESS_SIGNOFF_PENDING","578ab2844eded37a50ea76b9ad843366cf07b3e49165cac3f44713a07d784702","73272cc69ebc72bc8c552bb940b4a3eb6590c783","all profile records; no entitlement implication"
"metric semantics","activeMemberships","typed","lib/db/repos/admin-dashboard.ts / lib/home/impact-metrics.ts","WTIA operations owner","ENGINEERING_SEMANTICS_REGRESSION_VERIFIED_BUSINESS_SIGNOFF_PENDING","2c1bb5a6a70fef962d45e7ee51c493356c1417a79054ae000022452238600107","73272cc69ebc72bc8c552bb940b4a3eb6590c783","membership rows status active, including free/special grants; not paid profiles"
"metric semantics","companySeats","typed","lib/db/repos/admin-dashboard.ts / lib/home/impact-metrics.ts","WTIA operations owner","ENGINEERING_SEMANTICS_REGRESSION_VERIFIED_BUSINESS_SIGNOFF_PENDING","e6fdab24dd3d2a0b70999fd73668d07fbce69d8d2bafeeaa5c334f6e19bc6ac8","73272cc69ebc72bc8c552bb940b4a3eb6590c783","company_members rows revoked_at IS NULL; separate from active memberships"
"metric semantics","pastEvents","typed","lib/db/repos/admin-dashboard.ts / lib/home/impact-metrics.ts","WTIA operations owner","ENGINEERING_SEMANTICS_REGRESSION_VERIFIED_BUSINESS_SIGNOFF_PENDING","cc3908047982efc50788b65058bde9014bb898efd5c7317fefeacba18053657e","73272cc69ebc72bc8c552bb940b4a3eb6590c783","published public past events, demo excluded; zero/read-failure tile omitted"
"metric semantics","publishedPartners","typed","lib/db/repos/admin-dashboard.ts / lib/home/impact-metrics.ts","WTIA operations owner","ENGINEERING_SEMANTICS_REGRESSION_VERIFIED_BUSINESS_SIGNOFF_PENDING","43e45677c24abc8308bd1cedba6957e3e942f9f3643f50b5c58b98b736a2922c","73272cc69ebc72bc8c552bb940b4a3eb6590c783","published partner rows; no invented missing URL"
"metric semantics","asaRegions","typed","lib/db/repos/admin-dashboard.ts / lib/home/impact-metrics.ts","WTIA operations owner","ENGINEERING_SEMANTICS_REGRESSION_VERIFIED_BUSINESS_SIGNOFF_PENDING","4378744cc083bf71a77ae706f7cf8e8dd3030c85a6702a2c9531e46704211e8b","73272cc69ebc72bc8c552bb940b4a3eb6590c783","latest recorded typed edition regions, year and kind preserved"
"partners","all 79 relation and logo display","typed","explicit owner authorization in this execution session","WTIA association owner","OWNER_AUTHORIZED_RELATION_AND_LOGO_DISPLAY","1f533741d5872cf64778866e339e39551bca410b6645703390b78619f78bb1e1","73272cc69ebc72bc8c552bb940b4a3eb6590c783","Authorization covers existing 79 relations/logo display; website destinations require their own approved stored URL; no inferred URL"
